scenario_id,file,technology_scenario,is_baseline,purchase_price_policy,fossil_fuel_tax_base,tax_indexation,gdp_indexation,ets2,gasoline_2026,diesel_2026,bev_2026,phev_2026,hev_2026,gasoline_2030,diesel_2030,bev_2030,phev_2030,hev_2030,gasoline_2035,diesel_2035,bev_2035,phev_2035,hev_2035,delta_pp_gasoline_2026,delta_pp_diesel_2026,delta_pp_bev_2026,delta_pp_phev_2026,delta_pp_hev_2026,delta_pp_gasoline_2030,delta_pp_diesel_2030,delta_pp_bev_2030,delta_pp_phev_2030,delta_pp_hev_2030,delta_pp_gasoline_2035,delta_pp_diesel_2035,delta_pp_bev_2035,delta_pp_phev_2035,delta_pp_hev_2035
conservative-technology--purchase-adopted--tax-adopted--index-adopted--gdp-off--ets2-adopted,scenarios/conservative-technology--purchase-adopted--tax-adopted--index-adopted--gdp-off--ets2-adopted.json,conservative_technology,True,adopted,adopted,adopted,off,adopted,0.2537143511,0.0714931874,0.37,0.2111532827,0.0936391788,0.1801507026,0.0525665885,0.5,0.1967188772,0.0705638316,0.1233714691,0.0355979373,0.65,0.1427299884,0.0483006052,0.0,0.0,0.0,0.0,0.0,0.0,0.0,0.0,0.0,0.0,0.0,0.0,0.0,0.0,0.0
conservative-technology--purchase-adopted--tax-adopted--index-adopted--gdp-off--ets2-high-market,scenarios/conservative-technology--purchase-adopted--tax-adopted--index-adopted--gdp-off--ets2-high-market.json,conservative_technology,False,adopted,adopted,adopted,off,high_market,0.2537143511,0.0714931874,0.37,0.2111532827,0.0936391788,0.1615423456,0.0497435071,0.516056069,0.204839811,0.0678182674,0.1044615442,0.0325313746,0.6694758527,0.1485143136,0.0450169148,0.0,0.0,0.0,0.0,0.0,-1.8608357082,-0.2823081469,1.6056068992,0.8120933736,-0.2745564177,-1.8909924933,-0.3066562685,1.9475852774,0.578432519,-0.3283690346
conservative-technology--purchase-adopted--tax-adopted--index-adopted--gdp-off--ets2-off,scenarios/conservative-technology--purchase-adopted--tax-adopted--index-adopted--gdp-off--ets2-off.json,conservative_technology,False,adopted,adopted,adopted,off,off,0.2537143511,0.0714931874,0.37,0.2111532827,0.0936391788,0.2023506323,0.0556952008,0.4814873495,0.187077408,0.0733894093,0.1450208914,0.0388037491,0.6286529509,0.1360121128,0.0515102958,0.0,0.0,0.0,0.0,0.0,2.2199929703,0.3128612231,-1.8512650464,-0.964146918,0.2825577709,2.1649422258,0.3205811779,-2.1347049093,-0.671787557,0.3209690627
conservative-technology--purchase-adopted--tax-adopted--index-adopted--gdp-on--ets2-adopted,scenarios/conservative-technology--purchase-adopted--tax-adopted--index-adopted--gdp-on--ets2-adopted.json,conservative_technology,False,adopted,adopted,adopted,on,adopted,0.2522858948,0.0715185071,0.3709025487,0.2117636651,0.0935293843,0.1750983812,0.0524732279,0.5039970894,0.1984845281,0.0699467733,0.1162766218,0.0353021978,0.656758926,0.1444068715,0.047255383,-0.1428456338,0.0025319778,0.090254872,0.0610382385,-0.0109794544,-0.5052321442,-0.0093360636,0.3997089442,0.1765650901,-0.0617058265,-0.709484737,-0.0295739509,0.6758925998,0.1676883098,-0.1045222217
conservative-technology--purchase-adopted--tax-adopted--index-adopted--gdp-on--ets2-high-market,scenarios/conservative-technology--purchase-adopted--tax-adopted--index-adopted--gdp-on--ets2-high-market.json,conservative_technology,False,adopted,adopted,adopted,on,high_market,0.2522858948,0.0715185071,0.3709025487,0.2117636651,0.0935293843,0.1572930291,0.0496276021,0.5195496882,0.2063083335,0.0672213471,0.0990005487,0.0322442924,0.6749523535,0.1497237951,0.0440790104,-0.1428456338,0.0025319778,0.090254872,0.0610382385,-0.0109794544,-2.2857673515,-0.2938986418,1.9549688168,0.9589456262,-0.3342484497,-2.4370920481,-0.3353644924,2.4952353516,0.6993806671,-0.4221594783
conservative-technology--purchase-adopted--tax-adopted--index-adopted--gdp-on--ets2-off,scenarios/conservative-technology--purchase-adopted--tax-adopted--index-adopted--gdp-on--ets2-off.json,conservative_technology,False,adopted,adopted,adopted,on,off,0.2522858948,0.0715185071,0.3709025487,0.2117636651,0.0935293843,0.1962742542,0.0556402159,0.4861137455,0.1892074701,0.0727643143,0.1358701243,0.038516733,0.6369892995,0.1382530165,0.0503708266,-0.1428456338,0.0025319778,0.090254872,0.0610382385,-0.0109794544,1.6123551567,0.3073627347,-1.3886254541,-0.7511407091,0.2200482718,1.2498655167,0.2918795715,-1.3010700444,-0.4476971892,0.2070221455
conservative-technology--purchase-adopted--tax-adopted--index-cpi-indexed--gdp-off--ets2-adopted,scenarios/conservative-technology--purchase-adopted--tax-adopted--index-cpi-indexed--gdp-off--ets2-adopted.json,conservative_technology,False,adopted,adopted,cpi_indexed,off,adopted,0.2578256693,0.0718132895,0.3672393087,0.2091315855,0.0939901469,0.1791040525,0.0528195037,0.5006957709,0.1969047178,0.0704759551,0.1191452766,0.0356097888,0.6539107062,0.1436201015,0.0477141269,0.4111318195,0.0320102151,-0.2760691259,-0.2021697194,0.0350968106,-0.1046650169,0.0252915192,0.0695770878,0.0185840561,-0.0087876463,-0.4226192568,0.0011851445,0.3910706271,0.0890113124,-0.0586478273
conservative-technology--purchase-adopted--tax-adopted--index-cpi-indexed--gdp-off--ets2-high-market,scenarios/conservative-technology--purchase-adopted--tax-adopted--index-cpi-indexed--gdp-off--ets2-high-market.json,conservative_technology,False,adopted,adopted,cpi_indexed,off,high_market,0.2578256693,0.0718132895,0.3672393087,0.2091315855,0.0939901469,0.1606692894,0.0499520757,0.5166645012,0.2049826641,0.0677314697,0.1012186947,0.0325096228,0.6726402065,0.1491420505,0.0444894256,0.4111318195,0.0320102151,-0.2760691259,-0.2021697194,0.0350968106,-1.9481413242,-0.261451283,1.6664501155,0.8263786843,-0.2832361926,-2.2152774406,-0.3088314529,2.2640206477,0.6412062067,-0.3811179609
conservative-technology--purchase-adopted--tax-adopted--index-cpi-indexed--gdp-off--ets2-off,scenarios/conservative-technology--purchase-adopted--tax-adopted--index-cpi-indexed--gdp-off--ets2-off.json,conservative_technology,False,adopted,adopted,cpi_indexed,off,off,0.2578256693,0.0718132895,0.3672393087,0.2091315855,0.0939901469,0.2010793854,0.0560075037,0.4822926484,0.1873171292,0.0733033333,0.1395514978,0.0388698772,0.6334843721,0.137220863,0.0508733898,0.4111318195,0.0320102151,-0.2760691259,-0.2021697194,0.0350968106,2.0928682724,0.3440915115,-1.7707351577,-0.9401747977,0.2739501715,1.618002868,0.3271939927,-1.6515627919,-0.5509125343,0.2572784655
conservative-technology--purchase-adopted--tax-adopted--index-cpi-indexed--gdp-on--ets2-adopted,scenarios/conservative-technology--purchase-adopted--tax-adopted--index-cpi-indexed--gdp-on--ets2-adopted.json,conservative_technology,False,adopted,adopted,cpi_indexed,on,adopted,0.2564258178,0.0718476047,0.3681153221,0.2097235086,0.0938877469,0.1740159266,0.05273666,0.5047243386,0.198671946,0.0698511288,0.1117867637,0.035281845,0.6610068571,0.1453360602,0.046588474,0.2711466652,0.03544173,-0.1884677926,-0.1429774058,0.0248568033,-0.6134776083,0.0170071479,0.4724338612,0.195306876,-0.0712702768,-1.1584705475,-0.0316092282,1.1006857165,0.2606071793,-0.1712131201
conservative-technology--purchase-adopted--tax-adopted--index-cpi-indexed--gdp-on--ets2-high-market,scenarios/conservative-technology--purchase-adopted--tax-adopted--index-cpi-indexed--gdp-on--ets2-high-market.json,conservative_technology,False,adopted,adopted,cpi_indexed,on,high_market,0.2564258178,0.0718476047,0.3681153221,0.2097235086,0.0938877469,0.1563874839,0.0498454975,0.5201874767,0.2064520126,0.0671275294,0.0955234302,0.032197319,0.6784198973,0.1503781554,0.0434811982,0.2711466652,0.03544173,-0.1884677926,-0.1429774058,0.0248568033,-2.3763218779,-0.2721091057,2.0187476656,0.9733135432,-0.3436302251,-2.784803894,-0.3400618352,2.8419897296,0.7648167018,-0.4819407022
conservative-technology--purchase-adopted--tax-adopted--index-cpi-indexed--gdp-on--ets2-off,scenarios/conservative-technology--purchase-adopted--tax-adopted--index-cpi-indexed--gdp-on--ets2-off.json,conservative_technology,False,adopted,adopted,cpi_indexed,on,off,0.2564258178,0.0718476047,0.3681153221,0.2097235086,0.0938877469,0.1949638966,0.0559643559,0.486952672,0.1894495836,0.0726694919,0.1301172217,0.0385405451,0.6421870793,0.1395135341,0.0496416198,0.2711466652,0.03544173,-0.1884677926,-0.1429774058,0.0248568033,1.4813193917,0.3397767383,-1.3047328036,-0.7269293605,0.210566034,0.6745752583,0.294260783,-0.7812920719,-0.3216454268,0.1341014574
conservative-technology--purchase-adopted--tax-plus30--index-adopted--gdp-off--ets2-adopted,scenarios/conservative-technology--purchase-adopted--tax-plus30--index-adopted--gdp-off--ets2-adopted.json,conservative_technology,False,adopted,plus30,adopted,off,adopted,0.2289399424,0.071693156,0.3860025928,0.2218724522,0.0914918566,0.1628327989,0.0521376533,0.5139091984,0.2027849149,0.0683354345,0.1114118421,0.0350605351,0.6614812949,0.1455483689,0.046497959,-2.4774408746,0.0199968671,1.6002592861,1.0719169485,-0.214732227,-1.7317903704,-0.042893525,1.3909198394,0.6066037657,-0.2228397097,-1.1959627027,-0.0537402172,1.1481294921,0.2818380507,-0.180264623
conservative-technology--purchase-adopted--tax-plus30--index-adopted--gdp-off--ets2-high-market,scenarios/conservative-technology--purchase-adopted--tax-plus30--index-adopted--gdp-off--ets2-high-market.json,conservative_technology,False,adopted,plus30,adopted,off,high_market,0.2289399424,0.071693156,0.3860025928,0.2218724522,0.0914918566,0.1469249628,0.0492579705,0.5282527874,0.2098912654,0.065673014,0.0952272739,0.0320179083,0.6788063468,0.150547508,0.043400963,-2.4774408746,0.0199968671,1.6002592861,1.0719169485,-0.214732227,-3.3225739844,-0.3308618034,2.8252787354,1.3172388179,-0.4890817655,-2.8144195198,-0.3580029018,2.8806346871,0.7817519562,-0.4899642216
conservative-technology--purchase-adopted--tax-plus30--index-adopted--gdp-off--ets2-off,scenarios/conservative-technology--purchase-adopted--tax-plus30--index-adopted--gdp-off--ets2-off.json,conservative_technology,False,adopted,plus30,adopted,off,off,0.2289399424,0.071693156,0.3860025928,0.2218724522,0.0914918566,0.1816071381,0.0553681506,0.4975263697,0.1943848538,0.0711134878,0.1296473851,0.0382678222,0.6427680844,0.1397757058,0.0495410025,-2.4774408746,0.0199968671,1.6002592861,1.0719169485,-0.214732227,0.1456435416,0.2801562083,-0.2473630276,-0.2334023428,0.0549656205,0.6275915969,0.2669884934,-0.7231915624,-0.2954282618,0.124039734
conservative-technology--purchase-adopted--tax-plus30--index-adopted--gdp-on--ets2-adopted,scenarios/conservative-technology--purchase-adopted--tax-plus30--index-adopted--gdp-on--ets2-adopted.json,conservative_technology,False,adopted,plus30,adopted,on,adopted,0.2273679662,0.071687824,0.3870446028,0.2225621101,0.0913374969,0.1572738171,0.0519311214,0.5185070837,0.2047387101,0.0675492677,0.1036557782,0.034603605,0.6691747937,0.1473493574,0.0452164658,-2.634638491,0.0194636658,1.7044602771,1.1408827403,-0.2301681922,-2.2876885544,-0.0635467118,1.8507083704,0.8019832888,-0.3014563929,-1.9715690985,-0.0994332327,1.9174793729,0.4619368986,-0.3084139403
conservative-technology--purchase-adopted--tax-plus30--index-adopted--gdp-on--ets2-high-market,scenarios/conservative-technology--purchase-adopted--tax-plus30--index-adopted--gdp-on--ets2-high-market.json,conservative_technology,False,adopted,plus30,adopted,on,high_market,0.2273679662,0.071687824,0.3870446028,0.2225621101,0.0913374969,0.1422011549,0.0490459363,0.5323089573,0.2115219583,0.0649219932,0.0891613646,0.0316017802,0.6851340529,0.1518469498,0.0422558524,-2.634638491,0.0194636658,1.7044602771,1.1408827403,-0.2301681922,-3.7949547726,-0.3520652241,3.2308957264,1.4803081124,-0.5641838421,-3.4210104541,-0.3996157063,3.5134052936,0.9116961433,-0.6044752765
conservative-technology--purchase-adopted--tax-plus30--index-adopted--gdp-on--ets2-off,scenarios/conservative-technology--purchase-adopted--tax-plus30--index-adopted--gdp-on--ets2-off.json,conservative_technology,False,adopted,plus30,adopted,on,off,0.2273679662,0.071687824,0.3870446028,0.2225621101,0.0913374969,0.1749995795,0.0551763701,0.5027916163,0.1967321899,0.0703002442,0.1198139611,0.0377766591,0.6521036701,0.142174447,0.0481312627,-2.634638491,0.0194636658,1.7044602771,1.1408827403,-0.2301681922,-0.5151123158,0.2609781582,0.2791616277,0.0013312695,-0.0263587397,-0.3557508033,0.217872183,0.2103670131,-0.0555541405,-0.0169342523
conservative-technology--purchase-adopted--tax-plus30--index-cpi-indexed--gdp-off--ets2-adopted,scenarios/conservative-technology--purchase-adopted--tax-plus30--index-cpi-indexed--gdp-off--ets2-adopted.json,conservative_technology,False,adopted,plus30,cpi_indexed,off,adopted,0.2334820615,0.0721847657,0.3828010575,0.2195528109,0.0919793044,0.1616764078,0.0524241702,0.5147082382,0.2029710071,0.0682201767,0.1067721001,0.0350141283,0.6659437351,0.1464944118,0.0457756247,-2.023228962,0.0691578288,1.280105756,0.8399528257,-0.1659874486,-1.8474294837,-0.0142418361,1.4708238226,0.6252129874,-0.2343654902,-1.6599369077,-0.0583808983,1.5943735112,0.3764423398,-0.252498045
conservative-technology--purchase-adopted--tax-plus30--index-cpi-indexed--gdp-off--ets2-high-market,scenarios/conservative-technology--purchase-adopted--tax-plus30--index-cpi-indexed--gdp-off--ets2-high-market.json,conservative_technology,False,adopted,plus30,cpi_indexed,off,high_market,0.2334820615,0.0721847657,0.3828010575,0.2195528109,0.0919793044,0.1459505467,0.0494967627,0.5289585113,0.2100326329,0.0655615464,0.0916108024,0.0319507056,0.6824713009,0.1512125832,0.0427546079,-2.023228962,0.0691578288,1.280105756,0.8399528257,-0.1659874486,-3.4200155972,-0.3069825818,2.8958511295,1.3313755707,-0.5002285211,-3.176066676,-0.364723174,3.2471300971,0.8482594853,-0.5545997323
conservative-technology--purchase-adopted--tax-plus30--index-cpi-indexed--gdp-off--ets2-off,scenarios/conservative-technology--purchase-adopted--tax-plus30--index-cpi-indexed--gdp-off--ets2-off.json,conservative_technology,False,adopted,plus30,cpi_indexed,off,off,0.2334820615,0.0721847657,0.3828010575,0.2195528109,0.0919793044,0.180218818,0.0557175702,0.4984405932,0.1946265515,0.0709964671,0.1237435012,0.0382573101,0.6481921854,0.1410587564,0.0487482468,-2.023228962,0.0691578288,1.280105756,0.8399528257,-0.1659874486,0.0068115349,0.3150981619,-0.1559406773,-0.2092325736,0.0432635541,0.0372032096,0.2659372823,-0.180781454,-0.1671232011,0.0447641632
conservative-technology--purchase-adopted--tax-plus30--index-cpi-indexed--gdp-on--ets2-adopted,scenarios/conservative-technology--purchase-adopted--tax-plus30--index-cpi-indexed--gdp-on--ets2-adopted.json,conservative_technology,False,adopted,plus30,cpi_indexed,on,adopted,0.2319326751,0.0721913872,0.383816523,0.22022526,0.0918341547,0.1560900916,0.0522269118,0.5193364708,0.2049216965,0.0674248293,0.0988298029,0.0345092041,0.6739505263,0.1483045313,0.0444059354,-2.1781676035,0.0698199817,1.3816523036,0.9071977325,-0.1805024144,-2.4060611034,-0.0339676785,1.933647077,0.8202819328,-0.3139002279,-2.4541666284,-0.1088733221,2.3950526358,0.557454295,-0.3894669803
conservative-technology--purchase-adopted--tax-plus30--index-cpi-indexed--gdp-on--ets2-high-market,scenarios/conservative-technology--purchase-adopted--tax-plus30--index-cpi-indexed--gdp-on--ets2-high-market.json,conservative_technology,False,adopted,plus30,cpi_indexed,on,high_market,0.2319326751,0.0721913872,0.383816523,0.22022526,0.0918341547,0.1412003417,0.0492933386,0.5330438735,0.2116601615,0.0648022847,0.0853599292,0.0314973931,0.6890952766,0.1525154258,0.0415319753,-2.1781676035,0.0698199817,1.3816523036,0.9071977325,-0.1805024144,-3.8950360935,-0.3273249945,3.3043873484,1.4941284313,-0.5761546917,-3.8011539991,-0.4100544226,3.9095276667,0.9785437396,-0.6768629846
conservative-technology--purchase-adopted--tax-plus30--index-cpi-indexed--gdp-on--ets2-off,scenarios/conservative-technology--purchase-adopted--tax-plus30--index-cpi-indexed--gdp-on--ets2-off.json,conservative_technology,False,adopted,plus30,cpi_indexed,on,off,0.2319326751,0.0721913872,0.383816523,0.22022526,0.0918341547,0.1735838905,0.0555355936,0.5037370082,0.1969707044,0.0701728033,0.1137415618,0.0377031317,0.6578469333,0.1434706681,0.0472377051,-2.1781676035,0.0698199817,1.3816523036,0.9071977325,-0.1805024144,-0.6566812131,0.2969005106,0.3737008159,0.0251827177,-0.0391028311,-0.9629907317,0.2105194371,0.7846933291,0.0740679758,-0.1062900102
conservative-technology--purchase-low-indexed--tax-adopted--index-adopted--gdp-off--ets2-adopted,scenarios/conservative-technology--purchase-low-indexed--tax-adopted--index-adopted--gdp-off--ets2-adopted.json,conservative_technology,False,low_indexed,adopted,adopted,off,adopted,0.2537143511,0.0714931874,0.37,0.2111532827,0.0936391788,0.1728239214,0.0504286902,0.5146526669,0.1944007413,0.0676939801,0.1172889597,0.0338428736,0.6631699989,0.1397788983,0.0459192695,0.0,0.0,0.0,0.0,0.0,-0.7326781231,-0.2137898374,1.4652666938,-0.2318135873,-0.286985146,-0.6082509445,-0.1755063723,1.3169998945,-0.295109005,-0.2381335727
conservative-technology--purchase-low-indexed--tax-adopted--index-adopted--gdp-off--ets2-high-market,scenarios/conservative-technology--purchase-low-indexed--tax-adopted--index-adopted--gdp-off--ets2-high-market.json,conservative_technology,False,low_indexed,adopted,adopted,off,high_market,0.2537143511,0.0714931874,0.37,0.2111532827,0.0936391788,0.1547257606,0.0476444857,0.5305693533,0.202103853,0.0649565473,0.0991188347,0.0308675501,0.6821374015,0.1451616993,0.0427145145,0.0,0.0,0.0,0.0,0.0,-2.5424941994,-0.4922102865,3.0569353313,0.5384975832,-0.5607284285,-2.4252634416,-0.4730387254,3.21374015,0.2431710883,-0.5586090714
conservative-technology--purchase-low-indexed--tax-adopted--index-adopted--gdp-off--ets2-off,scenarios/conservative-technology--purchase-low-indexed--tax-adopted--index-adopted--gdp-off--ets2-off.json,conservative_technology,False,low_indexed,adopted,adopted,off,off,0.2537143511,0.0714931874,0.37,0.2111532827,0.0936391788,0.1944738854,0.0535271967,0.4962572955,0.1852089861,0.0705326364,0.1381574985,0.036967287,0.6423260419,0.1334767007,0.0490724719,0.0,0.0,0.0,0.0,0.0,1.432318274,0.0960608117,-0.3742704517,-1.150989113,-0.0031195211,1.4786029393,0.1369349652,-0.7673958045,-0.9253287715,0.0771866715
conservative-technology--purchase-low-indexed--tax-adopted--index-adopted--gdp-on--ets2-adopted,scenarios/conservative-technology--purchase-low-indexed--tax-adopted--index-adopted--gdp-on--ets2-adopted.json,conservative_technology,False,low_indexed,adopted,adopted,on,adopted,0.2522858948,0.0715185071,0.3709025487,0.2117636651,0.0935293843,0.1679128276,0.0503198717,0.5186203902,0.1960705595,0.0670763511,0.1104724426,0.0335400183,0.6697613162,0.1413296865,0.0448965364,-0.1428456338,0.0025319778,0.090254872,0.0610382385,-0.0109794544,-1.2237875052,-0.2246716879,1.8620390153,-0.0648317705,-0.3487480518,-1.2899026494,-0.2057919012,1.9761316195,-0.1400301929,-0.340406876
conservative-technology--purchase-low-indexed--tax-adopted--index-adopted--gdp-on--ets2-high-market,scenarios/conservative-technology--purchase-low-indexed--tax-adopted--index-adopted--gdp-on--ets2-high-market.json,conservative_technology,False,low_indexed,adopted,adopted,on,high_market,0.2522858948,0.0715185071,0.3709025487,0.2117636651,0.0935293843,0.1506050381,0.0475174707,0.5340301084,0.2034842408,0.0643631418,0.093887048,0.0305788348,0.6874660073,0.1462658348,0.041802275,-0.1428456338,0.0025319778,0.090254872,0.0610382385,-0.0109794544,-2.9545664499,-0.5049117791,3.4030108425,0.6765363623,-0.6200689758,-2.9484421163,-0.5019102472,3.7466007342,0.3535846435,-0.6498330142
conservative-technology--purchase-low-indexed--tax-adopted--index-adopted--gdp-on--ets2-off,scenarios/conservative-technology--purchase-low-indexed--tax-adopted--index-adopted--gdp-on--ets2-off.json,conservative_technology,False,low_indexed,adopted,adopted,on,off,0.2522858948,0.0715185071,0.3709025487,0.2117636651,0.0935293843,0.188551299,0.0534508972,0.5008609905,0.1872356129,0.0699012004,0.1293387357,0.036665202,0.6504767141,0.1355698886,0.0479494596,-0.1428456338,0.0025319778,0.090254872,0.0610382385,-0.0109794544,0.8400596345,0.0884308644,0.0860990456,-0.9483264284,-0.0662631161,0.5967266528,0.1067264675,0.0476714163,-0.7160099751,-0.0351145615
conservative-technology--purchase-low-indexed--tax-adopted--index-cpi-indexed--gdp-off--ets2-adopted,scenarios/conservative-technology--purchase-low-indexed--tax-adopted--index-cpi-indexed--gdp-off--ets2-adopted.json,conservative_technology,False,low_indexed,adopted,cpi_indexed,off,adopted,0.2578256693,0.0718132895,0.3672393087,0.2091315855,0.0939901469,0.1718093389,0.0506682227,0.5153443913,0.194572501,0.067605546,0.1132293736,0.0338416611,0.6669852213,0.1405987596,0.0453449844,0.4111318195,0.0320102151,-0.2760691259,-0.2021697194,0.0350968106,-0.8341363692,-0.1898365825,1.5344391336,-0.2146376251,-0.2958285568,-1.0142095532,-0.1756276179,1.698522128,-0.2131228741,-0.2955620827
conservative-technology--purchase-low-indexed--tax-adopted--index-cpi-indexed--gdp-off--ets2-high-market,scenarios/conservative-technology--purchase-low-indexed--tax-adopted--index-cpi-indexed--gdp-off--ets2-high-market.json,conservative_technology,False,low_indexed,adopted,cpi_indexed,off,high_market,0.2578256693,0.0718132895,0.3672393087,0.2091315855,0.0939901469,0.1538813203,0.0478416964,0.5311730488,0.2022339894,0.0648699451,0.0960127151,0.0308375558,0.6852174711,0.1457310564,0.0422012016,0.4111318195,0.0320102151,-0.2760691259,-0.2021697194,0.0350968106,-2.6269382324,-0.4724892149,3.1173048784,0.5515112202,-0.5693886513,-2.7358754068,-0.4760381487,3.5217471169,0.3001067977,-0.6099403591
conservative-technology--purchase-low-indexed--tax-adopted--index-cpi-indexed--gdp-off--ets2-off,scenarios/conservative-technology--purchase-low-indexed--tax-adopted--index-cpi-indexed--gdp-off--ets2-off.json,conservative_technology,False,low_indexed,adopted,cpi_indexed,off,off,0.2578256693,0.0718132895,0.3672393087,0.2091315855,0.0939901469,0.1932384863,0.0538235444,0.4970598027,0.185433227,0.0704449397,0.1328875894,0.0370137503,0.6470518059,0.1346027872,0.0484440672,0.4111318195,0.0320102151,-0.2760691259,-0.2021697194,0.0350968106,1.3087783654,0.1256955867,-0.2940197325,-1.1285650261,-0.0118891934,0.951612029,0.1415812941,-0.2948194043,-0.8127201231,0.0143462042
conservative-technology--purchase-low-indexed--tax-adopted--index-cpi-indexed--gdp-on--ets2-adopted,scenarios/conservative-technology--purchase-low-indexed--tax-adopted--index-cpi-indexed--gdp-on--ets2-adopted.json,conservative_technology,False,low_indexed,adopted,cpi_indexed,on,adopted,0.2564258178,0.0718476047,0.3681153221,0.2097235086,0.0938877469,0.1668641445,0.0505692659,0.519343059,0.1962431737,0.0669803569,0.1061639179,0.0335071772,0.6739020473,0.142181772,0.0442450856,0.2711466652,0.03544173,-0.1884677926,-0.1429774058,0.0248568033,-1.3286558093,-0.1997322643,1.9343059038,-0.0475703551,-0.3583474751,-1.720755122,-0.2090760102,2.3902047303,-0.0548216403,-0.4055519578
conservative-technology--purchase-low-indexed--tax-adopted--index-cpi-indexed--gdp-on--ets2-high-market,scenarios/conservative-technology--purchase-low-indexed--tax-adopted--index-cpi-indexed--gdp-on--ets2-high-market.json,conservative_technology,False,low_indexed,adopted,cpi_indexed,on,high_market,0.2564258178,0.0718476047,0.3681153221,0.2097235086,0.0938877469,0.1497296183,0.0477234311,0.534662673,0.2036145605,0.0642697171,0.0905592877,0.0305240951,0.6908389966,0.1468560446,0.041221576,0.2711466652,0.03544173,-0.1884677926,-0.1429774058,0.0248568033,-3.0421084337,-0.4843157432,3.4662672976,0.6895683285,-0.6294114492,-3.2812181423,-0.5073842174,4.0838996575,0.4126056239,-0.7079029217
conservative-technology--purchase-low-indexed--tax-adopted--index-cpi-indexed--gdp-on--ets2-off,scenarios/conservative-technology--purchase-low-indexed--tax-adopted--index-cpi-indexed--gdp-on--ets2-off.json,conservative_technology,False,low_indexed,adopted,cpi_indexed,on,off,0.2564258178,0.0718476047,0.3681153221,0.2097235086,0.0938877469,0.1872787384,0.0537583325,0.5016965226,0.1874614272,0.0698049793,0.1238024059,0.0366701052,0.6555553619,0.1367397017,0.0472324253,0.2711466652,0.03544173,-0.1884677926,-0.1429774058,0.0248568033,0.7128035753,0.1191743938,0.1696522626,-0.925745005,-0.0758852266,0.043093674,0.1072167916,0.5555361887,-0.5990286679,-0.1068179865
conservative-technology--purchase-low-indexed--tax-plus30--index-adopted--gdp-off--ets2-adopted,scenarios/conservative-technology--purchase-low-indexed--tax-plus30--index-adopted--gdp-off--ets2-adopted.json,conservative_technology,False,low_indexed,plus30,adopted,off,adopted,0.2289399424,0.071693156,0.3860025928,0.2218724522,0.0914918566,0.1560020286,0.0499504997,0.5284506201,0.200128061,0.0654687906,0.105802406,0.0332952844,0.6743633201,0.1423821401,0.0441568494,-2.4774408746,0.0199968671,1.6002592861,1.0719169485,-0.214732227,-2.4148674039,-0.2616088807,2.8450620138,0.3409183761,-0.5095041053,-1.7569063173,-0.2302652879,2.4363320111,-0.0347848241,-0.4143755817
conservative-technology--purchase-low-indexed--tax-plus30--index-adopted--gdp-off--ets2-high-market,scenarios/conservative-technology--purchase-low-indexed--tax-plus30--index-adopted--gdp-off--ets2-high-market.json,conservative_technology,False,low_indexed,plus30,adopted,off,high_market,0.2289399424,0.071693156,0.3860025928,0.2218724522,0.0914918566,0.1405595864,0.0471239184,0.5426445536,0.206844145,0.0628277966,0.0902746243,0.0303526975,0.6912138611,0.1470150831,0.041143734,-2.4774408746,0.0199968671,1.6002592861,1.0719169485,-0.214732227,-3.959111622,-0.544267011,4.2644553581,1.0125267743,-0.7736034994,-3.3096844816,-0.5245239779,4.12138611,0.4285094694,-0.7156871198
conservative-technology--purchase-low-indexed--tax-plus30--index-adopted--gdp-off--ets2-off,scenarios/conservative-technology--purchase-low-indexed--tax-plus30--index-adopted--gdp-off--ets2-off.json,conservative_technology,False,low_indexed,plus30,adopted,off,off,0.2289399424,0.071693156,0.3860025928,0.2218724522,0.0914918566,0.1742717788,0.0531317557,0.5122052739,0.1921500743,0.0682411173,0.1233478273,0.0364083913,0.6561216904,0.1369882826,0.0471338085,-2.4774408746,0.0199968671,1.6002592861,1.0719169485,-0.214732227,-0.5878923886,0.0565167176,1.2205273896,-0.4568802899,-0.2322714286,-0.0023641885,0.0810453987,0.6121690417,-0.5741705828,-0.1166796691
conservative-technology--purchase-low-indexed--tax-plus30--index-adopted--gdp-on--ets2-adopted,scenarios/conservative-technology--purchase-low-indexed--tax-plus30--index-adopted--gdp-on--ets2-adopted.json,conservative_technology,False,low_indexed,plus30,adopted,on,adopted,0.2273679662,0.071687824,0.3870446028,0.2225621101,0.0913374969,0.1506095104,0.0497305967,0.5330061831,0.2019667687,0.064686941,0.098363544,0.0328368884,0.6818550601,0.144036607,0.0429079005,-2.634638491,0.0194636658,1.7044602771,1.1408827403,-0.2301681922,-2.954119222,-0.2835991818,3.3006183124,0.5247891479,-0.5876890564,-2.5007925187,-0.2761048906,3.1855060102,0.1306618638,-0.5392704646
conservative-technology--purchase-low-indexed--tax-plus30--index-adopted--gdp-on--ets2-high-market,scenarios/conservative-technology--purchase-low-indexed--tax-plus30--index-adopted--gdp-on--ets2-high-market.json,conservative_technology,False,low_indexed,plus30,adopted,on,high_market,0.2273679662,0.071687824,0.3870446028,0.2225621101,0.0913374969,0.1359870064,0.0469026433,0.5466561288,0.2083693003,0.0620849212,0.084471642,0.0299395852,0.6973636611,0.1481918389,0.0400332729,-2.634638491,0.0194636658,1.7044602771,1.1408827403,-0.2301681922,-4.4163696277,-0.5663945199,4.6656128816,1.1650423046,-0.8478910386,-3.8899827138,-0.5658352158,4.7363661097,0.5461850518,-0.8267332319
conservative-technology--purchase-low-indexed--tax-plus30--index-adopted--gdp-on--ets2-off,scenarios/conservative-technology--purchase-low-indexed--tax-plus30--index-adopted--gdp-on--ets2-off.json,conservative_technology,False,low_indexed,plus30,adopted,on,off,0.2273679662,0.071687824,0.3870446028,0.2225621101,0.0913374969,0.1678465537,0.0529210619,0.5174331233,0.1943725064,0.0674267547,0.1138910104,0.0359091865,0.6652324008,0.1392154874,0.0457519148,-2.634638491,0.0194636658,1.7044602771,1.1408827403,-0.2301681922,-1.2304148894,0.0354473331,1.7433123286,-0.2346370815,-0.3137076908,-0.9480458705,0.0311249237,1.5232400849,-0.3514500977,-0.2548690404
conservative-technology--purchase-low-indexed--tax-plus30--index-cpi-indexed--gdp-off--ets2-adopted,scenarios/conservative-technology--purchase-low-indexed--tax-plus30--index-cpi-indexed--gdp-off--ets2-adopted.json,conservative_technology,False,low_indexed,plus30,cpi_indexed,off,adopted,0.2334820615,0.0721847657,0.3828010575,0.2195528109,0.0919793044,0.1548833181,0.0502214859,0.5292436876,0.2002977102,0.0653537982,0.1013531773,0.033237083,0.6787106301,0.1432467001,0.0434524094,-2.023228962,0.0691578288,1.280105756,0.8399528257,-0.1659874486,-2.5267384513,-0.2345102686,2.9243687634,0.357883296,-0.5210033394,-2.2018291872,-0.2360854279,2.8710630167,0.0516711733,-0.4848195749
conservative-technology--purchase-low-indexed--tax-plus30--index-cpi-indexed--gdp-off--ets2-high-market,scenarios/conservative-technology--purchase-low-indexed--tax-plus30--index-cpi-indexed--gdp-off--ets2-high-market.json,conservative_technology,False,low_indexed,plus30,cpi_indexed,off,high_market,0.2334820615,0.0721847657,0.3828010575,0.2195528109,0.0919793044,0.1396187745,0.0473494448,0.5433437959,0.2069706947,0.06271729,0.0868155078,0.0302782713,0.6947772711,0.1476122978,0.0405166519,-2.023228962,0.0691578288,1.280105756,0.8399528257,-0.1659874486,-4.05319281,-0.5217143727,4.3343795916,1.0251817493,-0.7846541582,-3.6555961312,-0.5319665999,4.4777271135,0.4882309426,-0.778395325
conservative-technology--purchase-low-indexed--tax-plus30--index-cpi-indexed--gdp-off--ets2-off,scenarios/conservative-technology--purchase-low-indexed--tax-plus30--index-cpi-indexed--gdp-off--ets2-off.json,conservative_technology,False,low_indexed,plus30,cpi_indexed,off,off,0.2334820615,0.0721847657,0.3828010575,0.2195528109,0.0919793044,0.1729257097,0.0534627874,0.5131145127,0.1923736133,0.0681233769,0.1176710012,0.0363798983,0.6614175777,0.1381755126,0.0463560102,-2.023228962,0.0691578288,1.280105756,0.8399528257,-0.1659874486,-0.7224992972,0.089619891,1.3114512665,-0.4345263913,-0.244045469,-0.5700467928,0.0781960964,1.1417577696,-0.4554475786,-0.1944594946
conservative-technology--purchase-low-indexed--tax-plus30--index-cpi-indexed--gdp-on--ets2-adopted,scenarios/conservative-technology--purchase-low-indexed--tax-plus30--index-cpi-indexed--gdp-on--ets2-adopted.json,conservative_technology,False,low_indexed,plus30,cpi_indexed,on,adopted,0.2319326751,0.0721913872,0.383816523,0.22022526,0.0918341547,0.1494651142,0.0500102297,0.5338289267,0.2021326318,0.0645630976,0.0937410244,0.032732314,0.6865032698,0.1449039325,0.0421194594,-2.1781676035,0.0698199817,1.3816523036,0.9071977325,-0.1805024144,-3.0685588397,-0.255635886,3.3828926672,0.5413754594,-0.600073401,-2.9630444786,-0.2865623297,3.6503269783,0.2173944072,-0.6181145773
conservative-technology--purchase-low-indexed--tax-plus30--index-cpi-indexed--gdp-on--ets2-high-market,scenarios/conservative-technology--purchase-low-indexed--tax-plus30--index-cpi-indexed--gdp-on--ets2-high-market.json,conservative_technology,False,low_indexed,plus30,cpi_indexed,on,high_market,0.2319326751,0.0721913872,0.383816523,0.22022526,0.0918341547,0.1350212739,0.0471362129,0.5473839612,0.2084920799,0.0619664721,0.0808390756,0.0298292204,0.7012123341,0.1487870213,0.0393323487,-2.1781676035,0.0698199817,1.3816523036,0.9071977325,-0.1805024144,-4.512942871,-0.5430375603,4.7383961199,1.1773202638,-0.8597359524,-4.2532393541,-0.5768716901,5.1212334091,0.6057032882,-0.8968256532
conservative-technology--purchase-low-indexed--tax-plus30--index-cpi-indexed--gdp-on--ets2-off,scenarios/conservative-technology--purchase-low-indexed--tax-plus30--index-cpi-indexed--gdp-on--ets2-off.json,conservative_technology,False,low_indexed,plus30,cpi_indexed,on,off,0.2319326751,0.0721913872,0.383816523,0.22022526,0.0918341547,0.1664749826,0.0532612039,0.518372758,0.1945920903,0.0672989652,0.1080601302,0.0358198468,0.6708333565,0.1404085017,0.0448781648,-2.1781676035,0.0698199817,1.3816523036,0.9071977325,-0.1805024144,-1.3675720028,0.0694615362,1.8372757972,-0.212678691,-0.3264866396,-1.5311338939,0.0221909482,2.0833356518,-0.2321486726,-0.3422440336
conservative-technology--purchase-legacy-indexed--tax-adopted--index-adopted--gdp-off--ets2-adopted,scenarios/conservative-technology--purchase-legacy-indexed--tax-adopted--index-adopted--gdp-off--ets2-adopted.json,conservative_technology,False,legacy_indexed,adopted,adopted,off,adopted,0.2537143511,0.0714931874,0.37,0.2111532827,0.0936391788,0.1656271203,0.048328719,0.5292538645,0.1919152551,0.064875041,0.111405626,0.0321452806,0.6760679867,0.1367651945,0.0436159121,0.0,0.0,0.0,0.0,0.0,-1.4523582313,-0.4237869541,2.9253864506,-0.4803622091,-0.5688790561,-1.1965843097,-0.3452656724,2.6067986745,-0.5964793882,-0.4684693043
conservative-technology--purchase-legacy-indexed--tax-adopted--index-adopted--gdp-off--ets2-high-market,scenarios/conservative-technology--purchase-legacy-indexed--tax-adopted--index-adopted--gdp-off--ets2-high-market.json,conservative_technology,False,legacy_indexed,adopted,adopted,off,high_market,0.2537143511,0.0714931874,0.37,0.2111532827,0.0936391788,0.1480486877,0.045588424,0.5450043634,0.1992051281,0.0621533968,0.0939678956,0.0292634465,0.6945120616,0.1417618401,0.0404947561,0.0,0.0,0.0,0.0,0.0,-3.2102014899,-0.6978164526,4.5004363399,0.2486250867,-0.8410434842,-2.940357352,-0.6334490763,4.4512061652,-0.0968148287,-0.7805849083
conservative-technology--purchase-legacy-indexed--tax-adopted--index-adopted--gdp-off--ets2-off,scenarios/conservative-technology--purchase-legacy-indexed--tax-adopted--index-adopted--gdp-off--ets2-off.json,conservative_technology,False,legacy_indexed,adopted,adopted,off,off,0.2537143511,0.0714931874,0.37,0.2111532827,0.0936391788,0.1867121325,0.0513908436,0.5110082131,0.1831712408,0.06771757,0.1314954127,0.0351846893,0.6557481206,0.1308656267,0.0467061507,0.0,0.0,0.0,0.0,0.0,0.6561429819,-0.1175744917,1.1008213124,-1.3547636435,-0.2846261591,0.8123943594,-0.0413248036,0.5748120623,-1.1864361693,-0.1594454488
conservative-technology--purchase-legacy-indexed--tax-adopted--index-adopted--gdp-on--ets2-adopted,scenarios/conservative-technology--purchase-legacy-indexed--tax-adopted--index-adopted--gdp-on--ets2-adopted.json,conservative_technology,False,legacy_indexed,adopted,adopted,on,adopted,0.2522858948,0.0715185071,0.3709025487,0.2117636651,0.0935293843,0.1608594593,0.0482061285,0.5331854217,0.1934902575,0.0642587331,0.1048644506,0.0318374022,0.6824859235,0.1381948024,0.0426174212,-0.1428456338,0.0025319778,0.090254872,0.0610382385,-0.0109794544,-1.9291243371,-0.4360460025,3.3185421659,-0.3228619719,-0.6305098543,-1.8507018588,-0.3760535093,3.2485923573,-0.4535185949,-0.5683183943
conservative-technology--purchase-legacy-indexed--tax-adopted--index-adopted--gdp-on--ets2-high-market,scenarios/conservative-technology--purchase-legacy-indexed--tax-adopted--index-adopted--gdp-on--ets2-high-market.json,conservative_technology,False,legacy_indexed,adopted,adopted,on,high_market,0.2522858948,0.0715185071,0.3709025487,0.2117636651,0.0935293843,0.1440577496,0.0454517325,0.5484265979,0.2004988523,0.0615650677,0.0889614861,0.0289745886,0.6996892228,0.1427654849,0.0396092176,-0.1428456338,0.0025319778,0.090254872,0.0610382385,-0.0109794544,-3.6092953027,-0.7114856062,4.8426597874,0.3779975098,-0.8998763883,-3.4409982995,-0.6623348691,4.968922282,0.0035496462,-0.8691387596
conservative-technology--purchase-legacy-indexed--tax-adopted--index-adopted--gdp-on--ets2-off,scenarios/conservative-technology--purchase-legacy-indexed--tax-adopted--index-adopted--gdp-on--ets2-off.json,conservative_technology,False,legacy_indexed,adopted,adopted,on,off,0.2522858948,0.0715185071,0.3709025487,0.2117636651,0.0935293843,0.1809469618,0.0512952046,0.5155809761,0.185094796,0.0670820616,0.1230073593,0.0348703708,0.6637042377,0.1328157895,0.0456022426,-0.1428456338,0.0025319778,0.090254872,0.0610382385,-0.0109794544,0.0796259187,-0.1271383975,1.5580976071,-1.1624081252,-0.3481770031,-0.0364109838,-0.0727566487,1.3704237772,-0.9914198863,-0.2698362584
conservative-technology--purchase-legacy-indexed--tax-adopted--index-cpi-indexed--gdp-off--ets2-adopted,scenarios/conservative-technology--purchase-legacy-indexed--tax-adopted--index-cpi-indexed--gdp-off--ets2-adopted.json,conservative_technology,False,legacy_indexed,adopted,cpi_indexed,off,adopted,0.2578256693,0.0718132895,0.3672393087,0.2091315855,0.0939901469,0.1646447957,0.0485553301,0.529940354,0.1920731623,0.0647863578,0.1075107558,0.0321324975,0.679784298,0.1375176001,0.0430548486,0.4111318195,0.0320102151,-0.2760691259,-0.2021697194,0.0350968106,-1.5505906979,-0.401125839,2.9940354012,-0.4645714874,-0.5777473768,-1.5860713352,-0.3465439802,2.9784298047,-0.5212388325,-0.5245756569
conservative-technology--purchase-legacy-indexed--tax-adopted--index-cpi-indexed--gdp-off--ets2-high-market,scenarios/conservative-technology--purchase-legacy-indexed--tax-adopted--index-cpi-indexed--gdp-off--ets2-high-market.json,conservative_technology,False,legacy_indexed,adopted,cpi_indexed,off,high_market,0.2578256693,0.0718132895,0.3672393087,0.2091315855,0.0939901469,0.1472328893,0.0457746994,0.5456023281,0.1993228393,0.0620672439,0.0909961462,0.0292263242,0.6975057247,0.1422755741,0.0399962308,0.4111318195,0.0320102151,-0.2760691259,-0.2021697194,0.0350968106,-3.291781337,-0.6791889098,4.5602328099,0.2603962055,-0.8496587686,-3.2375322955,-0.6371613114,4.7505724755,-0.0454414276,-0.8304374409
conservative-technology--purchase-legacy-indexed--tax-adopted--index-cpi-indexed--gdp-off--ets2-off,scenarios/conservative-technology--purchase-legacy-indexed--tax-adopted--index-cpi-indexed--gdp-off--ets2-off.json,conservative_technology,False,legacy_indexed,adopted,cpi_indexed,off,off,0.2578256693,0.0718132895,0.3672393087,0.2091315855,0.0939901469,0.1855130105,0.0516717345,0.5118064968,0.1833801347,0.0676286235,0.1264240708,0.0352134387,0.6603629735,0.1319117205,0.0460877966,0.4111318195,0.0320102151,-0.2760691259,-0.2021697194,0.0350968106,0.5362307871,-0.0894854038,1.180649678,-1.3338742499,-0.2935208113,0.305260168,-0.038449862,1.0362973507,-1.0818267934,-0.2212808633
conservative-technology--purchase-legacy-indexed--tax-adopted--index-cpi-indexed--gdp-on--ets2-adopted,scenarios/conservative-technology--purchase-legacy-indexed--tax-adopted--index-cpi-indexed--gdp-on--ets2-adopted.json,conservative_technology,False,legacy_indexed,adopted,cpi_indexed,on,adopted,0.2564258178,0.0718476047,0.3681153221,0.2097235086,0.0938877469,0.1598447018,0.048441978,0.5339022803,0.1936483332,0.0641627067,0.1007348165,0.0317936585,0.6865160388,0.1389730438,0.0419824425,0.2711466652,0.03544173,-0.1884677926,-0.1429774058,0.0248568033,-2.0306000847,-0.4124610492,3.3902280296,-0.3070544063,-0.6401124893,-2.2636652645,-0.3804278848,3.6516038784,-0.3756944603,-0.6318162687
conservative-technology--purchase-legacy-indexed--tax-adopted--index-cpi-indexed--gdp-on--ets2-high-market,scenarios/conservative-technology--purchase-legacy-indexed--tax-adopted--index-cpi-indexed--gdp-on--ets2-high-market.json,conservative_technology,False,legacy_indexed,adopted,cpi_indexed,on,high_market,0.2564258178,0.0718476047,0.3681153221,0.2097235086,0.0938877469,0.1432124482,0.0456462087,0.5490529073,0.200616139,0.0614722968,0.0857802596,0.0289132663,0.7029655444,0.143294714,0.0390462157,0.2711466652,0.03544173,-0.1884677926,-0.1429774058,0.0248568033,-3.6938254431,-0.6920379838,4.9052907336,0.3897261755,-0.9091534823,-3.7591209587,-0.6684670991,5.2965544445,0.0564725576,-0.9254389442
conservative-technology--purchase-legacy-indexed--tax-adopted--index-cpi-indexed--gdp-on--ets2-off,scenarios/conservative-technology--purchase-legacy-indexed--tax-adopted--index-cpi-indexed--gdp-on--ets2-off.json,conservative_technology,False,legacy_indexed,adopted,cpi_indexed,on,off,0.2564258178,0.0718476047,0.3681153221,0.2097235086,0.0938877469,0.1797125874,0.05158647,0.5164116351,0.1853044829,0.0669848246,0.1176860117,0.0348584375,0.6686585317,0.1338980874,0.0448989316,0.2711466652,0.03544173,-0.1884677926,-0.1429774058,0.0248568033,-0.0438115278,-0.0980118529,1.6411635145,-1.1414394362,-0.3579006977,-0.5685457466,-0.0739499777,1.8658531749,-0.8831900955,-0.3401673552
conservative-technology--purchase-legacy-indexed--tax-plus30--index-adopted--gdp-off--ets2-adopted,scenarios/conservative-technology--purchase-legacy-indexed--tax-plus30--index-adopted--gdp-off--ets2-adopted.json,conservative_technology,False,legacy_indexed,plus30,adopted,off,adopted,0.2289399424,0.071693156,0.3860025928,0.2218724522,0.0914918566,0.1493080149,0.0478071344,0.5429172422,0.1973080698,0.0626595387,0.1003867189,0.0315910052,0.686963817,0.1391618576,0.0418966013,-2.4774408746,0.0199968671,1.6002592861,1.0719169485,-0.214732227,-3.0842687789,-0.4759454089,4.29172422,0.058919256,-0.7904292882,-2.2984750275,-0.4006932104,3.6963816998,-0.3568130772,-0.6404003846
conservative-technology--purchase-legacy-indexed--tax-plus30--index-adopted--gdp-off--ets2-high-market,scenarios/conservative-technology--purchase-legacy-indexed--tax-plus30--index-adopted--gdp-off--ets2-high-market.json,conservative_technology,False,legacy_indexed,plus30,adopted,off,high_market,0.2289399424,0.071693156,0.3860025928,0.2218724522,0.0914918566,0.1343371793,0.0450377981,0.5569385932,0.2036399452,0.0600464842,0.0855070019,0.0287496978,0.7033286384,0.1434438286,0.0389708334,-2.4774408746,0.0199968671,1.6002592861,1.0719169485,-0.214732227,-4.5813523325,-0.7528790397,5.6938593162,0.6921068006,-1.0517347446,-3.7864467216,-0.6848239534,5.3328638394,0.0713840181,-0.9329771825
conservative-technology--purchase-legacy-indexed--tax-plus30--index-adopted--gdp-off--ets2-off,scenarios/conservative-technology--purchase-legacy-indexed--tax-plus30--index-adopted--gdp-off--ets2-off.json,conservative_technology,False,legacy_indexed,plus30,adopted,off,off,0.2289399424,0.071693156,0.3860025928,0.2218724522,0.0914918566,0.1670628331,0.0509339016,0.5268369682,0.1897480493,0.0654182477,0.1172468423,0.0346075728,0.6692096533,0.1341334383,0.0448024934,-2.4774408746,0.0199968671,1.6002592861,1.0719169485,-0.214732227,-1.3087869524,-0.1632686896,2.6836968209,-0.697082791,-0.5145583879,-0.6124626853,-0.0990364503,1.9209653321,-0.8596550134,-0.3498111831
conservative-technology--purchase-legacy-indexed--tax-plus30--index-adopted--gdp-on--ets2-adopted,scenarios/conservative-technology--purchase-legacy-indexed--tax-plus30--index-adopted--gdp-on--ets2-adopted.json,conservative_technology,False,legacy_indexed,plus30,adopted,on,adopted,0.2273679662,0.071687824,0.3870446028,0.2225621101,0.0913374969,0.1440836462,0.0475757851,0.547422986,0.1990335071,0.0618840756,0.0932604867,0.0311333251,0.6942482118,0.1406761187,0.0406818576,-2.634638491,0.0194636658,1.7044602771,1.1408827403,-0.2301681922,-3.6067056442,-0.499080343,4.7422986005,0.2314629888,-0.867975602,-3.011098242,-0.4464612179,4.4248211864,-0.2053869683,-0.7618747582
conservative-technology--purchase-legacy-indexed--tax-plus30--index-adopted--gdp-on--ets2-high-market,scenarios/conservative-technology--purchase-legacy-indexed--tax-plus30--index-adopted--gdp-on--ets2-high-market.json,conservative_technology,False,legacy_indexed,plus30,adopted,on,high_market,0.2273679662,0.071687824,0.3870446028,0.2225621101,0.0913374969,0.1299165452,0.0448089089,0.5608992946,0.2050618014,0.0593134498,0.0799617949,0.028341144,0.7092971198,0.1445040004,0.0378959409,-2.634638491,0.0194636658,1.7044602771,1.1408827403,-0.2301681922,-5.0234157398,-0.7757679597,6.0899294577,0.8342924215,-1.1250381797,-4.3409674221,-0.7256793334,5.9297119796,0.1774012022,-1.0404664263
conservative-technology--purchase-legacy-indexed--tax-plus30--index-adopted--gdp-on--ets2-off,scenarios/conservative-technology--purchase-legacy-indexed--tax-plus30--index-adopted--gdp-on--ets2-off.json,conservative_technology,False,legacy_indexed,plus30,adopted,on,off,0.2273679662,0.071687824,0.3870446028,0.2225621101,0.0913374969,0.1608229825,0.0507065699,0.5320184033,0.1918467751,0.0646052692,0.1081633831,0.0341032983,0.678086914,0.1361953731,0.0434510315,-2.634638491,0.0194636658,1.7044602771,1.1408827403,-0.2301681922,-1.9327720133,-0.1860018654,3.2018403325,-0.4872102145,-0.5958562393,-1.520808604,-0.1494639021,2.8086913996,-0.6534615284,-0.484957365
conservative-technology--purchase-legacy-indexed--tax-plus30--index-cpi-indexed--gdp-off--ets2-adopted,scenarios/conservative-technology--purchase-legacy-indexed--tax-plus30--index-cpi-indexed--gdp-off--ets2-adopted.json,conservative_technology,False,legacy_indexed,plus30,cpi_indexed,off,adopted,0.2334820615,0.0721847657,0.3828010575,0.2195528109,0.0919793044,0.1482270326,0.0480631608,0.5437030216,0.19746164,0.0625451449,0.0961251594,0.0315226418,0.6911926371,0.1399485221,0.0412110394,-2.023228962,0.0691578288,1.280105756,0.8399528257,-0.1659874486,-3.1923670026,-0.4503427758,4.3703021651,0.0742762812,-0.8018686679,-2.7246309696,-0.4075295475,4.1192637172,-0.2781466252,-0.7089565749
conservative-technology--purchase-legacy-indexed--tax-plus30--index-cpi-indexed--gdp-off--ets2-high-market,scenarios/conservative-technology--purchase-legacy-indexed--tax-plus30--index-cpi-indexed--gdp-off--ets2-high-market.json,conservative_technology,False,legacy_indexed,plus30,cpi_indexed,off,high_market,0.2334820615,0.0721847657,0.3828010575,0.2195528109,0.0919793044,0.1334298706,0.0452505783,0.5576302443,0.2037520962,0.0599372106,0.0822020841,0.0286692673,0.7067884305,0.1439766433,0.0383635748,-2.023228962,0.0691578288,1.280105756,0.8399528257,-0.1659874486,-4.6720832056,-0.731601021,5.7630244338,0.7033218949,-1.0626621021,-4.1169385071,-0.6928669962,5.6788430513,0.1246654903,-0.9937030383
conservative-technology--purchase-legacy-indexed--tax-plus30--index-cpi-indexed--gdp-off--ets2-off,scenarios/conservative-technology--purchase-legacy-indexed--tax-plus30--index-cpi-indexed--gdp-off--ets2-off.json,conservative_technology,False,legacy_indexed,plus30,cpi_indexed,off,off,0.2334820615,0.0721847657,0.3828010575,0.2195528109,0.0919793044,0.1657592812,0.0512471699,0.5277396494,0.1899537079,0.0653001917,0.1117949841,0.0345632323,0.6743721972,0.1352284092,0.0440411773,-2.023228962,0.0691578288,1.280105756,0.8399528257,-0.1659874486,-1.439142148,-0.131941868,2.7739649441,-0.6765169355,-0.5263639926,-1.1576485091,-0.1034705032,2.4372197246,-0.750157922,-0.4259427904
conservative-technology--purchase-legacy-indexed--tax-plus30--index-cpi-indexed--gdp-on--ets2-adopted,scenarios/conservative-technology--purchase-legacy-indexed--tax-plus30--index-cpi-indexed--gdp-on--ets2-adopted.json,conservative_technology,False,legacy_indexed,plus30,cpi_indexed,on,adopted,0.2319326751,0.0721913872,0.383816523,0.22022526,0.0918341547,0.1429785706,0.0478398668,0.5482377387,0.1991826601,0.0617611638,0.088837911,0.0310202541,0.6987657072,0.1414597217,0.039916406,-2.1781676035,0.0698199817,1.3816523036,0.9071977325,-0.1805024144,-3.7172132049,-0.4726721754,4.8237738674,0.2463782907,-0.8802667779,-3.4533558166,-0.4577683176,4.8765707257,-0.1270266714,-0.8384199201
conservative-technology--purchase-legacy-indexed--tax-plus30--index-cpi-indexed--gdp-on--ets2-high-market,scenarios/conservative-technology--purchase-legacy-indexed--tax-plus30--index-cpi-indexed--gdp-on--ets2-high-market.json,conservative_technology,False,legacy_indexed,plus30,cpi_indexed,on,high_market,0.2319326751,0.0721913872,0.383816523,0.22022526,0.0918341547,0.1289857437,0.0450291966,0.5616189036,0.2051696217,0.0591965344,0.0764943964,0.0282260552,0.7130312855,0.1450298231,0.0372184398,-2.1781676035,0.0698199817,1.3816523036,0.9071977325,-0.1805024144,-5.1164958901,-0.7537391986,6.1618903609,0.8450744473,-1.1367297195,-4.687707278,-0.7371882123,6.3031285545,0.2299834757,-1.1082165398
conservative-technology--purchase-legacy-indexed--tax-plus30--index-cpi-indexed--gdp-on--ets2-off,scenarios/conservative-technology--purchase-legacy-indexed--tax-plus30--index-cpi-indexed--gdp-on--ets2-off.json,conservative_technology,False,legacy_indexed,plus30,cpi_indexed,on,off,0.2319326751,0.0721913872,0.383816523,0.22022526,0.0918341547,0.1594957287,0.051028295,0.5329506748,0.1920477606,0.0644775409,0.1025710896,0.0340003358,0.683540691,0.1372893575,0.042598526,-2.1781676035,0.0698199817,1.3816523036,0.9071977325,-0.1805024144,-2.0654973908,-0.15382935,3.2950674781,-0.467111666,-0.6086290713,-2.0800379508,-0.1597601486,3.3540691049,-0.5440630901,-0.5702079154
conservative-technology--purchase-high-indexed--tax-adopted--index-adopted--gdp-off--ets2-adopted,scenarios/conservative-technology--purchase-high-indexed--tax-adopted--index-adopted--gdp-off--ets2-adopted.json,conservative_technology,False,high_indexed,adopted,adopted,off,adopted,0.2537143511,0.0714931874,0.37,0.2111532827,0.0936391788,0.1585701105,0.0462695378,0.5437788067,0.1892706878,0.0621108572,0.1057237749,0.0305058239,0.6886809034,0.1336980615,0.0413914363,0.0,0.0,0.0,0.0,0.0,-2.1580592175,-0.6297050706,4.377880667,-0.7448189418,-0.8452974371,-1.7647694241,-0.5092113417,3.8680903438,-0.9031926927,-0.6909168853
conservative-technology--purchase-high-indexed--tax-adopted--index-adopted--gdp-off--ets2-high-market,scenarios/conservative-technology--purchase-high-indexed--tax-adopted--index-adopted--gdp-off--ets2-high-market.json,conservative_technology,False,high_indexed,adopted,adopted,off,high_market,0.2537143511,0.0714931874,0.37,0.2111532827,0.0936391788,0.1415192613,0.0435778269,0.5593374394,0.1961532417,0.0594122307,0.0890091657,0.0277192008,0.7065894808,0.1383243239,0.0383578288,0.0,0.0,0.0,0.0,0.0,-3.8631441356,-0.8988761623,5.9337439385,-0.0565635537,-1.1151600869,-3.436230342,-0.7878736555,5.6589480808,-0.4405664488,-0.9942776344
conservative-technology--purchase-high-indexed--tax-adopted--index-adopted--gdp-off--ets2-off,scenarios/conservative-technology--purchase-high-indexed--tax-adopted--index-adopted--gdp-off--ets2-off.json,conservative_technology,False,high_indexed,adopted,adopted,off,off,0.2537143511,0.0714931874,0.37,0.2111532827,0.0936391788,0.1790770512,0.0492893558,0.5257142803,0.1809708672,0.0649484455,0.1250392577,0.0334571932,0.6689031687,0.1281874058,0.0444129745,0.0,0.0,0.0,0.0,0.0,-0.1073651453,-0.3277232712,2.5714280315,-1.5748010004,-0.5615386146,0.1667788595,-0.2140744097,1.8903168737,-1.4542582568,-0.3887630668
conservative-technology--purchase-high-indexed--tax-adopted--index-adopted--gdp-on--ets2-adopted,scenarios/conservative-technology--purchase-high-indexed--tax-adopted--index-adopted--gdp-on--ets2-adopted.json,conservative_technology,False,high_indexed,adopted,adopted,on,adopted,0.2522858948,0.0715185071,0.3709025487,0.2117636651,0.0935293843,0.1539476617,0.0461348111,0.5476676481,0.1907522107,0.0614976685,0.0994542852,0.0301948474,0.694920618,0.1350115456,0.0404187038,-0.1428456338,0.0025319778,0.090254872,0.0610382385,-0.0109794544,-2.6203040973,-0.6431777466,4.7667648114,-0.596666654,-0.9066163134,-2.3917183922,-0.5403089924,4.4920617983,-0.7718442766,-0.7881901371
conservative-technology--purchase-high-indexed--tax-adopted--index-adopted--gdp-on--ets2-high-market,scenarios/conservative-technology--purchase-high-indexed--tax-adopted--index-adopted--gdp-on--ets2-high-market.json,conservative_technology,False,high_indexed,adopted,adopted,on,high_market,0.2522858948,0.0715185071,0.3709025487,0.2117636651,0.0935293843,0.1376589255,0.0434328363,0.5627157563,0.1973620399,0.0588304419,0.0842238472,0.0274315485,0.7116123906,0.1392323828,0.0374998309,-0.1428456338,0.0025319778,0.090254872,0.0610382385,-0.0109794544,-4.249177709,-0.9133752236,6.2715756321,0.0643162674,-1.1733389669,-3.9147621938,-0.8166388779,6.1612390591,-0.3497605621,-1.0800774252
conservative-technology--purchase-high-indexed--tax-adopted--index-adopted--gdp-on--ets2-off,scenarios/conservative-technology--purchase-high-indexed--tax-adopted--index-adopted--gdp-on--ets2-off.json,conservative_technology,False,high_indexed,adopted,adopted,on,off,0.2522858948,0.0715185071,0.3709025487,0.2117636651,0.0935293843,0.1734724458,0.0491763139,0.5302480987,0.1827920905,0.064311051,0.116879691,0.0331332872,0.6766569848,0.1299994912,0.0433305458,-0.1428456338,0.0025319778,0.090254872,0.0610382385,-0.0109794544,-0.6678256793,-0.3390274629,3.0248098688,-1.3926786679,-0.6252780587,-0.6491778189,-0.2464650096,2.6656984791,-1.2730497169,-0.4970059337
conservative-technology--purchase-high-indexed--tax-adopted--index-cpi-indexed--gdp-off--ets2-adopted,scenarios/conservative-technology--purchase-high-indexed--tax-adopted--index-cpi-indexed--gdp-off--ets2-adopted.json,conservative_technology,False,high_indexed,adopted,cpi_indexed,off,adopted,0.2578256693,0.0718132895,0.3672393087,0.2091315855,0.0939901469,0.1576201543,0.046483696,0.5444589105,0.1894150193,0.0620222199,0.1019913421,0.0304828714,0.6922954116,0.1343858867,0.0408444882,0.4111318195,0.0320102151,-0.2760691259,-0.2021697194,0.0350968106,-2.2530548336,-0.6082892533,4.4458910479,-0.7303857886,-0.8541611723,-2.1380127043,-0.5115065882,4.2295411604,-0.8344101674,-0.7456117004
conservative-technology--purchase-high-indexed--tax-adopted--index-cpi-indexed--gdp-off--ets2-high-market,scenarios/conservative-technology--purchase-high-indexed--tax-adopted--index-cpi-indexed--gdp-off--ets2-high-market.json,conservative_technology,False,high_indexed,adopted,cpi_indexed,off,high_market,0.2578256693,0.0718132895,0.3672393087,0.2091315855,0.0939901469,0.1407320628,0.0437535928,0.5599287192,0.1962588586,0.0593267667,0.0861691642,0.0276759845,0.7094950425,0.1387852183,0.0378745906,0.4111318195,0.0320102151,-0.2760691259,-0.2021697194,0.0350968106,-3.941863982,-0.8812995783,5.9928719163,-0.0460018641,-1.1237064919,-3.7202304906,-0.7921952829,5.9495042508,-0.3944770139,-1.0426014634
conservative-technology--purchase-high-indexed--tax-adopted--index-cpi-indexed--gdp-off--ets2-off,scenarios/conservative-technology--purchase-high-indexed--tax-adopted--index-cpi-indexed--gdp-off--ets2-off.json,conservative_technology,False,high_indexed,adopted,cpi_indexed,off,off,0.2578256693,0.0718132895,0.3672393087,0.2091315855,0.0939901469,0.1779145447,0.0495553012,0.5265069399,0.1811646055,0.0648586087,0.1201650235,0.0334700794,0.6734025076,0.1291563238,0.0438060657,0.4111318195,0.0320102151,-0.2760691259,-0.2021697194,0.0350968106,-0.2236157984,-0.3011287323,2.6506939932,-1.5554271702,-0.5705222923,-0.3206445644,-0.2127857916,2.3402507653,-1.3573664633,-0.449453946
conservative-technology--purchase-high-indexed--tax-adopted--index-cpi-indexed--gdp-on--ets2-adopted,scenarios/conservative-technology--purchase-high-indexed--tax-adopted--index-cpi-indexed--gdp-on--ets2-adopted.json,conservative_technology,False,high_indexed,adopted,cpi_indexed,on,adopted,0.2564258178,0.0718476047,0.3681153221,0.2097235086,0.0938877469,0.1529669011,0.0463576157,0.548377508,0.1908960626,0.0614019126,0.0955007024,0.0301416811,0.6988372822,0.1357192717,0.0398010627,0.2711466652,0.03544173,-0.1884677926,-0.1429774058,0.0248568033,-2.7183801584,-0.6208972804,4.8377508002,-0.5822814609,-0.9161919005,-2.7870766791,-0.5456256221,4.8837282215,-0.7010716692,-0.849954251
conservative-technology--purchase-high-indexed--tax-adopted--index-cpi-indexed--gdp-on--ets2-high-market,scenarios/conservative-technology--purchase-high-indexed--tax-adopted--index-cpi-indexed--gdp-on--ets2-high-market.json,conservative_technology,False,high_indexed,adopted,cpi_indexed,on,high_market,0.2564258178,0.0718476047,0.3681153221,0.2097235086,0.0938877469,0.1368436651,0.0436162818,0.5633348228,0.1974666604,0.0587385699,0.0811860615,0.0273647367,0.7147903967,0.139703817,0.0369549881,0.2711466652,0.03544173,-0.1884677926,-0.1429774058,0.0248568033,-4.3307037507,-0.8950306741,6.3334822834,0.0747783145,-1.1825261732,-4.2185407669,-0.823320061,6.4790396733,-0.3026171376,-1.1345617079
conservative-technology--purchase-high-indexed--tax-adopted--index-cpi-indexed--gdp-on--ets2-off,scenarios/conservative-technology--purchase-high-indexed--tax-adopted--index-cpi-indexed--gdp-on--ets2-off.json,conservative_technology,False,high_indexed,adopted,cpi_indexed,on,off,0.2564258178,0.0718476047,0.3681153221,0.2097235086,0.0938877469,0.1722765513,0.049451957,0.5310724418,0.1829858818,0.0642131681,0.1117711787,0.033106472,0.681482411,0.1309976017,0.0426423365,0.2711466652,0.03544173,-0.1884677926,-0.1429774058,0.0248568033,-0.7874151344,-0.3114631515,3.1072441805,-1.3732995408,-0.6350663538,-1.1600290401,-0.2491465295,3.1482411063,-1.1732386695,-0.5658268671
conservative-technology--purchase-high-indexed--tax-plus30--index-adopted--gdp-off--ets2-adopted,scenarios/conservative-technology--purchase-high-indexed--tax-plus30--index-adopted--gdp-off--ets2-adopted.json,conservative_technology,False,high_indexed,plus30,adopted,off,adopted,0.2289399424,0.071693156,0.3860025928,0.2218724522,0.0914918566,0.1427590888,0.045710225,0.5572852024,0.1943343084,0.0599111753,0.0951659764,0.0299480737,0.6992713046,0.1358969315,0.0397177138,-2.4774408746,0.0199968671,1.6002592861,1.0719169485,-0.214732227,-3.7391613801,-0.6856363533,5.7285202428,-0.2384568815,-1.065265628,-2.8205492743,-0.5649863603,4.92713046,-0.6833056918,-0.8582891336
conservative-technology--purchase-high-indexed--tax-plus30--index-adopted--gdp-off--ets2-high-market,scenarios/conservative-technology--purchase-high-indexed--tax-plus30--index-adopted--gdp-off--ets2-high-market.json,conservative_technology,False,high_indexed,plus30,adopted,off,high_market,0.2289399424,0.071693156,0.3860025928,0.2218724522,0.0914918566,0.1282645866,0.0430019045,0.5711121887,0.200289184,0.0573321362,0.0809240883,0.027208802,0.715141589,0.1398434048,0.036882116,-2.4774408746,0.0199968671,1.6002592861,1.0719169485,-0.214732227,-5.1886116048,-0.9564684009,7.111218868,0.357030674,-1.3231695362,-4.2447380822,-0.8389135345,6.5141588989,-0.2886583601,-1.1418489221
conservative-technology--purchase-high-indexed--tax-plus30--index-adopted--gdp-off--ets2-off,scenarios/conservative-technology--purchase-high-indexed--tax-plus30--index-adopted--gdp-off--ets2-off.json,conservative_technology,False,high_indexed,plus30,adopted,off,off,0.2289399424,0.071693156,0.3860025928,0.2218724522,0.0914918566,0.159990316,0.0487776417,0.5413964678,0.1871867737,0.0626488007,0.111347507,0.0328662749,0.6820178791,0.1312201062,0.0425482328,-2.4774408746,0.0199968671,1.6002592861,1.0719169485,-0.214732227,-2.0160386593,-0.3788946802,4.1396467812,-0.9532103469,-0.7915030949,-1.2023962171,-0.2731662371,3.2017879157,-1.1509882233,-0.5752372382
conservative-technology--purchase-high-indexed--tax-plus30--index-adopted--gdp-on--ets2-adopted,scenarios/conservative-technology--purchase-high-indexed--tax-plus30--index-adopted--gdp-on--ets2-adopted.json,conservative_technology,False,high_indexed,plus30,adopted,on,adopted,0.2273679662,0.071687824,0.3870446028,0.2225621101,0.0913374969,0.1377040696,0.045469277,0.5617339673,0.1959486454,0.0591440408,0.0883471197,0.0294930865,0.706343822,0.137277411,0.0385385608,-2.634638491,0.0194636658,1.7044602771,1.1408827403,-0.2301681922,-4.2446633086,-0.7097311528,6.1733967271,-0.0770231846,-1.141979081,-3.5024349465,-0.6104850816,5.6343822037,-0.545257742,-0.9762044336
conservative-technology--purchase-high-indexed--tax-plus30--index-adopted--gdp-on--ets2-high-market,scenarios/conservative-technology--purchase-high-indexed--tax-plus30--index-adopted--gdp-on--ets2-high-market.json,conservative_technology,False,high_indexed,plus30,adopted,on,high_market,0.2273679662,0.071687824,0.3870446028,0.2225621101,0.0913374969,0.1239961962,0.042766949,0.575016072,0.2016102707,0.0566105121,0.075631041,0.0268061794,0.7209261849,0.1407931089,0.0358434858,-2.634638491,0.0194636658,1.7044602771,1.1408827403,-0.2301681922,-5.6154506418,-0.9799639531,7.5016071955,0.4891393464,-1.395331947,-4.7740428163,-0.8791757889,7.0926184908,-0.193687947,-1.2457119385
conservative-technology--purchase-high-indexed--tax-plus30--index-adopted--gdp-on--ets2-off,scenarios/conservative-technology--purchase-high-indexed--tax-plus30--index-adopted--gdp-on--ets2-off.json,conservative_technology,False,high_indexed,plus30,adopted,on,off,0.2273679662,0.071687824,0.3870446028,0.2225621101,0.0913374969,0.1539383276,0.0485358774,0.5465227936,0.1891634126,0.0618395887,0.1026332034,0.0323596642,0.6906544011,0.133123265,0.0412294663,-2.634638491,0.0194636658,1.7044602771,1.1408827403,-0.2301681922,-2.6212375026,-0.4030711108,4.6522793647,-0.7555464645,-0.8724242869,-2.0738265706,-0.3238273154,4.0654401103,-0.9606723363,-0.707113888
conservative-technology--purchase-high-indexed--tax-plus30--index-cpi-indexed--gdp-off--ets2-adopted,scenarios/conservative-technology--purchase-high-indexed--tax-plus30--index-cpi-indexed--gdp-off--ets2-adopted.json,conservative_technology,False,high_indexed,plus30,cpi_indexed,off,adopted,0.2334820615,0.0721847657,0.3828010575,0.2195528109,0.0919793044,0.1417157932,0.0459518674,0.5580624292,0.1944722156,0.0597976946,0.0910888444,0.0298710664,0.7033788838,0.1366093487,0.0390518568,-2.023228962,0.0691578288,1.280105756,0.8399528257,-0.1659874486,-3.8434909469,-0.6614721108,5.8062429234,-0.2246661615,-1.0766137043,-3.2282624763,-0.5726870952,5.3378883832,-0.6120639694,-0.9248748424
conservative-technology--purchase-high-indexed--tax-plus30--index-cpi-indexed--gdp-off--ets2-high-market,scenarios/conservative-technology--purchase-high-indexed--tax-plus30--index-cpi-indexed--gdp-off--ets2-high-market.json,conservative_technology,False,high_indexed,plus30,cpi_indexed,off,high_market,0.2334820615,0.0721847657,0.3828010575,0.2195528109,0.0919793044,0.1273906044,0.0432024591,0.5717951908,0.2003873968,0.057224349,0.0777699441,0.027123489,0.7184961778,0.1403152866,0.0362951025,-2.023228962,0.0691578288,1.280105756,0.8399528257,-0.1659874486,-5.2760098288,-0.9364129484,7.1795190782,0.366851961,-1.3339482619,-4.5601525012,-0.8474448349,6.8496177807,-0.2414701785,-1.2005502661
conservative-technology--purchase-high-indexed--tax-plus30--index-cpi-indexed--gdp-off--ets2-off,scenarios/conservative-technology--purchase-high-indexed--tax-plus30--index-cpi-indexed--gdp-off--ets2-off.json,conservative_technology,False,high_indexed,plus30,cpi_indexed,off,off,0.2334820615,0.0721847657,0.3828010575,0.2195528109,0.0919793044,0.1587294433,0.0490737815,0.5422910661,0.1873748933,0.0625308158,0.1061179682,0.0328080908,0.6870426921,0.1322265089,0.0418047401,-2.023228962,0.0691578288,1.280105756,0.8399528257,-0.1659874486,-2.1421259361,-0.3492807062,4.229106614,-0.9343983874,-0.8033015842,-1.7253500957,-0.278984655,3.7042692091,-1.050347947,-0.6495865114
conservative-technology--purchase-high-indexed--tax-plus30--index-cpi-indexed--gdp-on--ets2-adopted,scenarios/conservative-technology--purchase-high-indexed--tax-plus30--index-cpi-indexed--gdp-on--ets2-adopted.json,conservative_technology,False,high_indexed,plus30,cpi_indexed,on,adopted,0.2319326751,0.0721913872,0.383816523,0.22022526,0.0918341547,0.1366382143,0.0457184174,0.5625394373,0.1960815538,0.0590223773,0.0841205852,0.0293730672,0.7107280587,0.1379814588,0.0377968301,-2.1781676035,0.0698199817,1.3816523036,0.9071977325,-0.1805024144,-4.3512488376,-0.6848171148,6.2539437254,-0.0637323403,-1.1541454327,-3.9250883927,-0.6224870084,6.0728058694,-0.4748529636,-1.0503775046
conservative-technology--purchase-high-indexed--tax-plus30--index-cpi-indexed--gdp-on--ets2-high-market,scenarios/conservative-technology--purchase-high-indexed--tax-plus30--index-cpi-indexed--gdp-on--ets2-high-market.json,conservative_technology,False,high_indexed,plus30,cpi_indexed,on,high_market,0.2319326751,0.0721913872,0.383816523,0.22022526,0.0918341547,0.1231000985,0.0429745053,0.5757263736,0.2017036378,0.0564953847,0.0723248462,0.0266875117,0.724544408,0.141253494,0.0351897402,-2.1781676035,0.0698199817,1.3816523036,0.9071977325,-0.1805024144,-5.7050604117,-0.9592083207,7.5726373589,0.4984760603,-1.4068446868,-5.104662298,-0.8910425594,7.454440802,-0.1476494425,-1.3110865021
conservative-technology--purchase-high-indexed--tax-plus30--index-cpi-indexed--gdp-on--ets2-off,scenarios/conservative-technology--purchase-high-indexed--tax-plus30--index-cpi-indexed--gdp-on--ets2-off.json,conservative_technology,False,high_indexed,plus30,cpi_indexed,on,off,0.2319326751,0.0721913872,0.383816523,0.22022526,0.0918341547,0.1526554835,0.0488398599,0.5474461486,0.1893461959,0.061712312,0.0972760149,0.0322451208,0.6959569159,0.1341225058,0.0403994426,-2.1781676035,0.0698199817,1.3816523036,0.9071977325,-0.1805024144,-2.7495219126,-0.37267286,4.744614864,-0.7372681349,-0.8851519564,-2.6095454285,-0.335281654,4.5956915957,-0.8607482575,-0.7901162556
central-technology--purchase-adopted--tax-adopted--index-adopted--gdp-off--ets2-adopted,scenarios/central-technology--purchase-adopted--tax-adopted--index-adopted--gdp-off--ets2-adopted.json,central_technology,True,adopted,adopted,adopted,off,adopted,0.2496871392,0.0703583749,0.38,0.2078016433,0.0921528427,0.1621356324,0.0473099297,0.55,0.1770469895,0.0635074484,0.088122478,0.0254270981,0.75,0.1019499917,0.0345004323,0.0,0.0,0.0,0.0,0.0,0.0,0.0,0.0,0.0,0.0,0.0,0.0,0.0,0.0,0.0
central-technology--purchase-adopted--tax-adopted--index-adopted--gdp-off--ets2-high-market,scenarios/central-technology--purchase-adopted--tax-adopted--index-adopted--gdp-off--ets2-high-market.json,central_technology,False,adopted,adopted,adopted,off,high_market,0.2496871392,0.0703583749,0.38,0.2078016433,0.0921528427,0.1449227331,0.0446258532,0.5658446278,0.1837657188,0.060841067,0.0739820422,0.0230394596,0.7659152793,0.1051812157,0.0318820033,0.0,0.0,0.0,0.0,0.0,-1.7212899254,-0.2684076478,1.5844627814,0.671872935,-0.2666381433,-1.4140435769,-0.2387638456,1.5915279259,0.3231223983,-0.2618429017
central-technology--purchase-adopted--tax-adopted--index-adopted--gdp-off--ets2-off,scenarios/central-technology--purchase-adopted--tax-adopted--index-adopted--gdp-off--ets2-off.json,central_technology,False,adopted,adopted,adopted,off,off,0.2496871392,0.0703583749,0.38,0.2078016433,0.0921528427,0.1827923633,0.0503119622,0.5316043657,0.1689953777,0.0662959311,0.1045675415,0.0279795042,0.732239627,0.0980717476,0.0371415797,0.0,0.0,0.0,0.0,0.0,2.0656730958,0.3002032562,-1.8395634349,-0.805161179,0.2788482618,1.6445063564,0.255240615,-1.7760373012,-0.3878244128,0.2641147426
central-technology--purchase-adopted--tax-adopted--index-adopted--gdp-on--ets2-adopted,scenarios/central-technology--purchase-adopted--tax-adopted--index-adopted--gdp-on--ets2-adopted.json,central_technology,False,adopted,adopted,adopted,on,adopted,0.2482717439,0.0703805676,0.3809121932,0.2083942681,0.0920412271,0.1574626646,0.047188182,0.5539539577,0.1784933845,0.0629018112,0.0828087088,0.0251411623,0.7555540426,0.1028422256,0.0336538608,-0.1415395355,0.0022192785,0.0912193245,0.0592624879,-0.0111615553,-0.4672967768,-0.0121747649,0.3953957683,0.1446395006,-0.0605637272,-0.5313769191,-0.0285935806,0.5554042586,0.0892233864,-0.0846571454
central-technology--purchase-adopted--tax-adopted--index-adopted--gdp-on--ets2-high-market,scenarios/central-technology--purchase-adopted--tax-adopted--index-adopted--gdp-on--ets2-high-market.json,central_technology,False,adopted,adopted,adopted,on,high_market,0.2482717439,0.0703805676,0.3809121932,0.2083942681,0.0920412271,0.1410123766,0.0444908853,0.5692788123,0.1849543402,0.0602635855,0.0699474888,0.0227817655,0.7703420139,0.1057853075,0.0311434242,-0.1415395355,0.0022192785,0.0912193245,0.0592624879,-0.0111615553,-2.1123255762,-0.2819044363,1.9278812333,0.79073507,-0.3243862908,-1.817498912,-0.2645332601,2.0342013942,0.3835315802,-0.3357008023
central-technology--purchase-adopted--tax-adopted--index-adopted--gdp-on--ets2-off,scenarios/central-technology--purchase-adopted--tax-adopted--index-adopted--gdp-on--ets2-off.json,central_technology,False,adopted,adopted,adopted,on,off,0.2482717439,0.0703805676,0.3809121932,0.2083942681,0.0920412271,0.1771387876,0.0502156558,0.5362143217,0.1707609692,0.0656702657,0.0976083097,0.0276701977,0.7392152172,0.0993201656,0.0361861099,-0.1415395355,0.0022192785,0.0912193245,0.0592624879,-0.0111615553,1.5003155269,0.2905726088,-1.3785678283,-0.6286020325,0.2162817251,0.9485831702,0.2243099644,-1.0784782818,-0.2629826111,0.1685677582
central-technology--purchase-adopted--tax-adopted--index-cpi-indexed--gdp-off--ets2-adopted,scenarios/central-technology--purchase-adopted--tax-adopted--index-cpi-indexed--gdp-off--ets2-adopted.json,central_technology,False,adopted,adopted,cpi_indexed,off,adopted,0.2537632525,0.0706817671,0.3772093698,0.2058364145,0.0925091961,0.1611712196,0.0475309392,0.5506887173,0.1771895893,0.0634195345,0.0849577273,0.0253919149,0.7532175786,0.1024097453,0.0340230339,0.4076113315,0.0323392273,-0.2790630207,-0.1965228779,0.0356353397,-0.09644128,0.0221009544,0.0688717332,0.0142599834,-0.008791391,-0.3164750611,-0.0035183175,0.3217578573,0.045975358,-0.0477398367
central-technology--purchase-adopted--tax-adopted--index-cpi-indexed--gdp-off--ets2-high-market,scenarios/central-technology--purchase-adopted--tax-adopted--index-cpi-indexed--gdp-off--ets2-high-market.json,central_technology,False,adopted,adopted,cpi_indexed,off,high_market,0.2537632525,0.0706817671,0.3772093698,0.2058364145,0.0925091961,0.1441220162,0.0448075291,0.5664430531,0.183871572,0.0607558296,0.0715866559,0.0229923453,0.768475646,0.1054803234,0.0314650294,0.4076113315,0.0323392273,-0.2790630207,-0.1965228779,0.0356353397,-1.8013616219,-0.2502400571,1.6443053088,0.6824582554,-0.2751618851,-1.6535822013,-0.2434752771,1.8475646023,0.3530331673,-0.3035402912
central-technology--purchase-adopted--tax-adopted--index-cpi-indexed--gdp-off--ets2-off,scenarios/central-technology--purchase-adopted--tax-adopted--index-cpi-indexed--gdp-off--ets2-off.json,central_technology,False,adopted,adopted,cpi_indexed,off,off,0.2537632525,0.0706817671,0.3772093698,0.2058364145,0.0925091961,0.1816146296,0.0505859018,0.5324074183,0.1691845785,0.0662074718,0.100408569,0.0279672294,0.7362886798,0.0987316561,0.0366038656,0.4076113315,0.0323392273,-0.2790630207,-0.1965228779,0.0356353397,1.9478997271,0.3275972073,-1.7592581666,-0.7862411017,0.270002334,1.2286091063,0.2540131312,-1.371132018,-0.3218335554,0.2103433358
central-technology--purchase-adopted--tax-adopted--index-cpi-indexed--gdp-on--ets2-adopted,scenarios/central-technology--purchase-adopted--tax-adopted--index-cpi-indexed--gdp-on--ets2-adopted.json,central_technology,False,adopted,adopted,cpi_indexed,on,adopted,0.252375972,0.0707128838,0.3780949549,0.206411253,0.0924049364,0.1564664938,0.0474181901,0.5546726802,0.178635964,0.062806672,0.079463231,0.0250799765,0.7590279069,0.1033116314,0.0331172542,0.2688832794,0.0354508961,-0.1905045146,-0.1390390311,0.0252093703,-0.5669138614,0.0108260414,0.4672680161,0.1588974527,-0.0700776488,-0.8659246958,-0.0347121616,0.9027906946,0.1361639689,-0.1383178061
central-technology--purchase-adopted--tax-adopted--index-cpi-indexed--gdp-on--ets2-high-market,scenarios/central-technology--purchase-adopted--tax-adopted--index-cpi-indexed--gdp-on--ets2-high-market.json,central_technology,False,adopted,adopted,cpi_indexed,on,high_market,0.252375972,0.0707128838,0.3780949549,0.206411253,0.0924049364,0.1401827483,0.0446805502,0.5699052346,0.185059634,0.0601718329,0.0673891783,0.0227143316,0.7731339963,0.1060876928,0.030674801,0.2688832794,0.0354508961,-0.1905045146,-0.1390390311,0.0252093703,-2.1952884093,-0.2629379465,1.9905234597,0.801264448,-0.333561552,-2.0733299692,-0.2712766502,2.313399632,0.4137701129,-0.3825631255
central-technology--purchase-adopted--tax-adopted--index-cpi-indexed--gdp-on--ets2-off,scenarios/central-technology--purchase-adopted--tax-adopted--index-cpi-indexed--gdp-on--ets2-off.json,central_technology,False,adopted,adopted,cpi_indexed,on,off,0.252375972,0.0707128838,0.3780949549,0.206411253,0.0924049364,0.1759265813,0.0504996976,0.537049351,0.1709507153,0.0655736549,0.0932611549,0.027623828,0.7435385895,0.0999959355,0.0355804922,0.2688832794,0.0354508961,-0.1905045146,-0.1390390311,0.0252093703,1.3790948889,0.3189767869,-1.2950649028,-0.6096274232,0.2066206503,0.5138676904,0.2196729891,-0.6461410478,-0.1954056206,0.1080059889
central-technology--purchase-adopted--tax-plus30--index-adopted--gdp-off--ets2-adopted,scenarios/central-technology--purchase-adopted--tax-plus30--index-adopted--gdp-off--ets2-adopted.json,central_technology,False,adopted,plus30,adopted,off,adopted,0.2251514059,0.0705067657,0.3961631247,0.2182008697,0.089977834,0.1461429727,0.0467937153,0.5637319064,0.1820001282,0.0613312773,0.0791802862,0.0249174877,0.7594150904,0.1034410821,0.0330460535,-2.4535733287,0.014839083,1.6163124663,1.0399226439,-0.2175008646,-1.5992659654,-0.0516214339,1.3731906447,0.4953138713,-0.2176171168,-0.8942191708,-0.0509610353,0.9415090351,0.1491090441,-0.145437873
central-technology--purchase-adopted--tax-plus30--index-adopted--gdp-off--ets2-high-market,scenarios/central-technology--purchase-adopted--tax-plus30--index-adopted--gdp-off--ets2-high-market.json,central_technology,False,adopted,plus30,adopted,off,high_market,0.2251514059,0.0705067657,0.3961631247,0.2182008697,0.089977834,0.1314894777,0.0440830795,0.5778131,0.187840734,0.0587736089,0.067168979,0.0225839733,0.7734446356,0.1061893508,0.0306130613,-2.4535733287,0.014839083,1.6163124663,1.0399226439,-0.2175008646,-3.064615471,-0.3226850205,2.7813099961,1.0793744499,-0.4733839545,-2.0953498946,-0.2843124801,2.3444635637,0.4239359126,-0.3887371016
central-technology--purchase-adopted--tax-plus30--index-adopted--gdp-off--ets2-off,scenarios/central-technology--purchase-adopted--tax-plus30--index-adopted--gdp-off--ets2-off.json,central_technology,False,adopted,plus30,adopted,off,off,0.2251514059,0.0705067657,0.3961631247,0.2182008697,0.089977834,0.1635273255,0.0498560006,0.5475498939,0.1750329618,0.0640338182,0.0929005934,0.0274213274,0.7440206224,0.1001581791,0.0354992777,-2.4535733287,0.014839083,1.6163124663,1.0399226439,-0.2175008646,0.1391693103,0.2546070937,-0.2450106105,-0.2014027719,0.0526369783,0.4778115473,0.1994229338,-0.5979377648,-0.1791812639,0.0998845476
central-technology--purchase-adopted--tax-plus30--index-adopted--gdp-on--ets2-adopted,scenarios/central-technology--purchase-adopted--tax-plus30--index-adopted--gdp-on--ets2-adopted.json,central_technology,False,adopted,plus30,adopted,on,adopted,0.2235954547,0.0704983726,0.3972148186,0.2188693378,0.0898220162,0.1410244451,0.0465656504,0.5682544456,0.1835853133,0.0605701456,0.0734210139,0.0245102763,0.765671316,0.1043698616,0.0320275321,-2.6091684493,0.0139997776,1.72148186,1.1067694539,-0.2330826422,-2.1111187232,-0.0744279284,1.8254445557,0.6538323847,-0.2937302887,-1.4701464021,-0.0916821769,1.5671316039,0.2419869905,-0.2472900155
central-technology--purchase-adopted--tax-plus30--index-adopted--gdp-on--ets2-high-market,scenarios/central-technology--purchase-adopted--tax-plus30--index-adopted--gdp-on--ets2-high-market.json,central_technology,False,adopted,plus30,adopted,on,high_market,0.2235954547,0.0704983726,0.3972148186,0.2188693378,0.0898220162,0.1271593621,0.0438579418,0.5817805087,0.1891475306,0.0580546568,0.0627180995,0.0222293996,0.7785162453,0.1068125433,0.0297237124,-2.6091684493,0.0139997776,1.72148186,1.1067694539,-0.2330826422,-3.4976270233,-0.345198789,3.1780508672,1.2100541115,-0.5452791664,-2.540437842,-0.3197698518,2.8516245267,0.4862551551,-0.477671988
central-technology--purchase-adopted--tax-plus30--index-adopted--gdp-on--ets2-off,scenarios/central-technology--purchase-adopted--tax-plus30--index-adopted--gdp-on--ets2-off.json,central_technology,False,adopted,plus30,adopted,on,off,0.2235954547,0.0704983726,0.3972148186,0.2188693378,0.0898220162,0.1574117349,0.049631023,0.5527621579,0.1769601699,0.0632349143,0.0855023376,0.0269583998,0.7517321923,0.1014593579,0.0343477123,-2.6091684493,0.0139997776,1.72148186,1.1067694539,-0.2330826422,-0.4723897474,0.232109327,0.2762157937,-0.0086819552,-0.027253418,-0.2620140337,0.1531301711,0.1732192322,-0.049063376,-0.0152719937
central-technology--purchase-adopted--tax-plus30--index-cpi-indexed--gdp-off--ets2-adopted,scenarios/central-technology--purchase-adopted--tax-plus30--index-cpi-indexed--gdp-off--ets2-adopted.json,central_technology,False,adopted,plus30,cpi_indexed,off,adopted,0.2296498812,0.0709999849,0.3929312476,0.2159492537,0.0904696326,0.1450819869,0.0470433681,0.5645184477,0.1821381202,0.061218077,0.0757350169,0.0248360349,0.7630489906,0.1039106354,0.0324693222,-2.0037258053,0.0641610083,1.2931247639,0.8147610441,-0.168321011,-1.7053645438,-0.0266561538,1.4518447686,0.5091130714,-0.2289371424,-1.238746101,-0.0591063191,1.304899063,0.1960643682,-0.2031110111
central-technology--purchase-adopted--tax-plus30--index-cpi-indexed--gdp-off--ets2-high-market,scenarios/central-technology--purchase-adopted--tax-plus30--index-cpi-indexed--gdp-off--ets2-high-market.json,central_technology,False,adopted,plus30,cpi_indexed,off,high_market,0.2296498812,0.0709999849,0.3929312476,0.2159492537,0.0904696326,0.1305991009,0.0442905687,0.5785038404,0.1879408721,0.058665618,0.064515452,0.0225007767,0.776385459,0.1064890591,0.0301092533,-2.0037258053,0.0641610083,1.2931247639,0.8147610441,-0.168321011,-3.1536531482,-0.3019361023,2.8503840425,1.0893882563,-0.4841830482,-2.3607025996,-0.292632135,2.6385458962,0.4539067405,-0.4391179022
central-technology--purchase-adopted--tax-plus30--index-cpi-indexed--gdp-off--ets2-off,scenarios/central-technology--purchase-adopted--tax-plus30--index-cpi-indexed--gdp-off--ets2-off.json,central_technology,False,adopted,plus30,cpi_indexed,off,off,0.2296498812,0.0709999849,0.3929312476,0.2159492537,0.0904696326,0.1622475382,0.0501614576,0.5484557057,0.1752185437,0.0639167549,0.0884585082,0.0273483823,0.748508858,0.1008363836,0.0348478679,-2.0037258053,0.0641610083,1.2931247639,0.8147610441,-0.168321011,0.0111905797,0.285152788,-0.1544294341,-0.1828445766,0.0409306431,0.0336030212,0.1921284238,-0.1491141965,-0.1113608148,0.0347435663
central-technology--purchase-adopted--tax-plus30--index-cpi-indexed--gdp-on--ets2-adopted,scenarios/central-technology--purchase-adopted--tax-plus30--index-cpi-indexed--gdp-on--ets2-adopted.json,central_technology,False,adopted,plus30,cpi_indexed,on,adopted,0.228115993,0.0710034063,0.393956433,0.216601235,0.0903229326,0.1399398937,0.0468231417,0.5690693592,0.1837190314,0.060448574,0.0698572796,0.0243926331,0.7695337988,0.1048282078,0.0313880808,-2.1571146208,0.0645031471,1.3956433005,0.8799591758,-0.1829910027,-2.2195738663,-0.0486787969,1.9069359241,0.6672041859,-0.3058874468,-1.8265198384,-0.1034465005,1.953379875,0.2878216062,-0.3112351423
central-technology--purchase-adopted--tax-plus30--index-cpi-indexed--gdp-on--ets2-high-market,scenarios/central-technology--purchase-adopted--tax-plus30--index-cpi-indexed--gdp-on--ets2-high-market.json,central_technology,False,adopted,plus30,cpi_indexed,on,high_market,0.228115993,0.0710034063,0.393956433,0.216601235,0.0903229326,0.1262459763,0.0440727379,0.5824986584,0.1892434779,0.0579391494,0.0599413024,0.0221180451,0.7816770206,0.1070991196,0.0291645122,-2.1571146208,0.0645031471,1.3956433005,0.8799591758,-0.1829910027,-3.5889656055,-0.3237191746,3.2498658438,1.2196488374,-0.556829901,-2.818117551,-0.330905295,3.1677020599,0.5149127936,-0.5335920076
central-technology--purchase-adopted--tax-plus30--index-cpi-indexed--gdp-on--ets2-off,scenarios/central-technology--purchase-adopted--tax-plus30--index-cpi-indexed--gdp-on--ets2-off.json,central_technology,False,adopted,plus30,cpi_indexed,on,off,0.228115993,0.0710034063,0.393956433,0.216601235,0.0903229326,0.1561088255,0.0499447055,0.553696875,0.1771412383,0.0631083557,0.0809647091,0.0268382379,0.7564450225,0.1021267928,0.0336252377,-2.1571146208,0.0645031471,1.3956433005,0.8799591758,-0.1829910027,-0.6026806909,0.2634775841,0.3696875027,0.0094248809,-0.0399092768,-0.7157768818,0.1411139776,0.6445022531,0.0176801088,-0.0875194577
central-technology--purchase-low-indexed--tax-adopted--index-adopted--gdp-off--ets2-adopted,scenarios/central-technology--purchase-low-indexed--tax-adopted--index-adopted--gdp-off--ets2-adopted.json,central_technology,False,low_indexed,adopted,adopted,off,adopted,0.2496871392,0.0703583749,0.38,0.2078016433,0.0921528427,0.1550870415,0.0452532051,0.5644637538,0.1744494373,0.0607465623,0.0832956291,0.024034346,0.7607919202,0.0992674102,0.0326106945,0.0,0.0,0.0,0.0,0.0,-0.7048590861,-0.2056724565,1.4463753755,-0.2597552187,-0.2760886143,-0.4826848877,-0.1392752027,1.0791920195,-0.2682581547,-0.1889737745
central-technology--purchase-low-indexed--tax-adopted--index-adopted--gdp-off--ets2-high-market,scenarios/central-technology--purchase-low-indexed--tax-adopted--index-adopted--gdp-off--ets2-high-market.json,central_technology,False,low_indexed,adopted,adopted,off,high_market,0.2496871392,0.0703583749,0.38,0.2078016433,0.0921528427,0.1384069822,0.0426194672,0.580079756,0.1807881524,0.0581056422,0.0698129666,0.0217411277,0.776117919,0.1022426151,0.0300853716,0.0,0.0,0.0,0.0,0.0,-2.3728650183,-0.4690462489,3.0079756042,0.3741162868,-0.5401806238,-1.8309511324,-0.368597039,2.6117919016,0.029262339,-0.4415060692
central-technology--purchase-low-indexed--tax-adopted--index-adopted--gdp-off--ets2-off,scenarios/central-technology--purchase-low-indexed--tax-adopted--index-adopted--gdp-off--ets2-off.json,central_technology,False,low_indexed,adopted,adopted,off,off,0.2496871392,0.0703583749,0.38,0.2078016433,0.0921528427,0.1751576095,0.0482105646,0.5462919469,0.1668129538,0.0635269253,0.0990179317,0.0264945756,0.7436539028,0.0956631885,0.0351704013,0.0,0.0,0.0,0.0,0.0,1.3021977102,0.0900634885,-0.3708053101,-1.0234035698,0.0019476812,1.0895453721,0.1067477559,-0.634609715,-0.6286803183,0.0669969053
central-technology--purchase-low-indexed--tax-adopted--index-adopted--gdp-on--ets2-adopted,scenarios/central-technology--purchase-low-indexed--tax-adopted--index-adopted--gdp-on--ets2-adopted.json,central_technology,False,low_indexed,adopted,adopted,on,adopted,0.2482717439,0.0703805676,0.3809121932,0.2083942681,0.0920412271,0.1505608445,0.0451198546,0.5683657906,0.175808778,0.0601447323,0.0782293644,0.0237508491,0.7661465454,0.100080448,0.0317927931,-0.1415395355,0.0022192785,0.0912193245,0.0592624879,-0.0111615553,-1.157478788,-0.219007505,1.8365790614,-0.1238211542,-0.3362716142,-0.989311352,-0.1676248981,1.6146545439,-0.1869543742,-0.2707639196
central-technology--purchase-low-indexed--tax-adopted--index-adopted--gdp-on--ets2-high-market,scenarios/central-technology--purchase-low-indexed--tax-adopted--index-adopted--gdp-on--ets2-high-market.json,central_technology,False,low_indexed,adopted,adopted,on,high_market,0.2482717439,0.0703805676,0.3809121932,0.2083942681,0.0920412271,0.1346282515,0.0424766268,0.5834620638,0.1818978163,0.0575352416,0.0659756522,0.0214881457,0.7803782903,0.1027829083,0.0293750034,-0.1415395355,0.0022192785,0.0912193245,0.0592624879,-0.0111615553,-2.7507380848,-0.4833302855,3.3462063809,0.4850826778,-0.5972206884,-2.2146825783,-0.3938952327,3.0378290336,0.0832916597,-0.5125428824
central-technology--purchase-low-indexed--tax-adopted--index-adopted--gdp-on--ets2-off,scenarios/central-technology--purchase-low-indexed--tax-adopted--index-adopted--gdp-on--ets2-off.json,central_technology,False,low_indexed,adopted,adopted,on,off,0.2482717439,0.0703805676,0.3809121932,0.2083942681,0.0920412271,0.1696669528,0.0480975252,0.5508522338,0.1684830392,0.0629002491,0.0923654565,0.0261839433,0.750392814,0.0968153476,0.0342424387,-0.1415395355,0.0022192785,0.0912193245,0.0592624879,-0.0111615553,0.7531320385,0.0787595477,0.0852233799,-0.8563950313,-0.0607199348,0.4242978543,0.0756845205,0.0392813976,-0.5134644107,-0.0257993618
central-technology--purchase-low-indexed--tax-adopted--index-cpi-indexed--gdp-off--ets2-adopted,scenarios/central-technology--purchase-low-indexed--tax-adopted--index-cpi-indexed--gdp-off--ets2-adopted.json,central_technology,False,low_indexed,adopted,cpi_indexed,off,adopted,0.2537632525,0.0706817671,0.3772093698,0.2058364145,0.0925091961,0.1541553211,0.0454618835,0.5651444709,0.1745794877,0.0606588368,0.0802787603,0.023993479,0.7638950677,0.0996834457,0.0321492473,0.4076113315,0.0323392273,-0.2790630207,-0.1965228779,0.0356353397,-0.7980311238,-0.1848046228,1.5144470885,-0.2467501821,-0.2848611598,-0.7843717691,-0.1433619051,1.3895067735,-0.2266545973,-0.2351185021
central-technology--purchase-low-indexed--tax-adopted--index-cpi-indexed--gdp-off--ets2-high-market,scenarios/central-technology--purchase-low-indexed--tax-adopted--index-cpi-indexed--gdp-off--ets2-high-market.json,central_technology,False,low_indexed,adopted,cpi_indexed,off,high_market,0.2537632525,0.0706817671,0.3772093698,0.2058364145,0.0925091961,0.1376350872,0.0427907432,0.5806701022,0.1808828565,0.058021211,0.0675350541,0.0216910437,0.7785829188,0.1025067854,0.0296841979,0.4076113315,0.0323392273,-0.2790630207,-0.1965228779,0.0356353397,-2.4500545149,-0.4519186519,3.0670102177,0.383586696,-0.548623747,-2.0587423815,-0.373605434,2.8582918822,0.0556793715,-0.4816234382
central-technology--purchase-low-indexed--tax-adopted--index-cpi-indexed--gdp-off--ets2-off,scenarios/central-technology--purchase-low-indexed--tax-adopted--index-cpi-indexed--gdp-off--ets2-off.json,central_technology,False,low_indexed,adopted,cpi_indexed,off,off,0.2537632525,0.0706817671,0.3772093698,0.2058364145,0.0925091961,0.1740169665,0.0484696921,0.547087492,0.1669880999,0.0634377496,0.0950428737,0.0264726993,0.7475670168,0.0962696047,0.0346478056,0.4076113315,0.0323392273,-0.2790630207,-0.1965228779,0.0356353397,1.1881334132,0.1159762372,-0.2912508021,-1.0058889642,-0.006969884,0.6920395738,0.104560118,-0.2432983181,-0.5680387044,0.0147373307
central-technology--purchase-low-indexed--tax-adopted--index-cpi-indexed--gdp-on--ets2-adopted,scenarios/central-technology--purchase-low-indexed--tax-adopted--index-cpi-indexed--gdp-on--ets2-adopted.json,central_technology,False,low_indexed,adopted,cpi_indexed,on,adopted,0.252375972,0.0707128838,0.3780949549,0.206411253,0.0924049364,0.1495989897,0.0453369483,0.5690758315,0.1759382196,0.060050011,0.0750429392,0.0236848556,0.7694946708,0.1005024898,0.0312750446,0.2688832794,0.0354508961,-0.1905045146,-0.1390390311,0.0252093703,-1.2536642701,-0.1972981432,1.9075831461,-0.110876987,-0.3457437458,-1.3079538732,-0.1742242507,1.9494670834,-0.1447501942,-0.3225387653
central-technology--purchase-low-indexed--tax-adopted--index-cpi-indexed--gdp-on--ets2-high-market,scenarios/central-technology--purchase-low-indexed--tax-adopted--index-cpi-indexed--gdp-on--ets2-high-market.json,central_technology,False,low_indexed,adopted,cpi_indexed,on,high_market,0.252375972,0.0707128838,0.3780949549,0.206411253,0.0924049364,0.1338288831,0.0426553781,0.5840797869,0.1819914425,0.0574445094,0.0635445049,0.0214184383,0.7830649577,0.1030473504,0.0289247487,0.2688832794,0.0354508961,-0.1905045146,-0.1390390311,0.0252093703,-2.8306749265,-0.4654551573,3.4079786944,0.4944452986,-0.6062939091,-2.4577973024,-0.4008659806,3.3064957749,0.1097358681,-0.55756836
central-technology--purchase-low-indexed--tax-adopted--index-cpi-indexed--gdp-on--ets2-off,scenarios/central-technology--purchase-low-indexed--tax-adopted--index-cpi-indexed--gdp-on--ets2-off.json,central_technology,False,low_indexed,adopted,cpi_indexed,on,off,0.252375972,0.0707128838,0.3780949549,0.206411253,0.0924049364,0.1684936939,0.0483660884,0.5516789877,0.168658058,0.062803172,0.0882148765,0.0261291271,0.7545674416,0.0974332915,0.0336552633,0.2688832794,0.0354508961,-0.1905045146,-0.1390390311,0.0252093703,0.6358061504,0.1056158711,0.1678987712,-0.8388931488,-0.070427644,0.0092398523,0.0702029058,0.4567441647,-0.451670024,-0.0845168988
central-technology--purchase-low-indexed--tax-plus30--index-adopted--gdp-off--ets2-adopted,scenarios/central-technology--purchase-low-indexed--tax-plus30--index-adopted--gdp-off--ets2-adopted.json,central_technology,False,low_indexed,plus30,adopted,off,adopted,0.2251514059,0.0705067657,0.3961631247,0.2182008697,0.089977834,0.1396074421,0.044701095,0.578006752,0.1790961754,0.0585885355,0.0747723982,0.0235303559,0.7698669018,0.1006239317,0.0312064125,-2.4535733287,0.014839083,1.6163124663,1.0399226439,-0.2175008646,-2.2528190296,-0.2608834701,2.8006752044,0.2049185934,-0.4918912981,-1.3350079792,-0.1896742207,1.9866901766,-0.1326059979,-0.3294019789
central-technology--purchase-low-indexed--tax-plus30--index-adopted--gdp-off--ets2-high-market,scenarios/central-technology--purchase-low-indexed--tax-plus30--index-adopted--gdp-off--ets2-high-market.json,central_technology,False,low_indexed,plus30,adopted,off,high_market,0.2251514059,0.0705067657,0.3961631247,0.2182008697,0.089977834,0.125433814,0.0420528615,0.5918610786,0.1845854179,0.056066828,0.0633345077,0.0212947234,0.7833630633,0.1031422504,0.0288654553,-2.4535733287,0.014839083,1.6163124663,1.0399226439,-0.2175008646,-3.6701818398,-0.52570682,4.1861078643,0.7538428419,-0.7440620464,-2.4787970297,-0.4132374687,3.3363063255,0.1192258679,-0.5634976951
central-technology--purchase-low-indexed--tax-plus30--index-adopted--gdp-off--ets2-off,scenarios/central-technology--purchase-low-indexed--tax-plus30--index-adopted--gdp-off--ets2-off.json,central_technology,False,low_indexed,plus30,adopted,off,off,0.2251514059,0.0705067657,0.3961631247,0.2182008697,0.089977834,0.1564626669,0.0477021366,0.5620537972,0.1725139509,0.0612674484,0.0878691479,0.0259362033,0.7550318094,0.0975861832,0.0335766562,-2.4535733287,0.014839083,1.6163124663,1.0399226439,-0.2175008646,-0.5672965438,0.039220693,1.2053797177,-0.4533038614,-0.2240000055,-0.0253330015,0.0509105196,0.5031809386,-0.4363808515,-0.0923776052
central-technology--purchase-low-indexed--tax-plus30--index-adopted--gdp-on--ets2-adopted,scenarios/central-technology--purchase-low-indexed--tax-plus30--index-adopted--gdp-on--ets2-adopted.json,central_technology,False,low_indexed,plus30,adopted,on,adopted,0.2235954547,0.0704983726,0.3972148186,0.2188693378,0.0898220162,0.1346596392,0.0444640195,0.5824618331,0.1805780534,0.0578364548,0.0692894676,0.0231310344,0.77589163,0.1014625888,0.0302252792,-2.6091684493,0.0139997776,1.72148186,1.1067694539,-0.2330826422,-2.7475993141,-0.2845910151,3.2461833051,0.3531063871,-0.5670993631,-1.8833010365,-0.2296063719,2.5891630004,-0.0487402892,-0.4275153027
central-technology--purchase-low-indexed--tax-plus30--index-adopted--gdp-on--ets2-high-market,scenarios/central-technology--purchase-low-indexed--tax-plus30--index-adopted--gdp-on--ets2-high-market.json,central_technology,False,low_indexed,plus30,adopted,on,high_market,0.2235954547,0.0704983726,0.3972148186,0.2188693378,0.0898220162,0.1212568309,0.0418221273,0.5957625469,0.1857986412,0.0553598538,0.0591063409,0.0209492711,0.7882398614,0.1036925191,0.0280120075,-2.6091684493,0.0139997776,1.72148186,1.1067694539,-0.2330826422,-4.0878801514,-0.5487802391,4.5762546871,0.8751651674,-0.8147594641,-2.9016137053,-0.4477827003,3.8239861414,0.1742527367,-0.6488424725
central-technology--purchase-low-indexed--tax-plus30--index-adopted--gdp-on--ets2-off,scenarios/central-technology--purchase-low-indexed--tax-plus30--index-adopted--gdp-on--ets2-off.json,central_technology,False,low_indexed,plus30,adopted,on,off,0.2235954547,0.0704983726,0.3972148186,0.2188693378,0.0898220162,0.1505370322,0.0474634684,0.5671988262,0.1743274414,0.0604732318,0.0808096558,0.0254788239,0.7624706783,0.098778258,0.0324625839,-2.6091684493,0.0139997776,1.72148186,1.1067694539,-0.2330826422,-1.1598600133,0.0153538699,1.7198826201,-0.2719548089,-0.3034216678,-0.7312822182,0.0051725868,1.2470678338,-0.3171733674,-0.203784835
central-technology--purchase-low-indexed--tax-plus30--index-cpi-indexed--gdp-off--ets2-adopted,scenarios/central-technology--purchase-low-indexed--tax-plus30--index-cpi-indexed--gdp-off--ets2-adopted.json,central_technology,False,low_indexed,plus30,cpi_indexed,off,adopted,0.2296498812,0.0709999849,0.3929312476,0.2159492537,0.0904696326,0.1385844423,0.0449365154,0.5787829071,0.17921973,0.0584764052,0.0714928823,0.0234448976,0.7733677055,0.1010438918,0.0306506227,-2.0037258053,0.0641610083,1.2931247639,0.8147610441,-0.168321011,-2.355119009,-0.2373414301,2.8782907089,0.2172740503,-0.5031043201,-1.6629595602,-0.1982200434,2.3367705499,-0.0906099887,-0.3849809575
central-technology--purchase-low-indexed--tax-plus30--index-cpi-indexed--gdp-off--ets2-high-market,scenarios/central-technology--purchase-low-indexed--tax-plus30--index-cpi-indexed--gdp-off--ets2-high-market.json,central_technology,False,low_indexed,plus30,cpi_indexed,off,high_market,0.2296498812,0.0709999849,0.3929312476,0.2159492537,0.0904696326,0.1245769693,0.0422482603,0.5925415753,0.1846727417,0.0559604533,0.0608141143,0.0212098771,0.7861920019,0.1034021615,0.0283818452,-2.0037258053,0.0641610083,1.2931247639,0.8147610441,-0.168321011,-3.7558663037,-0.5061669349,4.2541575286,0.7625752218,-0.7546995118,-2.7308363611,-0.4217220952,3.6192001887,0.1452169757,-0.6118587081
central-technology--purchase-low-indexed--tax-plus30--index-cpi-indexed--gdp-off--ets2-off,scenarios/central-technology--purchase-low-indexed--tax-plus30--index-cpi-indexed--gdp-off--ets2-off.json,central_technology,False,low_indexed,plus30,cpi_indexed,off,off,0.2296498812,0.0709999849,0.3929312476,0.2159492537,0.0904696326,0.155225996,0.0479906339,0.5629494025,0.1726833205,0.061150647,0.083630995,0.0258558783,0.7593631008,0.0982039371,0.0329460888,-2.0037258053,0.0641610083,1.2931247639,0.8147610441,-0.168321011,-0.6909636333,0.0680704264,1.2949402518,-0.4363669041,-0.2356801408,-0.4491482974,0.0428780249,0.9363100769,-0.3746054608,-0.1554343436
central-technology--purchase-low-indexed--tax-plus30--index-cpi-indexed--gdp-on--ets2-adopted,scenarios/central-technology--purchase-low-indexed--tax-plus30--index-cpi-indexed--gdp-on--ets2-adopted.json,central_technology,False,low_indexed,plus30,cpi_indexed,on,adopted,0.228115993,0.0710034063,0.393956433,0.216601235,0.0903229326,0.1336145951,0.0447067306,0.5832655697,0.1806968128,0.0577162918,0.0659004755,0.0230110037,0.7796100082,0.1018682921,0.0296102205,-2.1571146208,0.0645031471,1.3956433005,0.8799591758,-0.1829910027,-2.8521037225,-0.2603199116,3.3265569702,0.3649823289,-0.579115665,-2.2222002466,-0.2416094388,2.961000823,-0.0081699618,-0.4890211758
central-technology--purchase-low-indexed--tax-plus30--index-cpi-indexed--gdp-on--ets2-high-market,scenarios/central-technology--purchase-low-indexed--tax-plus30--index-cpi-indexed--gdp-on--ets2-high-market.json,central_technology,False,low_indexed,plus30,cpi_indexed,on,high_market,0.228115993,0.0710034063,0.393956433,0.216601235,0.0903229326,0.120378346,0.0420243357,0.5964697375,0.1858813133,0.0552462675,0.0564709833,0.0208375145,0.7912787453,0.1039367327,0.0274760243,-2.1571146208,0.0645031471,1.3956433005,0.8799591758,-0.1829910027,-4.1757286414,-0.5285593942,4.6469737539,0.8834323787,-0.8261180971,-3.1651494665,-0.4589583611,4.1278745285,0.198674099,-0.7024407999
central-technology--purchase-low-indexed--tax-plus30--index-cpi-indexed--gdp-on--ets2-off,scenarios/central-technology--purchase-low-indexed--tax-plus30--index-cpi-indexed--gdp-on--ets2-off.json,central_technology,False,low_indexed,plus30,cpi_indexed,on,off,0.228115993,0.0710034063,0.393956433,0.216601235,0.0903229326,0.1492789511,0.0477595884,0.5681224386,0.1744917025,0.0603473194,0.0764853908,0.0253534303,0.7670145378,0.0993816971,0.0317649439,-2.1571146208,0.0645031471,1.3956433005,0.8799591758,-0.1829910027,-1.2856681233,0.0449658754,1.8122438556,-0.2555286983,-0.3160129095,-1.1637087117,-0.0073667756,1.7014537819,-0.2568294618,-0.2735488329
central-technology--purchase-legacy-indexed--tax-adopted--index-adopted--gdp-off--ets2-adopted,scenarios/central-technology--purchase-legacy-indexed--tax-adopted--index-adopted--gdp-off--ets2-adopted.json,central_technology,False,legacy_indexed,adopted,adopted,off,adopted,0.2496871392,0.0703583749,0.38,0.2078016433,0.0921528427,0.1481973393,0.043242843,0.5787928653,0.1717190405,0.0580479118,0.078673965,0.0227007986,0.771241213,0.0965827356,0.0308012878,0.0,0.0,0.0,0.0,0.0,-1.3938293059,-0.4067086641,2.8792865345,-0.5327948991,-0.5459536654,-0.9448512927,-0.2726299469,2.1241212962,-0.5367256058,-0.3699144508
central-technology--purchase-legacy-indexed--tax-adopted--index-adopted--gdp-off--ets2-high-market,scenarios/central-technology--purchase-legacy-indexed--tax-adopted--index-adopted--gdp-off--ets2-high-market.json,central_technology,False,legacy_indexed,adopted,adopted,off,high_market,0.2496871392,0.0703583749,0.38,0.2078016433,0.0921528427,0.1320552069,0.040663574,0.5941568694,0.1776852926,0.0554390572,0.065831876,0.0205013379,0.7859817554,0.0993152801,0.0283697506,0.0,0.0,0.0,0.0,0.0,-3.0080425512,-0.6646355725,4.4156869405,0.0638303085,-0.8068391253,-2.2290601974,-0.4925760135,3.5981755377,-0.2634711577,-0.613068169
central-technology--purchase-legacy-indexed--tax-adopted--index-adopted--gdp-off--ets2-off,scenarios/central-technology--purchase-legacy-indexed--tax-adopted--index-adopted--gdp-off--ets2-off.json,central_technology,False,legacy_indexed,adopted,adopted,off,off,0.2496871392,0.0703583749,0.38,0.2078016433,0.0921528427,0.1676717659,0.0461501531,0.5608741899,0.1644919642,0.0608119269,0.0936885769,0.0250685815,0.7547255223,0.0932398635,0.0332774558,0.0,0.0,0.0,0.0,0.0,0.553613353,-0.1159776569,1.0874189912,-1.2555025311,-0.2695521563,0.5566098944,-0.035851661,0.4725522328,-0.8710128234,-0.1222976428
central-technology--purchase-legacy-indexed--tax-adopted--index-adopted--gdp-on--ets2-adopted,scenarios/central-technology--purchase-legacy-indexed--tax-adopted--index-adopted--gdp-on--ets2-adopted.json,central_technology,False,legacy_indexed,adopted,adopted,on,adopted,0.2482717439,0.0703805676,0.3809121932,0.2083942681,0.0920412271,0.1438189747,0.0430994609,0.5826369532,0.1729930622,0.057451549,0.0738486551,0.0224208426,0.7763971737,0.0973208771,0.0300124516,-0.1415395355,0.0022192785,0.0912193245,0.0592624879,-0.0111615553,-1.8316657698,-0.421046878,3.2636953231,-0.405392729,-0.6055899465,-1.4273822844,-0.3006255518,2.6397173684,-0.4629114612,-0.448798071
central-technology--purchase-legacy-indexed--tax-adopted--index-adopted--gdp-on--ets2-high-market,scenarios/central-technology--purchase-legacy-indexed--tax-adopted--index-adopted--gdp-on--ets2-high-market.json,central_technology,False,legacy_indexed,adopted,adopted,on,high_market,0.2482717439,0.0703805676,0.3809121932,0.2083942681,0.0920412271,0.1284082992,0.0405141666,0.5974824492,0.1787180259,0.0548770591,0.062185695,0.0202537638,0.7900773109,0.0997956676,0.0276875627,-0.1415395355,0.0022192785,0.0912193245,0.0592624879,-0.0111615553,-3.3727333139,-0.6795763106,4.7482449201,0.1671036394,-0.8630389349,-2.5936782953,-0.5173334245,4.0077310924,-0.2154324137,-0.6812869589
central-technology--purchase-legacy-indexed--tax-adopted--index-adopted--gdp-on--ets2-off,scenarios/central-technology--purchase-legacy-indexed--tax-adopted--index-adopted--gdp-on--ets2-off.json,central_technology,False,legacy_indexed,adopted,adopted,on,off,0.2482717439,0.0703805676,0.3809121932,0.2083942681,0.0920412271,0.1623463627,0.0460222697,0.5653772478,0.1660678166,0.0601863031,0.0873362995,0.0247582679,0.7612270714,0.0943003707,0.0323779906,-0.1415395355,0.0022192785,0.0912193245,0.0592624879,-0.0111615553,0.021073031,-0.1287659955,1.5377247804,-1.0979172862,-0.3321145298,-0.0786178419,-0.0668830212,1.122707137,-0.7649621034,-0.2122441706
central-technology--purchase-legacy-indexed--tax-adopted--index-cpi-indexed--gdp-off--ets2-adopted,scenarios/central-technology--purchase-legacy-indexed--tax-adopted--index-cpi-indexed--gdp-off--ets2-adopted.json,central_technology,False,legacy_indexed,adopted,cpi_indexed,off,adopted,0.2537632525,0.0706817671,0.3772093698,0.2058364145,0.0925091961,0.1472982835,0.0434396773,0.5794645149,0.1718368747,0.0579606496,0.0758010102,0.0226551823,0.7742302756,0.0969574898,0.030356042,0.4076113315,0.0323392273,-0.2790630207,-0.1965228779,0.0356353397,-1.4837348832,-0.3870252414,2.946451487,-0.5210114759,-0.5546798865,-1.2321467726,-0.2771915771,2.4230275641,-0.4992501891,-0.4144390254
central-technology--purchase-legacy-indexed--tax-adopted--index-cpi-indexed--gdp-off--ets2-high-market,scenarios/central-technology--purchase-legacy-indexed--tax-adopted--index-cpi-indexed--gdp-off--ets2-high-market.json,central_technology,False,legacy_indexed,adopted,cpi_indexed,off,high_market,0.2537632525,0.0706817671,0.3772093698,0.2058364145,0.0925091961,0.131311974,0.0408248875,0.594738271,0.1777692173,0.0553556502,0.0636677602,0.0204489385,0.7883522129,0.0995467117,0.0279843767,0.4076113315,0.0323392273,-0.2790630207,-0.1965228779,0.0356353397,-3.0823658377,-0.6485042171,4.4738270956,0.0722227815,-0.8151798222,-2.4454717754,-0.4978159541,3.8352212855,-0.2403279951,-0.6516055609
central-technology--purchase-legacy-indexed--tax-adopted--index-cpi-indexed--gdp-off--ets2-off,scenarios/central-technology--purchase-legacy-indexed--tax-adopted--index-cpi-indexed--gdp-off--ets2-off.json,central_technology,False,legacy_indexed,adopted,cpi_indexed,off,off,0.2537632525,0.0706817671,0.3772093698,0.2058364145,0.0925091961,0.1665683916,0.0463950085,0.5616608969,0.1646533255,0.0607223774,0.0898934294,0.0250384024,0.7585021835,0.093795405,0.0327705797,0.4076113315,0.0323392273,-0.2790630207,-0.1965228779,0.0356353397,0.4432759248,-0.0914921138,1.1660896943,-1.239366404,-0.2785071013,0.1770951429,-0.038869563,0.8502183483,-0.8154586676,-0.1729852605
central-technology--purchase-legacy-indexed--tax-adopted--index-cpi-indexed--gdp-on--ets2-adopted,scenarios/central-technology--purchase-legacy-indexed--tax-adopted--index-cpi-indexed--gdp-on--ets2-adopted.json,central_technology,False,legacy_indexed,adopted,cpi_indexed,on,adopted,0.252375972,0.0707128838,0.3780949549,0.206411253,0.0924049364,0.142891363,0.0433041583,0.583337216,0.1731097369,0.0573575259,0.0708167601,0.022351,0.7796202023,0.0976983038,0.0295137338,0.2688832794,0.0354508961,-0.1905045146,-0.1390390311,0.0252093703,-1.924426937,-0.4005771385,3.3337215965,-0.3937252621,-0.6149922588,-1.7305717848,-0.3076098071,2.9620202312,-0.4251687925,-0.4986698468
central-technology--purchase-legacy-indexed--tax-adopted--index-cpi-indexed--gdp-on--ets2-high-market,scenarios/central-technology--purchase-legacy-indexed--tax-adopted--index-cpi-indexed--gdp-on--ets2-high-market.json,central_technology,False,legacy_indexed,adopted,cpi_indexed,on,high_market,0.252375972,0.0707128838,0.3780949549,0.206411253,0.0924049364,0.1276389907,0.0406824692,0.5980905817,0.1788003893,0.0547875692,0.0598775708,0.0201824541,0.7926597361,0.1000246377,0.0272556012,0.2688832794,0.0354508961,-0.1905045146,-0.1390390311,0.0252093703,-3.4496641704,-0.6627460532,4.8090581693,0.1753399794,-0.8719879251,-2.8244907127,-0.5244643969,4.2659736123,-0.1925353993,-0.7244831034
central-technology--purchase-legacy-indexed--tax-adopted--index-cpi-indexed--gdp-on--ets2-off,scenarios/central-technology--purchase-legacy-indexed--tax-adopted--index-cpi-indexed--gdp-on--ets2-off.json,central_technology,False,legacy_indexed,adopted,cpi_indexed,on,off,0.252375972,0.0707128838,0.3780949549,0.206411253,0.0924049364,0.1612121775,0.0462759303,0.5661943636,0.1662284185,0.0600891101,0.0833776111,0.0246963357,0.765252814,0.0948634634,0.0318097759,0.2688832794,0.0354508961,-0.1905045146,-0.1390390311,0.0252093703,-0.0923454838,-0.1033999413,1.6194363596,-1.0818570957,-0.3418338389,-0.4744866894,-0.0730762418,1.5252814028,-0.7086528349,-0.2690656367
central-technology--purchase-legacy-indexed--tax-plus30--index-adopted--gdp-off--ets2-adopted,scenarios/central-technology--purchase-legacy-indexed--tax-plus30--index-adopted--gdp-off--ets2-adopted.json,central_technology,False,legacy_indexed,plus30,adopted,off,adopted,0.2251514059,0.0705067657,0.3961631247,0.2182008697,0.089977834,0.1332336095,0.042660249,0.5921264793,0.1760660093,0.0559136529,0.0705583785,0.0222042331,0.7799776131,0.0978120925,0.0294476828,-2.4535733287,0.014839083,1.6163124663,1.0399226439,-0.2175008646,-2.8902022828,-0.4649680728,4.2126479315,-0.0980980209,-0.759379555,-1.7564099423,-0.3222865001,2.9977613127,-0.4137899249,-0.5052749454
central-technology--purchase-legacy-indexed--tax-plus30--index-adopted--gdp-off--ets2-high-market,scenarios/central-technology--purchase-legacy-indexed--tax-plus30--index-adopted--gdp-off--ets2-high-market.json,central_technology,False,legacy_indexed,plus30,adopted,off,high_market,0.2251514059,0.0705067657,0.3961631247,0.2182008697,0.089977834,0.119542149,0.0400776256,0.6057345182,0.1812123554,0.0534333518,0.0596775197,0.0200651481,0.7929454826,0.1001131101,0.0271987395,-2.4535733287,0.014839083,1.6163124663,1.0399226439,-0.2175008646,-4.259348335,-0.7232304081,5.5734518219,0.416536589,-1.0074096677,-2.8444958281,-0.5361950008,4.2945482582,-0.1836881563,-0.730169273
central-technology--purchase-legacy-indexed--tax-plus30--index-adopted--gdp-off--ets2-off,scenarios/central-technology--purchase-legacy-indexed--tax-plus30--index-adopted--gdp-off--ets2-off.json,central_technology,False,legacy_indexed,plus30,adopted,off,off,0.2251514059,0.0705067657,0.3961631247,0.2182008697,0.089977834,0.1495538355,0.045595781,0.5764267557,0.1698615307,0.0585620971,0.083046516,0.0245127143,0.7656995678,0.0950073751,0.0317338268,-2.4535733287,0.014839083,1.6163124663,1.0399226439,-0.2175008646,-1.2581796877,-0.1714148712,2.6426755726,-0.7185458819,-0.4945351319,-0.5075961942,-0.0914383764,1.5699567789,-0.6942616574,-0.276660551
central-technology--purchase-legacy-indexed--tax-plus30--index-adopted--gdp-on--ets2-adopted,scenarios/central-technology--purchase-legacy-indexed--tax-plus30--index-adopted--gdp-on--ets2-adopted.json,central_technology,False,legacy_indexed,plus30,adopted,on,adopted,0.2235954547,0.0704983726,0.3972148186,0.2188693378,0.0898220162,0.1284569194,0.0424159088,0.5965076498,0.1774471417,0.0551723802,0.0653437136,0.0218138158,0.7857725391,0.0985658593,0.0285040723,-2.6091684493,0.0139997776,1.72148186,1.1067694539,-0.2330826422,-3.3678712936,-0.4894020897,4.6507649819,0.0400152235,-0.8335068221,-2.2778764357,-0.3613282257,3.5772539057,-0.3384132422,-0.5996360021
central-technology--purchase-legacy-indexed--tax-plus30--index-adopted--gdp-on--ets2-high-market,scenarios/central-technology--purchase-legacy-indexed--tax-plus30--index-adopted--gdp-on--ets2-high-market.json,central_technology,False,legacy_indexed,plus30,adopted,on,high_market,0.2235954547,0.0704983726,0.3972148186,0.2188693378,0.0898220162,0.115517899,0.0398427391,0.6095648106,0.182334809,0.0527397422,0.0556646862,0.0197294331,0.7976297977,0.1005951636,0.0263809193,-2.6091684493,0.0139997776,1.72148186,1.1067694539,-0.2330826422,-4.661773337,-0.7467190578,5.9564810641,0.5287819544,-1.0767706237,-3.2457791724,-0.5697664935,4.7629797711,-0.1354828102,-0.811951295
central-technology--purchase-legacy-indexed--tax-plus30--index-adopted--gdp-on--ets2-off,scenarios/central-technology--purchase-legacy-indexed--tax-plus30--index-adopted--gdp-on--ets2-off.json,central_technology,False,legacy_indexed,plus30,adopted,on,off,0.2235954547,0.0704983726,0.3972148186,0.2188693378,0.0898220162,0.1438197088,0.0453455346,0.5814965256,0.17156346,0.0577747711,0.0763173532,0.0240624266,0.7728662511,0.0960960179,0.0306579512,-2.6091684493,0.0139997776,1.72148186,1.1067694539,-0.2330826422,-1.8315923608,-0.1964395112,3.14965256,-0.5483529542,-0.5732677338,-1.1805124726,-0.1364671523,2.2866251126,-0.5853973814,-0.3842481064
central-technology--purchase-legacy-indexed--tax-plus30--index-cpi-indexed--gdp-off--ets2-adopted,scenarios/central-technology--purchase-legacy-indexed--tax-plus30--index-cpi-indexed--gdp-off--ets2-adopted.json,central_technology,False,legacy_indexed,plus30,cpi_indexed,off,adopted,0.2296498812,0.0709999849,0.3929312476,0.2159492537,0.0904696326,0.1322483984,0.0428820298,0.5928910973,0.1761755949,0.0558028795,0.0674397205,0.0221157309,0.7833461878,0.0981854207,0.0289129401,-2.0037258053,0.0641610083,1.2931247639,0.8147610441,-0.168321011,-2.9887233947,-0.4427899838,4.2891097324,-0.0871394637,-0.7704568902,-2.0682757447,-0.3311367219,3.3346187815,-0.3764571019,-0.558749213
central-technology--purchase-legacy-indexed--tax-plus30--index-cpi-indexed--gdp-off--ets2-high-market,scenarios/central-technology--purchase-legacy-indexed--tax-plus30--index-cpi-indexed--gdp-off--ets2-high-market.json,central_technology,False,legacy_indexed,plus30,cpi_indexed,off,high_market,0.2296498812,0.0709999849,0.3929312476,0.2159492537,0.0904696326,0.118718528,0.0402614649,0.6064038286,0.1812873596,0.053328819,0.057285809,0.0199793252,0.7956637943,0.1003358805,0.026735191,-2.0037258053,0.0641610083,1.2931247639,0.8147610441,-0.168321011,-4.3417104405,-0.7048464801,5.6403828609,0.4240370089,-1.0178629492,-3.0836668975,-0.544777284,4.5663794285,-0.1614111192,-0.7765241278
central-technology--purchase-legacy-indexed--tax-plus30--index-cpi-indexed--gdp-off--ets2-off,scenarios/central-technology--purchase-legacy-indexed--tax-plus30--index-cpi-indexed--gdp-off--ets2-off.json,central_technology,False,legacy_indexed,plus30,cpi_indexed,off,off,0.2296498812,0.0709999849,0.3929312476,0.2159492537,0.0904696326,0.1483602607,0.0458679805,0.5773107349,0.1700151052,0.0584459187,0.0790071522,0.0244263423,0.7698740638,0.0955678968,0.0311245448,-2.0037258053,0.0641610083,1.2931247639,0.8147610441,-0.168321011,-1.3775371657,-0.1441949152,2.7310734904,-0.7031884303,-0.5061529792,-0.9115325788,-0.1000755741,1.9874063838,-0.6382094885,-0.3375887424
central-technology--purchase-legacy-indexed--tax-plus30--index-cpi-indexed--gdp-on--ets2-adopted,scenarios/central-technology--purchase-legacy-indexed--tax-plus30--index-cpi-indexed--gdp-on--ets2-adopted.json,central_technology,False,legacy_indexed,plus30,cpi_indexed,on,adopted,0.228115993,0.0710034063,0.393956433,0.216601235,0.0903229326,0.1274511227,0.0426444656,0.5972990415,0.1775514579,0.0550539122,0.0621239933,0.0216923388,0.7893480723,0.0989222136,0.0279133819,-2.1571146208,0.0645031471,1.3956433005,0.8799591758,-0.1829910027,-3.4684509634,-0.4665464096,4.7299041526,0.0504468451,-0.8453536247,-2.5998484611,-0.3734759298,3.934807232,-0.3027778076,-0.6587050335
central-technology--purchase-legacy-indexed--tax-plus30--index-cpi-indexed--gdp-on--ets2-high-market,scenarios/central-technology--purchase-legacy-indexed--tax-plus30--index-cpi-indexed--gdp-on--ets2-high-market.json,central_technology,False,legacy_indexed,plus30,cpi_indexed,on,high_market,0.228115993,0.0710034063,0.393956433,0.216601235,0.0903229326,0.1146739527,0.04003292,0.6102600825,0.1824047435,0.0526283013,0.0531658386,0.0196179324,0.8005483657,0.1007999611,0.0258679022,-2.1571146208,0.0645031471,1.3956433005,0.8799591758,-0.1829910027,-4.7461679658,-0.7277009715,6.0260082529,0.5357753965,-1.0879147121,-3.4956639306,-0.5809165691,5.054836568,-0.1150030616,-0.8632530067
central-technology--purchase-legacy-indexed--tax-plus30--index-cpi-indexed--gdp-on--ets2-off,scenarios/central-technology--purchase-legacy-indexed--tax-plus30--index-cpi-indexed--gdp-on--ets2-off.json,central_technology,False,legacy_indexed,plus30,cpi_indexed,on,off,0.228115993,0.0710034063,0.393956433,0.216601235,0.0903229326,0.1426063607,0.045624792,0.5824075976,0.1717113833,0.0576498664,0.072200599,0.0239331045,0.7772417965,0.0966390615,0.0299854384,-2.1571146208,0.0645031471,1.3956433005,0.8799591758,-0.1829910027,-1.952927168,-0.1685137686,3.2407597591,-0.5335606184,-0.5857582041,-1.5921878981,-0.149399353,2.7241796499,-0.5310930163,-0.4514993825
central-technology--purchase-high-indexed--tax-adopted--index-adopted--gdp-off--ets2-adopted,scenarios/central-technology--purchase-high-indexed--tax-adopted--index-adopted--gdp-off--ets2-adopted.json,central_technology,False,high_indexed,adopted,adopted,off,adopted,0.2496871392,0.0703583749,0.38,0.2078016433,0.0921528427,0.1414743835,0.0412811363,0.5929648288,0.1688650767,0.0554145747,0.0742544635,0.0214255837,0.781346887,0.093902037,0.0290710287,0.0,0.0,0.0,0.0,0.0,-2.0661248894,-0.6028793412,4.2964828816,-0.8181912785,-0.8092873724,-1.3868014449,-0.4001514389,3.1346887047,-0.8047954674,-0.5429403535
central-technology--purchase-high-indexed--tax-adopted--index-adopted--gdp-off--ets2-high-market,scenarios/central-technology--purchase-high-indexed--tax-adopted--index-adopted--gdp-off--ets2-high-market.json,central_technology,False,high_indexed,adopted,adopted,off,high_market,0.2496871392,0.0703583749,0.38,0.2078016433,0.0921528427,0.1258735325,0.0387600597,0.6080550968,0.1744674274,0.0528438835,0.0620348889,0.0193188816,0.7955077008,0.0964050611,0.0267334676,0.0,0.0,0.0,0.0,0.0,-3.6262099842,-0.8549869999,5.8055096833,-0.2579562063,-1.0663564929,-2.6087589102,-0.6108216432,4.5507700813,-0.5544930615,-0.7766964664
central-technology--purchase-high-indexed--tax-adopted--index-adopted--gdp-off--ets2-off,scenarios/central-technology--purchase-high-indexed--tax-adopted--index-adopted--gdp-off--ets2-off.json,central_technology,False,high_indexed,adopted,adopted,off,off,0.2496871392,0.0703583749,0.38,0.2078016433,0.0921528427,0.1603447163,0.0441334483,0.575326885,0.1620404299,0.0581545206,0.0885777554,0.023701061,0.7654511498,0.0908079021,0.0314621317,0.0,0.0,0.0,0.0,0.0,-0.1790916104,-0.3176481413,2.5326884988,-1.5006559611,-0.535292786,0.0455277455,-0.172603706,1.5451149754,-1.1142089568,-0.303830058
central-technology--purchase-high-indexed--tax-adopted--index-adopted--gdp-on--ets2-adopted,scenarios/central-technology--purchase-high-indexed--tax-adopted--index-adopted--gdp-on--ets2-adopted.json,central_technology,False,high_indexed,adopted,adopted,on,adopted,0.2482717439,0.0703805676,0.3809121932,0.2083942681,0.0920412271,0.1372444713,0.0411292233,0.5967453237,0.170055758,0.0548252237,0.0696632515,0.0211501319,0.786305621,0.0945695124,0.0283114832,-0.1415395355,0.0022192785,0.0912193245,0.0592624879,-0.0111615553,-2.4891161108,-0.6180706388,4.6745323704,-0.6991231493,-0.8682224715,-1.8459226452,-0.4276966206,3.6305621003,-0.7380479312,-0.6188949033
central-technology--purchase-high-indexed--tax-adopted--index-adopted--gdp-on--ets2-high-market,scenarios/central-technology--purchase-high-indexed--tax-adopted--index-adopted--gdp-on--ets2-high-market.json,central_technology,False,high_indexed,adopted,adopted,on,high_market,0.2482717439,0.0703805676,0.3809121932,0.2083942681,0.0920412271,0.1223582746,0.0386053203,0.6113194595,0.175425448,0.0522914976,0.0585735795,0.0190773046,0.7994404775,0.0968293342,0.0260793042,-0.1415395355,0.0022192785,0.0912193245,0.0592624879,-0.0111615553,-3.9777357729,-0.8704609384,6.1319459502,-0.1621541523,-1.1215950866,-2.954889842,-0.6349793455,4.9440477513,-0.5120657535,-0.8421128103
central-technology--purchase-high-indexed--tax-adopted--index-adopted--gdp-on--ets2-off,scenarios/central-technology--purchase-high-indexed--tax-adopted--index-adopted--gdp-on--ets2-off.json,central_technology,False,high_indexed,adopted,adopted,on,off,0.2482717439,0.0703805676,0.3809121932,0.2083942681,0.0920412271,0.1551863827,0.0439925444,0.5797655475,0.1635236257,0.0575318998,0.0825185938,0.0233925351,0.7717155931,0.0917813447,0.0305919333,-0.1415395355,0.0022192785,0.0912193245,0.0592624879,-0.0111615553,-0.6949249717,-0.3317385331,2.9765547458,-1.3523363765,-0.5975548645,-0.5603884157,-0.2034563014,2.1715593075,-1.0168646949,-0.3908498955
central-technology--purchase-high-indexed--tax-adopted--index-cpi-indexed--gdp-off--ets2-adopted,scenarios/central-technology--purchase-high-indexed--tax-adopted--index-cpi-indexed--gdp-off--ets2-adopted.json,central_technology,False,high_indexed,adopted,cpi_indexed,off,adopted,0.2537632525,0.0706817671,0.3772093698,0.2058364145,0.0925091961,0.1406078842,0.0414666143,0.5936264049,0.1689710635,0.0553280331,0.0715212787,0.0213760688,0.7842226098,0.0942379054,0.0286421373,0.4076113315,0.0323392273,-0.2790630207,-0.1965228779,0.0356353397,-2.152774817,-0.5843315379,4.3626404888,-0.8075925975,-0.8179415364,-1.6601199281,-0.4051029312,3.4222609839,-0.771208625,-0.5858294996
central-technology--purchase-high-indexed--tax-adopted--index-cpi-indexed--gdp-off--ets2-high-market,scenarios/central-technology--purchase-high-indexed--tax-adopted--index-cpi-indexed--gdp-off--ets2-high-market.json,central_technology,False,high_indexed,adopted,cpi_indexed,off,high_market,0.2537632525,0.0706817671,0.3772093698,0.2058364145,0.0925091961,0.125158736,0.0389118461,0.6086267468,0.1745409694,0.0527617018,0.059980805,0.0192647549,0.7977847255,0.0966058936,0.0263638211,0.4076113315,0.0323392273,-0.2790630207,-0.1965228779,0.0356353397,-3.6976896386,-0.8398083624,5.8626746803,-0.2506020124,-1.0745746668,-2.8141672972,-0.616234319,4.7784725462,-0.5344098119,-0.8136611181
central-technology--purchase-high-indexed--tax-adopted--index-cpi-indexed--gdp-off--ets2-off,scenarios/central-technology--purchase-high-indexed--tax-adopted--index-cpi-indexed--gdp-off--ets2-off.json,central_technology,False,high_indexed,adopted,cpi_indexed,off,off,0.2537632525,0.0706817671,0.3772093698,0.2058364145,0.0925091961,0.159278692,0.0443645773,0.5761034858,0.1621883217,0.0580649231,0.0849582101,0.0236637747,0.7690913914,0.0913151745,0.0309714493,0.4076113315,0.0323392273,-0.2790630207,-0.1965228779,0.0356353397,-0.285694033,-0.2945352428,2.6103485827,-1.4858667753,-0.5442525316,-0.3164267839,-0.176332342,1.9091391391,-1.0634817186,-0.3528982946
central-technology--purchase-high-indexed--tax-adopted--index-cpi-indexed--gdp-on--ets2-adopted,scenarios/central-technology--purchase-high-indexed--tax-adopted--index-cpi-indexed--gdp-on--ets2-adopted.json,central_technology,False,high_indexed,adopted,cpi_indexed,on,adopted,0.252375972,0.0707128838,0.3780949549,0.206411253,0.0924049364,0.1363509471,0.0413220427,0.5974347777,0.1701600723,0.0547321602,0.0667811996,0.021077307,0.789404611,0.0949050169,0.0278318656,0.2688832794,0.0354508961,-0.1905045146,-0.1390390311,0.0252093703,-2.5784685233,-0.5987887014,4.7434777655,-0.68869172,-0.8775288209,-2.1341278384,-0.4349791098,3.9404611007,-0.7044974821,-0.6668566704
central-technology--purchase-high-indexed--tax-adopted--index-cpi-indexed--gdp-on--ets2-high-market,scenarios/central-technology--purchase-high-indexed--tax-adopted--index-cpi-indexed--gdp-on--ets2-high-market.json,central_technology,False,high_indexed,adopted,cpi_indexed,on,high_market,0.252375972,0.0707128838,0.3780949549,0.206411253,0.0924049364,0.1216187581,0.038763636,0.611917172,0.1754969803,0.0522034536,0.0563842599,0.0190049917,0.8019200327,0.0970252305,0.0256654851,0.2688832794,0.0354508961,-0.1905045146,-0.1390390311,0.0252093703,-4.0516874256,-0.854629367,6.1917171982,-0.15500092,-1.1303994855,-3.1738218034,-0.6422106349,5.1920032683,-0.4924761172,-0.8834947128
central-technology--purchase-high-indexed--tax-adopted--index-cpi-indexed--gdp-on--ets2-off,scenarios/central-technology--purchase-high-indexed--tax-adopted--index-cpi-indexed--gdp-on--ets2-off.json,central_technology,False,high_indexed,adopted,cpi_indexed,on,off,0.252375972,0.0707128838,0.3780949549,0.206411253,0.0924049364,0.1540912976,0.0442318828,0.5805717297,0.1636701673,0.0574349226,0.0787468244,0.0233247029,0.775592877,0.0922925324,0.0300430632,0.2688832794,0.0354508961,-0.1905045146,-0.1390390311,0.0252093703,-0.8044334785,-0.3078046884,3.0571729729,-1.3376822217,-0.6072525842,-0.9375653537,-0.210239516,2.559287704,-0.9657459263,-0.4457369079
central-technology--purchase-high-indexed--tax-plus30--index-adopted--gdp-off--ets2-adopted,scenarios/central-technology--purchase-high-indexed--tax-plus30--index-adopted--gdp-off--ets2-adopted.json,central_technology,False,high_indexed,plus30,adopted,off,adopted,0.2251514059,0.0705067657,0.3961631247,0.2182008697,0.089977834,0.1270278171,0.0406732079,0.6060699547,0.1729197292,0.0533092911,0.0665347076,0.0209380117,0.7897473806,0.0950115045,0.0277683956,-2.4535733287,0.014839083,1.6163124663,1.0399226439,-0.2175008646,-3.5107815264,-0.6636721769,5.6069954663,-0.4127260272,-1.0198157358,-2.1587770352,-0.4489086376,3.9747380583,-0.6938487153,-0.6732036702
central-technology--purchase-high-indexed--tax-plus30--index-adopted--gdp-off--ets2-high-market,scenarios/central-technology--purchase-high-indexed--tax-plus30--index-adopted--gdp-off--ets2-high-market.json,central_technology,False,high_indexed,plus30,adopted,off,high_market,0.2251514059,0.0705067657,0.3961631247,0.2182008697,0.089977834,0.1138193395,0.0381590001,0.6194138329,0.1777324765,0.0508753511,0.0561938834,0.0188938581,0.8021936279,0.0971075997,0.0256110309,-2.4535733287,0.014839083,1.6163124663,1.0399226439,-0.2175008646,-4.8316292912,-0.9150929611,6.9413832877,0.0685486985,-1.263209734,-3.1928594587,-0.6533239945,5.2193627909,-0.4842391957,-0.8889401419
central-technology--purchase-high-indexed--tax-plus30--index-adopted--gdp-off--ets2-off,scenarios/central-technology--purchase-high-indexed--tax-plus30--index-adopted--gdp-off--ets2-off.json,central_technology,False,high_indexed,plus30,adopted,off,off,0.2251514059,0.0705067657,0.3961631247,0.2182008697,0.089977834,0.1428089274,0.0435394021,0.5906459831,0.1670847527,0.0559209348,0.0784301242,0.0231501009,0.7760221318,0.092427837,0.029969806,-2.4535733287,0.014839083,1.6163124663,1.0399226439,-0.2175008646,-1.9326704967,-0.3770527613,4.0645983108,-0.9962236839,-0.7586513689,-0.9692353743,-0.2276997137,2.6022131844,-0.9522154701,-0.4530626263
central-technology--purchase-high-indexed--tax-plus30--index-adopted--gdp-on--ets2-adopted,scenarios/central-technology--purchase-high-indexed--tax-plus30--index-adopted--gdp-on--ets2-adopted.json,central_technology,False,high_indexed,plus30,adopted,on,adopted,0.2235954547,0.0704983726,0.3972148186,0.2188693378,0.0898220162,0.1224221417,0.0404232518,0.6103712364,0.1742029332,0.0525804369,0.0615799644,0.0205573563,0.7953149232,0.0956854972,0.0268622589,-2.6091684493,0.0139997776,1.72148186,1.1067694539,-0.2330826422,-3.9713490675,-0.6886677915,6.0371236411,-0.2844056297,-1.0927011524,-2.6542513596,-0.4869741802,4.5314923229,-0.6264494477,-0.7638173355
central-technology--purchase-high-indexed--tax-plus30--index-adopted--gdp-on--ets2-high-market,scenarios/central-technology--purchase-high-indexed--tax-plus30--index-adopted--gdp-on--ets2-high-market.json,central_technology,False,high_indexed,plus30,adopted,on,high_market,0.2235954547,0.0704983726,0.3972148186,0.2188693378,0.0898220162,0.1099470179,0.0379213125,0.6231681537,0.1787671616,0.0501963543,0.0523888784,0.0185683769,0.8066883125,0.0975260021,0.0248284302,-2.6091684493,0.0139997776,1.72148186,1.1067694539,-0.2330826422,-5.2188614458,-0.938861716,7.3168153738,0.1720172067,-1.3311094187,-3.5733599576,-0.6858721188,5.6688312511,-0.4423989625,-0.9672002122
central-technology--purchase-high-indexed--tax-plus30--index-adopted--gdp-on--ets2-off,scenarios/central-technology--purchase-high-indexed--tax-plus30--index-adopted--gdp-on--ets2-off.json,central_technology,False,high_indexed,plus30,adopted,on,off,0.2235954547,0.0704983726,0.3972148186,0.2188693378,0.0898220162,0.1372672834,0.0432795922,0.5956329711,0.1686776007,0.0551425527,0.0720223862,0.0227082479,0.7829181254,0.093418649,0.0289325915,-2.6091684493,0.0139997776,1.72148186,1.1067694539,-0.2330826422,-2.4868349023,-0.4030337504,4.5632971052,-0.8369388822,-0.8364895702,-1.6100091757,-0.2718850152,3.2918125446,-0.8531342721,-0.5567840816
central-technology--purchase-high-indexed--tax-plus30--index-cpi-indexed--gdp-off--ets2-adopted,scenarios/central-technology--purchase-high-indexed--tax-plus30--index-cpi-indexed--gdp-off--ets2-adopted.json,central_technology,False,high_indexed,plus30,cpi_indexed,off,adopted,0.2296498812,0.0709999849,0.3929312476,0.2159492537,0.0904696326,0.1260801104,0.0408819397,0.6068219607,0.1730158499,0.0532001392,0.0635718581,0.0208473299,0.7929850175,0.0953410947,0.0272546997,-2.0037258053,0.0641610083,1.2931247639,0.8147610441,-0.168321011,-3.6055522019,-0.6427989943,5.6821960727,-0.4031139562,-1.0307309202,-2.455061981,-0.4579768132,4.2985017549,-0.660889702,-0.7245732587
central-technology--purchase-high-indexed--tax-plus30--index-cpi-indexed--gdp-off--ets2-high-market,scenarios/central-technology--purchase-high-indexed--tax-plus30--index-cpi-indexed--gdp-off--ets2-high-market.json,central_technology,False,high_indexed,plus30,cpi_indexed,off,high_market,0.2296498812,0.0709999849,0.3929312476,0.2159492537,0.0904696326,0.1130285625,0.0383318053,0.6200710855,0.1777956822,0.0507728646,0.0539263347,0.0188076558,0.8048028773,0.0972958023,0.02516733,-2.0037258053,0.0641610083,1.2931247639,0.8147610441,-0.168321011,-4.9107069901,-0.8978124391,7.0071085484,0.0748692664,-1.2734583857,-3.4196143274,-0.6619442244,5.4802877256,-0.4654189439,-0.93331023
central-technology--purchase-high-indexed--tax-plus30--index-cpi-indexed--gdp-off--ets2-off,scenarios/central-technology--purchase-high-indexed--tax-plus30--index-cpi-indexed--gdp-off--ets2-off.json,central_technology,False,high_indexed,plus30,cpi_indexed,off,off,0.2296498812,0.0709999849,0.3929312476,0.2159492537,0.0904696326,0.1416583227,0.0437959677,0.5915169959,0.1672229962,0.0558057175,0.0745841324,0.0230588941,0.7800405559,0.0929343034,0.0293821143,-2.0037258053,0.0641610083,1.2931247639,0.8147610441,-0.168321011,-2.0477309724,-0.3513961989,4.1516995875,-0.9823993246,-0.7701730916,-1.3538345541,-0.2368204025,3.0040555871,-0.9015688318,-0.5118317987
central-technology--purchase-high-indexed--tax-plus30--index-cpi-indexed--gdp-on--ets2-adopted,scenarios/central-technology--purchase-high-indexed--tax-plus30--index-cpi-indexed--gdp-on--ets2-adopted.json,central_technology,False,high_indexed,plus30,cpi_indexed,on,adopted,0.228115993,0.0710034063,0.393956433,0.216601235,0.0903229326,0.1214552443,0.0406382767,0.6111491956,0.1742933567,0.0524639267,0.0585239153,0.0204352703,0.7987493009,0.0959957088,0.0262958047,-2.1571146208,0.0645031471,1.3956433005,0.8799591758,-0.1829910027,-4.0680388064,-0.6671653024,6.1149195625,-0.2753632752,-1.1043521785,-2.9598562698,-0.4991827772,4.874930094,-0.5954282943,-0.8204627526
central-technology--purchase-high-indexed--tax-plus30--index-cpi-indexed--gdp-on--ets2-high-market,scenarios/central-technology--purchase-high-indexed--tax-plus30--index-cpi-indexed--gdp-on--ets2-high-market.json,central_technology,False,high_indexed,plus30,cpi_indexed,on,high_market,0.228115993,0.0710034063,0.393956433,0.216601235,0.0903229326,0.1091371762,0.0381000195,0.6238506219,0.1788249215,0.0500872609,0.0500215593,0.0184577088,0.8094884543,0.0976942282,0.0243380494,-2.1571146208,0.0645031471,1.3956433005,0.8799591758,-0.1829910027,-5.299845622,-0.9209910149,7.3850621896,0.1777931981,-1.3420187508,-3.8100918622,-0.696938926,5.9488454253,-0.4255763452,-1.0162382919
central-technology--purchase-high-indexed--tax-plus30--index-cpi-indexed--gdp-on--ets2-off,scenarios/central-technology--purchase-high-indexed--tax-plus30--index-cpi-indexed--gdp-on--ets2-off.json,central_technology,False,high_indexed,plus30,cpi_indexed,on,off,0.228115993,0.0710034063,0.393956433,0.216601235,0.0903229326,0.1360984656,0.0435426874,0.5965301519,0.1688097022,0.055018993,0.068107048,0.0225761714,0.7871265907,0.0939048331,0.0282853567,-2.1571146208,0.0645031471,1.3956433005,0.8799591758,-0.1829910027,-2.6037166819,-0.3767242304,4.6530151853,-0.8237287259,-0.8488455472,-2.0015429931,-0.2850926634,3.7126590685,-0.8045158554,-0.6215075567
accelerated-technology--purchase-adopted--tax-adopted--index-adopted--gdp-off--ets2-adopted,scenarios/accelerated-technology--purchase-adopted--tax-adopted--index-adopted--gdp-off--ets2-adopted.json,accelerated_technology,True,adopted,adopted,adopted,off,adopted,0.2422762008,0.0682700751,0.4,0.2000360605,0.0894176636,0.1381684294,0.0403164843,0.62,0.1473954318,0.0541196545,0.0642052942,0.0185259692,0.82,0.0721320126,0.025136724,0.0,0.0,0.0,0.0,0.0,0.0,0.0,0.0,0.0,0.0,0.0,0.0,0.0,0.0,0.0
accelerated-technology--purchase-adopted--tax-adopted--index-adopted--gdp-off--ets2-high-market,scenarios/accelerated-technology--purchase-adopted--tax-adopted--index-adopted--gdp-off--ets2-high-market.json,accelerated_technology,False,adopted,adopted,adopted,off,high_market,0.2422762008,0.0682700751,0.4,0.2000360605,0.0894176636,0.1230073075,0.037877467,0.6350960182,0.1523786146,0.0516405927,0.0536223582,0.0166990545,0.8325392864,0.0740311499,0.0231081509,0.0,0.0,0.0,0.0,0.0,-1.5161121877,-0.2439017263,1.5096018171,0.4983182734,-0.2479061764,-1.0582936038,-0.1826914686,1.2539286407,0.1899137351,-0.2028573033
accelerated-technology--purchase-adopted--tax-adopted--index-adopted--gdp-off--ets2-off,scenarios/accelerated-technology--purchase-adopted--tax-adopted--index-adopted--gdp-off--ets2-off.json,accelerated_technology,False,adopted,adopted,adopted,off,off,0.2422762008,0.0682700751,0.4,0.2000360605,0.0894176636,0.1565032408,0.0430761165,0.6023062969,0.1413530683,0.0567612775,0.0766399643,0.0205068243,0.8058307113,0.0698005791,0.0272219209,0.0,0.0,0.0,0.0,0.0,1.8334811453,0.2759632224,-1.7693703126,-0.6042363585,0.2641623034,1.2434670105,0.1980855133,-1.4169288699,-0.233143345,0.2085196911
accelerated-technology--purchase-adopted--tax-adopted--index-adopted--gdp-on--ets2-adopted,scenarios/accelerated-technology--purchase-adopted--tax-adopted--index-adopted--gdp-on--ets2-adopted.json,accelerated_technology,False,adopted,adopted,adopted,on,adopted,0.2408863832,0.0682869509,0.4009305418,0.2005928551,0.0893032689,0.1340507886,0.0401721451,0.6237780284,0.1484495986,0.0535494392,0.0602222625,0.0182837977,0.8243904587,0.0726288616,0.0244746195,-0.1389817582,0.0016875785,0.0930541819,0.055679464,-0.0114394661,-0.4117640776,-0.0144339183,0.3778028405,0.10541668,-0.0570215247,-0.3983031677,-0.0242171556,0.4390458666,0.0496849004,-0.0662104437
accelerated-technology--purchase-adopted--tax-adopted--index-adopted--gdp-on--ets2-high-market,scenarios/accelerated-technology--purchase-adopted--tax-adopted--index-adopted--gdp-on--ets2-high-market.json,accelerated_technology,False,adopted,adopted,adopted,on,high_market,0.2408863832,0.0682869509,0.4009305418,0.2005928551,0.0893032689,0.1195841594,0.0377300578,0.6383490389,0.1532308027,0.0511059412,0.0506245914,0.0164883342,0.8359986048,0.0743483734,0.0225400962,-0.1389817582,0.0016875785,0.0930541819,0.055679464,-0.0114394661,-1.858426992,-0.2586426476,1.8349038921,0.5835370809,-0.3013713333,-1.3580702808,-0.2037635058,1.5998604793,0.2216360847,-0.2596627773
accelerated-technology--purchase-adopted--tax-adopted--index-adopted--gdp-on--ets2-off,scenarios/accelerated-technology--purchase-adopted--tax-adopted--index-adopted--gdp-on--ets2-off.json,accelerated_technology,False,adopted,adopted,adopted,on,off,0.2408863832,0.0682869509,0.4009305418,0.2005928551,0.0893032689,0.1514826462,0.0429426018,0.6067556894,0.1426602407,0.0561588219,0.0713706463,0.0202322927,0.8114155967,0.0705223845,0.0264590797,-0.1389817582,0.0016875785,0.0930541819,0.055679464,-0.0114394661,1.3314216848,0.2626117477,-1.3244310624,-0.4735191101,0.2039167401,0.7165352105,0.1706323536,-0.8584403294,-0.1609628106,0.1322355759
accelerated-technology--purchase-adopted--tax-adopted--index-cpi-indexed--gdp-off--ets2-adopted,scenarios/accelerated-technology--purchase-adopted--tax-adopted--index-cpi-indexed--gdp-off--ets2-adopted.json,accelerated_technology,False,adopted,adopted,cpi_indexed,off,adopted,0.2462823724,0.0685980855,0.3971521493,0.1981853457,0.089782047,0.1373218587,0.0404975339,0.6206579978,0.1474876002,0.0540350094,0.0618328657,0.0184804245,0.8225451742,0.0723793185,0.0247622171,0.4006171618,0.032801037,-0.2847850704,-0.185071475,0.0364383467,-0.0846570622,0.018104956,0.0657997845,0.0092168318,-0.00846451,-0.2372428506,-0.0045544726,0.2545174196,0.0247305942,-0.0374506905
accelerated-technology--purchase-adopted--tax-adopted--index-cpi-indexed--gdp-off--ets2-high-market,scenarios/accelerated-technology--purchase-adopted--tax-adopted--index-cpi-indexed--gdp-off--ets2-high-market.json,accelerated_technology,False,adopted,adopted,cpi_indexed,off,high_market,0.2462823724,0.0685980855,0.3971521493,0.1981853457,0.089782047,0.1223086538,0.0380257556,0.6356626855,0.1524426791,0.051560226,0.0518423987,0.0166508453,0.8345410355,0.0741790352,0.0227866853,0.4006171618,0.032801037,-0.2847850704,-0.185071475,0.0364383467,-1.5859775588,-0.2290728691,1.5662685484,0.504724727,-0.2559428475,-1.2362895485,-0.1875123915,1.4541035501,0.2047022611,-0.2350038712
accelerated-technology--purchase-adopted--tax-adopted--index-cpi-indexed--gdp-off--ets2-off,scenarios/accelerated-technology--purchase-adopted--tax-adopted--index-cpi-indexed--gdp-off--ets2-off.json,accelerated_technology,False,adopted,adopted,cpi_indexed,off,off,0.2462823724,0.0685980855,0.3971521493,0.1981853457,0.089782047,0.1554620273,0.0433015053,0.6030814906,0.1414814159,0.056673561,0.0734904776,0.0204696179,0.809075461,0.0701735471,0.0267908964,0.4006171618,0.032801037,-0.2847850704,-0.185071475,0.0364383467,1.7293597935,0.298502095,-1.6918509444,-0.591401592,0.2553906479,0.9285183403,0.194364873,-1.0924539038,-0.1958465494,0.1654172398
accelerated-technology--purchase-adopted--tax-adopted--index-cpi-indexed--gdp-on--ets2-adopted,scenarios/accelerated-technology--purchase-adopted--tax-adopted--index-cpi-indexed--gdp-on--ets2-adopted.json,accelerated_technology,False,adopted,adopted,cpi_indexed,on,adopted,0.2449197504,0.0686237351,0.3980559574,0.1987256416,0.0896749155,0.1331777423,0.0403603823,0.6244631517,0.1485403087,0.0534584151,0.0577224939,0.0182182221,0.8271266966,0.0728760461,0.0240565414,0.2643549615,0.0353659992,-0.1944042584,-0.13104189,0.0257251877,-0.4990687081,0.0043897964,0.4463151698,0.1144876816,-0.0661239397,-0.6482800344,-0.0307747152,0.7126696648,0.0744033463,-0.1080182615
accelerated-technology--purchase-adopted--tax-adopted--index-cpi-indexed--gdp-on--ets2-high-market,scenarios/accelerated-technology--purchase-adopted--tax-adopted--index-cpi-indexed--gdp-on--ets2-high-market.json,accelerated_technology,False,adopted,adopted,cpi_indexed,on,high_market,0.2449197504,0.0686237351,0.3980559574,0.1987256416,0.0896749155,0.1188612677,0.0378847391,0.6389410585,0.1532931022,0.0510198325,0.0487283351,0.0164244703,0.838174001,0.0744925999,0.0221805937,0.2643549615,0.0353659992,-0.1944042584,-0.13104189,0.0257251877,-1.9307161652,-0.2431745232,1.8941058487,0.589767035,-0.3099821953,-1.5476959152,-0.2101498866,1.8174000988,0.236058732,-0.295613029
accelerated-technology--purchase-adopted--tax-adopted--index-cpi-indexed--gdp-on--ets2-off,scenarios/accelerated-technology--purchase-adopted--tax-adopted--index-cpi-indexed--gdp-on--ets2-off.json,accelerated_technology,False,adopted,adopted,cpi_indexed,on,off,0.2449197504,0.0686237351,0.3980559574,0.1987256416,0.0896749155,0.1504130018,0.0431760286,0.6075596438,0.1427874258,0.0560639001,0.0680924746,0.0201688989,0.814861797,0.0708985563,0.0259782732,0.2643549615,0.0353659992,-0.1944042584,-0.13104189,0.0257251877,1.2244572424,0.2859544263,-1.2440356223,-0.4608006086,0.1944245622,0.3887180409,0.1642929707,-0.5138203034,-0.1233456302,0.0841549219
accelerated-technology--purchase-adopted--tax-plus30--index-adopted--gdp-off--ets2-adopted,scenarios/accelerated-technology--purchase-adopted--tax-plus30--index-adopted--gdp-off--ets2-adopted.json,accelerated_technology,False,adopted,plus30,adopted,off,adopted,0.2182053216,0.0683315808,0.4164677138,0.2097934313,0.0872019525,0.1241048946,0.0397373134,0.633085289,0.1509898638,0.0520826391,0.0575098835,0.0180979621,0.827431906,0.0729583815,0.0240018669,-2.4070879206,0.0061505641,1.6467713838,0.9757370788,-0.2215711061,-1.406353471,-0.0579170869,1.3085288976,0.3594431991,-0.2037015388,-0.6695410704,-0.0428007147,0.7431906039,0.0826368913,-0.1134857101
accelerated-technology--purchase-adopted--tax-plus30--index-adopted--gdp-off--ets2-high-market,scenarios/accelerated-technology--purchase-adopted--tax-plus30--index-adopted--gdp-off--ets2-high-market.json,accelerated_technology,False,adopted,plus30,adopted,off,high_market,0.2182053216,0.0683315808,0.4164677138,0.2097934313,0.0872019525,0.1112681589,0.0373036929,0.6464062377,0.1552868946,0.0497350159,0.0485644186,0.0163286319,0.8384163605,0.0745567775,0.0221338115,-2.4070879206,0.0061505641,1.6467713838,0.9757370788,-0.2215711061,-2.6900270422,-0.3012791407,2.6406237712,0.789146275,-0.4384638633,-1.5640875582,-0.2197337318,1.8416360462,0.2424764878,-0.3002912441
accelerated-technology--purchase-adopted--tax-plus30--index-adopted--gdp-off--ets2-off,scenarios/accelerated-technology--purchase-adopted--tax-plus30--index-adopted--gdp-off--ets2-off.json,accelerated_technology,False,adopted,plus30,adopted,off,off,0.2182053216,0.0683315808,0.4164677138,0.2097934313,0.0872019525,0.1394362684,0.0425111501,0.6176479902,0.145804318,0.0546002733,0.0678185994,0.0200179132,0.8152460979,0.0710024711,0.0259149184,-2.4070879206,0.0061505641,1.6467713838,0.9757370788,-0.2215711061,0.1267839009,0.2194665819,-0.2352009802,-0.1591113839,0.0480618812,0.361330518,0.1491944029,-0.4753902133,-0.1129541481,0.0778194405
accelerated-technology--purchase-adopted--tax-plus30--index-adopted--gdp-on--ets2-adopted,scenarios/accelerated-technology--purchase-adopted--tax-plus30--index-adopted--gdp-on--ets2-adopted.json,accelerated_technology,False,adopted,plus30,adopted,on,adopted,0.2166804005,0.0683180954,0.4175377192,0.210419661,0.0870441238,0.1196209584,0.0394983134,0.637373026,0.1521303764,0.0513773258,0.053216971,0.0177655223,0.8323415265,0.0734618053,0.0232141748,-2.5595800341,0.0048020296,1.7537719223,1.0383600564,-0.2373539742,-1.854747091,-0.0818170901,1.7373025968,0.4734944522,-0.2742328679,-1.0988323213,-0.0760446863,1.2341526548,0.1329792753,-0.1922549225
accelerated-technology--purchase-adopted--tax-plus30--index-adopted--gdp-on--ets2-high-market,scenarios/accelerated-technology--purchase-adopted--tax-plus30--index-adopted--gdp-on--ets2-high-market.json,accelerated_technology,False,adopted,plus30,adopted,on,high_market,0.2166804005,0.0683180954,0.4175377192,0.210419661,0.0870441238,0.1074964721,0.0370761062,0.6501388435,0.1562110217,0.0490775566,0.0452716442,0.0160457902,0.8423563962,0.0748707786,0.0214553908,-2.5595800341,0.0048020296,1.7537719223,1.0383600564,-0.2373539742,-3.0671957307,-0.3240378109,3.0138843505,0.8815589819,-0.5042097908,-1.8933649985,-0.2480178984,2.235639621,0.2738765986,-0.3681333227
accelerated-technology--purchase-adopted--tax-plus30--index-adopted--gdp-on--ets2-off,scenarios/accelerated-technology--purchase-adopted--tax-plus30--index-adopted--gdp-on--ets2-off.json,accelerated_technology,False,adopted,plus30,adopted,on,off,0.2166804005,0.0683180954,0.4175377192,0.210419661,0.0870441238,0.1340429191,0.0422629685,0.6226334129,0.1472134276,0.0538472719,0.062256955,0.0196292631,0.8213645661,0.0717395606,0.0250096552,-2.5595800341,0.0048020296,1.7537719223,1.0383600564,-0.2373539742,-0.4125510286,0.1946484195,0.2633412867,-0.0182004226,-0.027238255,-0.1948339217,0.1103293912,0.1364566132,-0.0392452032,-0.0127068795
accelerated-technology--purchase-adopted--tax-plus30--index-cpi-indexed--gdp-off--ets2-adopted,scenarios/accelerated-technology--purchase-adopted--tax-plus30--index-cpi-indexed--gdp-off--ets2-adopted.json,accelerated_technology,False,adopted,plus30,cpi_indexed,off,adopted,0.2226181794,0.0688260203,0.4131781102,0.2076781676,0.0876995224,0.1231786804,0.0399411404,0.6338309042,0.1510734089,0.0519758662,0.0549412841,0.0180170772,0.8302857619,0.0732013002,0.0235545766,-1.9658021389,0.0555945176,1.3178110258,0.7642107156,-0.1718141202,-1.4989748995,-0.0375343914,1.3830904164,0.3677977026,-0.2143788281,-0.9264010077,-0.0508891974,1.0285761901,0.1069287572,-0.1582147421
accelerated-technology--purchase-adopted--tax-plus30--index-cpi-indexed--gdp-off--ets2-high-market,scenarios/accelerated-technology--purchase-adopted--tax-plus30--index-cpi-indexed--gdp-off--ets2-high-market.json,accelerated_technology,False,adopted,plus30,cpi_indexed,off,high_market,0.2226181794,0.0688260203,0.4131781102,0.2076781676,0.0876995224,0.1104949337,0.0374725662,0.6470558763,0.155341875,0.0496347488,0.0466010041,0.0162528318,0.8407022604,0.0746952931,0.0217486105,-1.9658021389,0.0555945176,1.3178110258,0.7642107156,-0.1718141202,-2.7673495634,-0.2843918141,2.7055876292,0.7946443152,-0.4484905669,-1.7604290086,-0.2273137407,2.0702260452,0.2563280531,-0.338811349
accelerated-technology--purchase-adopted--tax-plus30--index-cpi-indexed--gdp-off--ets2-off,scenarios/accelerated-technology--purchase-adopted--tax-plus30--index-cpi-indexed--gdp-off--ets2-off.json,accelerated_technology,False,adopted,plus30,cpi_indexed,off,off,0.2226181794,0.0688260203,0.4131781102,0.2076781676,0.0876995224,0.1383122116,0.0427614632,0.6185144998,0.1459242947,0.0544875307,0.0644783939,0.0199345411,0.8188106614,0.0713754037,0.0254009999,-1.9658021389,0.0555945176,1.3178110258,0.7642107156,-0.1718141202,0.0143782233,0.2444978895,-0.1485500216,-0.1471137171,0.0367876259,0.0273099715,0.140857191,-0.1189338602,-0.0756608937,0.0264275914
accelerated-technology--purchase-adopted--tax-plus30--index-cpi-indexed--gdp-on--ets2-adopted,scenarios/accelerated-technology--purchase-adopted--tax-plus30--index-cpi-indexed--gdp-on--ets2-adopted.json,accelerated_technology,False,adopted,plus30,cpi_indexed,on,adopted,0.2211143544,0.0688240756,0.4142216942,0.2082892545,0.0875506214,0.1186758636,0.0397083107,0.6381435526,0.1522089305,0.0512633426,0.050569494,0.0176577605,0.8353604464,0.073690553,0.0227217461,-2.1161846422,0.0554000467,1.4221694168,0.8253193978,-0.1867042191,-1.9492565791,-0.0608173609,1.8143552624,0.4813498639,-0.2856311863,-1.3635800197,-0.0868208701,1.5360446451,0.1558540367,-0.2414977919
accelerated-technology--purchase-adopted--tax-plus30--index-cpi-indexed--gdp-on--ets2-high-market,scenarios/accelerated-technology--purchase-adopted--tax-plus30--index-cpi-indexed--gdp-on--ets2-high-market.json,accelerated_technology,False,adopted,plus30,cpi_indexed,on,high_market,0.2211143544,0.0688240756,0.4142216942,0.2082892545,0.0875506214,0.1067044869,0.0372507626,0.6508127341,0.1562612104,0.048970806,0.0432227746,0.0159489908,0.8448036993,0.0749944428,0.0210300925,-2.1161846422,0.0554000467,1.4221694168,0.8253193978,-0.1867042191,-3.1463942424,-0.3065721731,3.0812734132,0.8865778516,-0.5148848493,-2.0982519644,-0.2576978452,2.4803699329,0.2862430225,-0.4106631458
accelerated-technology--purchase-adopted--tax-plus30--index-cpi-indexed--gdp-on--ets2-off,scenarios/accelerated-technology--purchase-adopted--tax-plus30--index-cpi-indexed--gdp-on--ets2-off.json,accelerated_technology,False,adopted,plus30,cpi_indexed,on,off,0.2211143544,0.0688240756,0.4142216942,0.2082892545,0.0875506214,0.1329009543,0.042519691,0.6235249318,0.1473280518,0.0537263711,0.0588602601,0.0195110398,0.8250856673,0.072097935,0.0244450979,-2.1161846422,0.0554000467,1.4221694168,0.8253193978,-0.1867042191,-0.5267475089,0.2203206722,0.3524931811,-0.0067380075,-0.0393283369,-0.5345034104,0.0985070575,0.5085667286,-0.0034077627,-0.0691626131
accelerated-technology--purchase-low-indexed--tax-adopted--index-adopted--gdp-off--ets2-adopted,scenarios/accelerated-technology--purchase-low-indexed--tax-adopted--index-adopted--gdp-off--ets2-adopted.json,accelerated_technology,False,low_indexed,adopted,adopted,off,adopted,0.2422762008,0.0682700751,0.4,0.2000360605,0.0894176636,0.1316382017,0.0384110141,0.6337314186,0.1446575578,0.0515618078,0.0604524048,0.0174431003,0.8284762462,0.0699608014,0.0236674472,0.0,0.0,0.0,0.0,0.0,-0.6530227659,-0.1905470172,1.3731418567,-0.273787401,-0.2557846726,-0.3752889448,-0.1082868869,0.8476246218,-0.2171211148,-0.1469276753
accelerated-technology--purchase-low-indexed--tax-adopted--index-adopted--gdp-off--ets2-high-market,scenarios/accelerated-technology--purchase-low-indexed--tax-adopted--index-adopted--gdp-off--ets2-high-market.json,accelerated_technology,False,low_indexed,adopted,adopted,off,high_market,0.2422762008,0.0682700751,0.4,0.2000360605,0.0894176636,0.1170207204,0.0360340257,0.6484904111,0.1493275228,0.04912732,0.0504157796,0.015700463,0.8404574735,0.0716999839,0.0217263001,0.0,0.0,0.0,0.0,0.0,-2.1147708994,-0.4282458607,2.8490411116,0.1932090945,-0.4992334459,-1.3789514666,-0.2825506191,2.0457473493,-0.043202872,-0.3410423916
accelerated-technology--purchase-low-indexed--tax-adopted--index-adopted--gdp-off--ets2-off,scenarios/accelerated-technology--purchase-low-indexed--tax-adopted--index-adopted--gdp-off--ets2-off.json,accelerated_technology,False,low_indexed,adopted,adopted,off,off,0.2422762008,0.0682700751,0.4,0.2000360605,0.0894176636,0.1493601985,0.041110058,0.6163956268,0.1389635089,0.0541706078,0.0722715877,0.0193379625,0.8149161429,0.0678039996,0.0256703074,0.0,0.0,0.0,0.0,0.0,1.1191769124,0.0793573745,-0.3604373236,-0.8431922942,0.0050953309,0.8066293456,0.0811993255,-0.5083857117,-0.4328013002,0.0533583408
accelerated-technology--purchase-low-indexed--tax-adopted--index-adopted--gdp-on--ets2-adopted,scenarios/accelerated-technology--purchase-low-indexed--tax-adopted--index-adopted--gdp-on--ets2-adopted.json,accelerated_technology,False,low_indexed,adopted,adopted,on,adopted,0.2408863832,0.0682869509,0.4009305418,0.2005928551,0.0893032689,0.1276697195,0.0382598756,0.6374297264,0.145640293,0.0510003855,0.0566752505,0.017206906,0.8326755156,0.0704092312,0.0230330966,-0.1389817582,0.0016875785,0.0930541819,0.055679464,-0.0114394661,-1.0498709833,-0.2056608665,1.7429726407,-0.1755138879,-0.311926903,-0.753004372,-0.1319063185,1.2675515604,-0.1722781367,-0.2103627332
accelerated-technology--purchase-low-indexed--tax-adopted--index-adopted--gdp-on--ets2-high-market,scenarios/accelerated-technology--purchase-low-indexed--tax-adopted--index-adopted--gdp-on--ets2-high-market.json,accelerated_technology,False,low_indexed,adopted,adopted,on,high_market,0.2408863832,0.0682869509,0.4009305418,0.2005928551,0.0893032689,0.1137288506,0.0358826464,0.6516688837,0.1501160251,0.0486035941,0.0475787254,0.0154963013,0.843761866,0.0719791526,0.0211839546,-0.1389817582,0.0016875785,0.0930541819,0.055679464,-0.0114394661,-2.4439578742,-0.4433837885,3.1668883735,0.2720593272,-0.5516060379,-1.6626568797,-0.3029667879,2.3761866045,-0.0152860036,-0.3952769334
accelerated-technology--purchase-low-indexed--tax-adopted--index-adopted--gdp-on--ets2-off,scenarios/accelerated-technology--purchase-low-indexed--tax-adopted--index-adopted--gdp-on--ets2-off.json,accelerated_technology,False,low_indexed,adopted,adopted,on,off,0.2408863832,0.0682869509,0.4009305418,0.2005928551,0.0893032689,0.1445091177,0.0409657321,0.6207608767,0.1401907322,0.0535735413,0.0672636907,0.0190680448,0.8202662075,0.0684655397,0.0249365173,-0.1389817582,0.0016875785,0.0930541819,0.055679464,-0.0114394661,0.6340688386,0.0649247761,0.076087666,-0.720469963,-0.0546113176,0.3058396455,0.0542075581,0.0266207514,-0.3666472847,-0.0200206704
accelerated-technology--purchase-low-indexed--tax-adopted--index-cpi-indexed--gdp-off--ets2-adopted,scenarios/accelerated-technology--purchase-low-indexed--tax-adopted--index-cpi-indexed--gdp-off--ets2-adopted.json,accelerated_technology,False,low_indexed,adopted,cpi_indexed,off,adopted,0.2462823724,0.0685980855,0.3971521493,0.1981853457,0.089782047,0.1308241904,0.0385813091,0.6343765,0.1447397695,0.0514782309,0.0582029118,0.0173955146,0.8309113564,0.0701816884,0.0233085289,0.4006171618,0.032801037,-0.2847850704,-0.185071475,0.0364383467,-0.7344238947,-0.173517518,1.4376500023,-0.2655662346,-0.2641423549,-0.6002382443,-0.113045465,1.0911356392,-0.1950324193,-0.1828195107
accelerated-technology--purchase-low-indexed--tax-adopted--index-cpi-indexed--gdp-off--ets2-high-market,scenarios/accelerated-technology--purchase-low-indexed--tax-adopted--index-cpi-indexed--gdp-off--ets2-high-market.json,accelerated_technology,False,low_indexed,adopted,cpi_indexed,off,high_market,0.2462823724,0.0685980855,0.3971521493,0.1981853457,0.089782047,0.1163503295,0.0361733128,0.6490449771,0.1493829355,0.0490484451,0.0487314879,0.0156516767,0.8423701783,0.0718273343,0.0214193229,0.4006171618,0.032801037,-0.2847850704,-0.185071475,0.0364383467,-2.1818099821,-0.4143171459,2.9044977056,0.198750363,-0.5071209406,-1.5473806362,-0.2874292491,2.2370178289,-0.0304678318,-0.3717401118
accelerated-technology--purchase-low-indexed--tax-adopted--index-cpi-indexed--gdp-off--ets2-off,scenarios/accelerated-technology--purchase-low-indexed--tax-adopted--index-cpi-indexed--gdp-off--ets2-off.json,accelerated_technology,False,low_indexed,adopted,cpi_indexed,off,off,0.2462823724,0.0685980855,0.3971521493,0.1981853457,0.089782047,0.1483566332,0.0413224094,0.6171572323,0.13908043,0.0540832951,0.0692787298,0.0192965018,0.8180254751,0.0681437864,0.025255507,0.4006171618,0.032801037,-0.2847850704,-0.185071475,0.0364383467,1.018820389,0.1005925071,-0.2842767736,-0.831500184,-0.0036359386,0.5073435599,0.077053255,-0.1974524942,-0.3988226223,0.0118783017
accelerated-technology--purchase-low-indexed--tax-adopted--index-cpi-indexed--gdp-on--ets2-adopted,scenarios/accelerated-technology--purchase-low-indexed--tax-adopted--index-cpi-indexed--gdp-on--ets2-adopted.json,accelerated_technology,False,low_indexed,adopted,cpi_indexed,on,adopted,0.2449197504,0.0686237351,0.3980559574,0.1987256416,0.0896749155,0.1268307061,0.0384368716,0.6381011092,0.1457206398,0.0509106733,0.0543067082,0.0171401408,0.8352921352,0.0706280441,0.0226329717,0.2643549615,0.0353659992,-0.1944042584,-0.13104189,0.0257251877,-1.1337723232,-0.1879612683,1.8101109147,-0.1674792093,-0.3208981139,-0.9898586002,-0.1385828458,1.5292135233,-0.1503968533,-0.250375224
accelerated-technology--purchase-low-indexed--tax-adopted--index-cpi-indexed--gdp-on--ets2-high-market,scenarios/accelerated-technology--purchase-low-indexed--tax-adopted--index-cpi-indexed--gdp-on--ets2-high-market.json,accelerated_technology,False,low_indexed,adopted,cpi_indexed,on,high_market,0.2449197504,0.0686237351,0.3980559574,0.1987256416,0.0896749155,0.1130355293,0.0360278972,0.6522480528,0.1501693194,0.0485192013,0.045785436,0.0154325309,0.8458397469,0.0721012673,0.0208410189,0.2643549615,0.0353659992,-0.1944042584,-0.13104189,0.0257251877,-2.5132900071,-0.4288587112,3.2248052811,0.2773887558,-0.5600453186,-1.8419858241,-0.3093438335,2.5839746937,-0.0030745286,-0.4295705075
accelerated-technology--purchase-low-indexed--tax-adopted--index-cpi-indexed--gdp-on--ets2-off,scenarios/accelerated-technology--purchase-low-indexed--tax-adopted--index-cpi-indexed--gdp-on--ets2-off.json,accelerated_technology,False,low_indexed,adopted,cpi_indexed,on,off,0.2449197504,0.0686237351,0.3980559574,0.1987256416,0.0896749155,0.1434788002,0.0411855671,0.6215503185,0.1403060204,0.0534792938,0.0641512658,0.0190015182,0.823566385,0.0688061866,0.0244746445,0.2643549615,0.0353659992,-0.1944042584,-0.13104189,0.0257251877,0.5310370795,0.0869082773,0.1550318504,-0.7089411424,-0.0640360648,-0.0054028453,0.0475548971,0.3566384979,-0.3325825995,-0.0662079502
accelerated-technology--purchase-low-indexed--tax-plus30--index-adopted--gdp-off--ets2-adopted,scenarios/accelerated-technology--purchase-low-indexed--tax-plus30--index-adopted--gdp-off--ets2-adopted.json,accelerated_technology,False,low_indexed,plus30,adopted,off,adopted,0.2182053216,0.0683315808,0.4164677138,0.2097934313,0.0872019525,0.1180930458,0.0378123715,0.6465330474,0.1480018664,0.0495596689,0.0541045911,0.0170263401,0.8355832968,0.0707051108,0.0225806612,-2.4070879206,0.0061505641,1.6467713838,0.9757370788,-0.2215711061,-2.0075383515,-0.2504112838,2.6533047368,0.0606434578,-0.4559985594,-1.0100703133,-0.1499629092,1.5583296835,-0.1426901786,-0.2556062824
accelerated-technology--purchase-low-indexed--tax-plus30--index-adopted--gdp-off--ets2-high-market,scenarios/accelerated-technology--purchase-low-indexed--tax-plus30--index-adopted--gdp-off--ets2-high-market.json,accelerated_technology,False,low_indexed,plus30,adopted,off,high_market,0.2182053216,0.0683315808,0.4164677138,0.2097934313,0.0872019525,0.105738272,0.0354497465,0.6595359548,0.1520127783,0.0472632484,0.0456299437,0.0153419844,0.8460706308,0.0721610514,0.0207963897,-2.4070879206,0.0061505641,1.6467713838,0.9757370788,-0.2215711061,-3.2430157351,-0.4866737816,3.9535954758,0.4617346496,-0.6856406088,-1.8575350508,-0.318398479,2.6070630793,0.0029038802,-0.4340334298
accelerated-technology--purchase-low-indexed--tax-plus30--index-adopted--gdp-off--ets2-off,scenarios/accelerated-technology--purchase-low-indexed--tax-plus30--index-adopted--gdp-off--ets2-off.json,accelerated_technology,False,low_indexed,plus30,adopted,off,off,0.2182053216,0.0683315808,0.4164677138,0.2097934313,0.0872019525,0.1328820526,0.0405129092,0.6314365513,0.1431347049,0.052033782,0.0638903059,0.0188584048,0.8239335871,0.0689038677,0.0244138345,-2.4070879206,0.0061505641,1.6467713838,0.9757370788,-0.2215711061,-0.5286376802,0.0196424934,1.1436551297,-0.4260726906,-0.2085872523,-0.031498829,0.0332435597,0.3933587076,-0.3228144933,-0.072288945
accelerated-technology--purchase-low-indexed--tax-plus30--index-adopted--gdp-on--ets2-adopted,scenarios/accelerated-technology--purchase-low-indexed--tax-plus30--index-adopted--gdp-on--ets2-adopted.json,accelerated_technology,False,low_indexed,plus30,adopted,on,adopted,0.2166804005,0.0683180954,0.4175377192,0.210419661,0.0870441238,0.1137797829,0.037569583,0.6507232556,0.1490588436,0.0488685349,0.0500385738,0.016704472,0.8402750825,0.0711541694,0.0218277022,-2.5595800341,0.0048020296,1.7537719223,1.0383600564,-0.2373539742,-2.4388646438,-0.2746901322,3.0723255616,0.1663411776,-0.5251119632,-1.4166720376,-0.1821497215,2.0275082494,-0.0977843172,-0.3309021731
accelerated-technology--purchase-low-indexed--tax-plus30--index-adopted--gdp-on--ets2-high-market,scenarios/accelerated-technology--purchase-low-indexed--tax-plus30--index-adopted--gdp-on--ets2-high-market.json,accelerated_technology,False,low_indexed,plus30,adopted,on,high_market,0.2166804005,0.0683180954,0.4175377192,0.210419661,0.0870441238,0.1021172731,0.0352207918,0.6631778603,0.1528623936,0.0466216812,0.0425168468,0.0150693975,0.8498318278,0.0724321062,0.0201498217,-2.5595800341,0.0048020296,1.7537719223,1.0383600564,-0.2373539742,-3.6051156228,-0.5095692489,4.3177860259,0.5466961748,-0.749797329,-2.168844747,-0.3456571676,2.9831827778,0.0300093621,-0.4986902254
accelerated-technology--purchase-low-indexed--tax-plus30--index-adopted--gdp-on--ets2-off,scenarios/accelerated-technology--purchase-low-indexed--tax-plus30--index-adopted--gdp-on--ets2-off.json,accelerated_technology,False,low_indexed,plus30,adopted,on,off,0.2166804005,0.0683180954,0.4175377192,0.210419661,0.0870441238,0.1276823128,0.0402575056,0.6363178293,0.1444502418,0.0512921105,0.0586124738,0.018480179,0.8297880771,0.0695736637,0.0235456064,-2.5595800341,0.0048020296,1.7537719223,1.0383600564,-0.2373539742,-1.0486116607,-0.005897873,1.6317829341,-0.2945190013,-0.2827543991,-0.5592820386,-0.0045790231,0.9788077076,-0.2558348912,-0.1591117548
accelerated-technology--purchase-low-indexed--tax-plus30--index-cpi-indexed--gdp-off--ets2-adopted,scenarios/accelerated-technology--purchase-low-indexed--tax-plus30--index-cpi-indexed--gdp-off--ets2-adopted.json,accelerated_technology,False,low_indexed,plus30,cpi_indexed,off,adopted,0.2226181794,0.0688260203,0.4131781102,0.2076781676,0.0876995224,0.117204126,0.0380038692,0.6472629413,0.1480741906,0.0494548728,0.0516720438,0.0169449844,0.8383114809,0.0709185118,0.022152979,-1.9658021389,0.0555945176,1.3178110258,0.7642107156,-0.1718141202,-2.0964303335,-0.2312615144,2.7262941339,0.0678758796,-0.4664781656,-1.2533250396,-0.1580984777,1.8311480938,-0.1213500756,-0.298374501
accelerated-technology--purchase-low-indexed--tax-plus30--index-cpi-indexed--gdp-off--ets2-high-market,scenarios/accelerated-technology--purchase-low-indexed--tax-plus30--index-cpi-indexed--gdp-off--ets2-high-market.json,accelerated_technology,False,low_indexed,plus30,cpi_indexed,off,high_market,0.2226181794,0.0688260203,0.4131781102,0.2076781676,0.0876995224,0.1049975414,0.0356082146,0.6601709385,0.1520580063,0.0471652991,0.0437739055,0.0152668368,0.8482535281,0.0722765214,0.0204292083,-1.9658021389,0.0555945176,1.3178110258,0.7642107156,-0.1718141202,-3.3170887934,-0.4708269653,4.0170938528,0.4662574474,-0.6954355415,-2.0431388737,-0.3259132446,2.8253528104,0.0144508769,-0.470751569
accelerated-technology--purchase-low-indexed--tax-plus30--index-cpi-indexed--gdp-off--ets2-off,scenarios/accelerated-technology--purchase-low-indexed--tax-plus30--index-cpi-indexed--gdp-off--ets2-off.json,accelerated_technology,False,low_indexed,plus30,cpi_indexed,off,off,0.2226181794,0.0688260203,0.4131781102,0.2076781676,0.0876995224,0.1318009959,0.0407484153,0.63228633,0.1432417948,0.0519224639,0.0607208979,0.0187728503,0.8273455854,0.0692399167,0.0239207497,-1.9658021389,0.0555945176,1.3178110258,0.7642107156,-0.1718141202,-0.6367433423,0.0431930984,1.2286330016,-0.4153637027,-0.219719055,-0.3484396273,0.0246881091,0.7345585407,-0.2892095944,-0.1215974281
accelerated-technology--purchase-low-indexed--tax-plus30--index-cpi-indexed--gdp-on--ets2-adopted,scenarios/accelerated-technology--purchase-low-indexed--tax-plus30--index-cpi-indexed--gdp-on--ets2-adopted.json,accelerated_technology,False,low_indexed,plus30,cpi_indexed,on,adopted,0.2211143544,0.0688240756,0.4142216942,0.2082892545,0.0875506214,0.1128733011,0.0377668043,0.651477178,0.1491258546,0.048756862,0.047533359,0.0165976086,0.8431595486,0.0713519255,0.0213575582,-2.1161846422,0.0554000467,1.4221694168,0.8253193978,-0.1867042191,-2.5295128244,-0.2549680043,3.1477178015,0.1730422714,-0.5362792441,-1.6671935206,-0.1928360595,2.3159548639,-0.0780087082,-0.3779165756
accelerated-technology--purchase-low-indexed--tax-plus30--index-cpi-indexed--gdp-on--ets2-high-market,scenarios/accelerated-technology--purchase-low-indexed--tax-plus30--index-cpi-indexed--gdp-on--ets2-high-market.json,accelerated_technology,False,low_indexed,plus30,cpi_indexed,on,high_market,0.2211143544,0.0688240756,0.4142216942,0.2082892545,0.0875506214,0.101358981,0.0353846351,0.6638362886,0.1529025481,0.0465175471,0.0405813312,0.0149743112,0.852167953,0.0725315095,0.0197448951,-2.1161846422,0.0554000467,1.4221694168,0.8253193978,-0.1867042191,-3.6809448318,-0.4931849169,4.383628863,0.550711625,-0.7602107392,-2.3623962974,-0.3551658021,3.2167952999,0.0399496856,-0.539182886
accelerated-technology--purchase-low-indexed--tax-plus30--index-cpi-indexed--gdp-on--ets2-off,scenarios/accelerated-technology--purchase-low-indexed--tax-plus30--index-cpi-indexed--gdp-on--ets2-off.json,accelerated_technology,False,low_indexed,plus30,cpi_indexed,on,off,0.2211143544,0.0688240756,0.4142216942,0.2082892545,0.0875506214,0.1265848106,0.0404989344,0.6371916319,0.1445516082,0.0511730149,0.0553926017,0.018361578,0.8333474295,0.069893437,0.0230049539,-2.1161846422,0.0554000467,1.4221694168,0.8253193978,-0.1867042191,-1.1583618758,0.0182450146,1.7191631872,-0.2843823666,-0.2946639593,-0.8812692536,-0.0164391243,1.3347429485,-0.2238575589,-0.2131770117
accelerated-technology--purchase-legacy-indexed--tax-adopted--index-adopted--gdp-off--ets2-adopted,scenarios/accelerated-technology--purchase-legacy-indexed--tax-adopted--index-adopted--gdp-off--ets2-adopted.json,accelerated_technology,False,legacy_indexed,adopted,adopted,off,adopted,0.2422762008,0.0682700751,0.4,0.2000360605,0.0894176636,0.1252984951,0.0365611365,0.6472249478,0.1418368337,0.0490785869,0.0568841508,0.0164135067,0.8366183395,0.0678135467,0.0222704563,0.0,0.0,0.0,0.0,0.0,-1.2869934304,-0.3755347779,2.7224947821,-0.55585981,-0.5041067638,-0.7321143398,-0.2112462513,1.6618339552,-0.4318465944,-0.2866267697
accelerated-technology--purchase-legacy-indexed--tax-adopted--index-adopted--gdp-off--ets2-high-market,scenarios/accelerated-technology--purchase-legacy-indexed--tax-adopted--index-adopted--gdp-off--ets2-high-market.json,accelerated_technology,False,legacy_indexed,adopted,adopted,off,high_market,0.2422762008,0.0682700751,0.4,0.2000360605,0.0894176636,0.1112233688,0.0342488554,0.6616310017,0.1462032825,0.0466934917,0.0473737026,0.0147531006,0.8480555533,0.0694023036,0.0204153399,0.0,0.0,0.0,0.0,0.0,-2.6945060581,-0.6067628921,4.1631001648,-0.1192149338,-0.7426162809,-1.6831591601,-0.3772868641,2.8055553296,-0.272970902,-0.4721384034
accelerated-technology--purchase-legacy-indexed--tax-adopted--index-adopted--gdp-off--ets2-off,scenarios/accelerated-technology--purchase-legacy-indexed--tax-adopted--index-adopted--gdp-off--ets2-off.json,accelerated_technology,False,legacy_indexed,adopted,adopted,off,off,0.2422762008,0.0682700751,0.4,0.2000360605,0.0894176636,0.1424053121,0.0391957878,0.630268505,0.1364822158,0.0516481793,0.0681080833,0.018223919,0.8236546429,0.0658218919,0.0241914629,0.0,0.0,0.0,0.0,0.0,0.4236882749,-0.1120696493,1.0268505002,-1.0913216062,-0.2471475196,0.3902789086,-0.0302050227,0.365464293,-0.6310120737,-0.0945261051
accelerated-technology--purchase-legacy-indexed--tax-adopted--index-adopted--gdp-on--ets2-adopted,scenarios/accelerated-technology--purchase-legacy-indexed--tax-adopted--index-adopted--gdp-on--ets2-adopted.json,accelerated_technology,False,legacy_indexed,adopted,adopted,on,adopted,0.2408863832,0.0682869509,0.4009305418,0.2005928551,0.0893032689,0.1214785823,0.0364045246,0.6508392873,0.1427504018,0.048527204,0.053305247,0.0161837551,0.8406308825,0.0682166046,0.0216635109,-0.1389817582,0.0016875785,0.0930541819,0.055679464,-0.0114394661,-1.6689847098,-0.3911959666,3.0839287329,-0.4645030047,-0.5592450518,-1.0900047262,-0.2342214098,2.0630882516,-0.3915408042,-0.3473213115
accelerated-technology--purchase-legacy-indexed--tax-adopted--index-adopted--gdp-on--ets2-high-market,scenarios/accelerated-technology--purchase-legacy-indexed--tax-adopted--index-adopted--gdp-on--ets2-high-market.json,accelerated_technology,False,legacy_indexed,adopted,adopted,on,high_market,0.2408863832,0.0682869509,0.4009305418,0.2005928551,0.0893032689,0.1080616105,0.0340945726,0.6647317399,0.1469304562,0.0461816208,0.0446908553,0.0145557275,0.851209194,0.069646064,0.0198981592,-0.1389817582,0.0016875785,0.0930541819,0.055679464,-0.0114394661,-3.0106818897,-0.6221911655,4.4731739927,-0.0464975691,-0.7938033684,-1.9514438875,-0.3970241728,3.1209194023,-0.2485948635,-0.5238564785
accelerated-technology--purchase-legacy-indexed--tax-adopted--index-adopted--gdp-on--ets2-off,scenarios/accelerated-technology--purchase-legacy-indexed--tax-adopted--index-adopted--gdp-on--ets2-off.json,accelerated_technology,False,legacy_indexed,adopted,adopted,on,off,0.2408863832,0.0682869509,0.4009305418,0.2005928551,0.0893032689,0.1377241007,0.0390423019,0.6345439055,0.1376315448,0.0510581471,0.0633529304,0.0179594147,0.8287743631,0.0664266019,0.0234866899,-0.1389817582,0.0016875785,0.0930541819,0.055679464,-0.0114394661,-0.0444328702,-0.1274182376,1.4543905457,-0.9763887028,-0.3061507352,-0.08523638,-0.0566554513,0.877436306,-0.5705410659,-0.1650034088
accelerated-technology--purchase-legacy-indexed--tax-adopted--index-cpi-indexed--gdp-off--ets2-adopted,scenarios/accelerated-technology--purchase-legacy-indexed--tax-adopted--index-cpi-indexed--gdp-off--ets2-adopted.json,accelerated_technology,False,legacy_indexed,adopted,cpi_indexed,off,adopted,0.2462823724,0.0685980855,0.3971521493,0.1981853457,0.089782047,0.1245167083,0.0367211721,0.6478563411,0.1419094893,0.0489962892,0.0547530072,0.0163644172,0.8389458988,0.0680097317,0.0219269451,0.4006171618,0.032801037,-0.2847850704,-0.185071475,0.0364383467,-1.3651721043,-0.3595312176,2.7856341072,-0.5485942555,-0.5123365298,-0.9452287049,-0.216155196,1.894589881,-0.4122280875,-0.3209778926
accelerated-technology--purchase-legacy-indexed--tax-adopted--index-cpi-indexed--gdp-off--ets2-high-market,scenarios/accelerated-technology--purchase-legacy-indexed--tax-adopted--index-cpi-indexed--gdp-off--ets2-high-market.json,accelerated_technology,False,legacy_indexed,adopted,cpi_indexed,off,high_market,0.2462823724,0.0685980855,0.3971521493,0.1981853457,0.089782047,0.1105808313,0.0343795761,0.6621728787,0.1462504487,0.0466162653,0.0457811814,0.0147040914,0.8498815716,0.0695106034,0.0201225522,0.4006171618,0.032801037,-0.2847850704,-0.185071475,0.0364383467,-2.7587598077,-0.5936908238,4.2172878682,-0.1144983186,-0.7503389181,-1.8424112791,-0.382187781,2.9881571654,-0.2621409228,-0.5014171825
accelerated-technology--purchase-legacy-indexed--tax-adopted--index-cpi-indexed--gdp-off--ets2-off,scenarios/accelerated-technology--purchase-legacy-indexed--tax-adopted--index-cpi-indexed--gdp-off--ets2-off.json,accelerated_technology,False,legacy_indexed,adopted,cpi_indexed,off,off,0.2462823724,0.0685980855,0.3971521493,0.1981853457,0.089782047,0.1414391984,0.0393956666,0.6310154971,0.1365880884,0.0515615496,0.0652666151,0.0181789902,0.8266310599,0.0661304411,0.0237928937,0.4006171618,0.032801037,-0.2847850704,-0.185071475,0.0364383467,0.3270769003,-0.0920817737,1.1015497082,-1.0807343462,-0.2558104886,0.1061320882,-0.034697897,0.6631059899,-0.6001571532,-0.1343830279
accelerated-technology--purchase-legacy-indexed--tax-adopted--index-cpi-indexed--gdp-on--ets2-adopted,scenarios/accelerated-technology--purchase-legacy-indexed--tax-adopted--index-cpi-indexed--gdp-on--ets2-adopted.json,accelerated_technology,False,legacy_indexed,adopted,cpi_indexed,on,adopted,0.2449197504,0.0686237351,0.3980559574,0.1987256416,0.0896749155,0.1206732133,0.0365708033,0.6514961482,0.1428208196,0.0484390155,0.0510628747,0.0161163305,0.8431307763,0.0684089533,0.0212810652,0.2643549615,0.0353659992,-0.1944042584,-0.13104189,0.0257251877,-1.7495216069,-0.3745680995,3.1496148228,-0.4574612206,-0.5680638958,-1.3142419564,-0.2409638696,2.3130776298,-0.372305927,-0.3855658768
accelerated-technology--purchase-legacy-indexed--tax-adopted--index-cpi-indexed--gdp-on--ets2-high-market,scenarios/accelerated-technology--purchase-legacy-indexed--tax-adopted--index-cpi-indexed--gdp-on--ets2-high-market.json,accelerated_technology,False,legacy_indexed,adopted,cpi_indexed,on,high_market,0.2449197504,0.0686237351,0.3980559574,0.1987256416,0.0896749155,0.107397403,0.0342308531,0.6652974621,0.1469751814,0.0460991004,0.0429962384,0.0144923983,0.8531922398,0.0697477161,0.0195714073,0.2643549615,0.0353659992,-0.1944042584,-0.13104189,0.0257251877,-3.0771026364,-0.6085631243,4.5297462113,-0.0420250433,-0.8020554073,-2.1209055837,-0.403357087,3.3192239824,-0.2384296459,-0.5565316657
accelerated-technology--purchase-legacy-indexed--tax-adopted--index-cpi-indexed--gdp-on--ets2-off,scenarios/accelerated-technology--purchase-legacy-indexed--tax-adopted--index-cpi-indexed--gdp-on--ets2-off.json,accelerated_technology,False,legacy_indexed,adopted,cpi_indexed,on,off,0.2449197504,0.0686237351,0.3980559574,0.1987256416,0.0896749155,0.13673285,0.0392491431,0.6353178002,0.1377353515,0.0509648551,0.0604004495,0.0178905315,0.8319314799,0.0667338859,0.0230436533,0.2643549615,0.0353659992,-0.1944042584,-0.13104189,0.0257251877,-0.1435579342,-0.1067341155,1.531780022,-0.9660080361,-0.3154799361,-0.3804844769,-0.063543775,1.1931479921,-0.5398126715,-0.2093070687
accelerated-technology--purchase-legacy-indexed--tax-plus30--index-adopted--gdp-off--ets2-adopted,scenarios/accelerated-technology--purchase-legacy-indexed--tax-plus30--index-adopted--gdp-off--ets2-adopted.json,accelerated_technology,False,legacy_indexed,plus30,adopted,off,adopted,0.2182053216,0.0683315808,0.4164677138,0.2097934313,0.0872019525,0.1122688878,0.0359475264,0.6597287816,0.144939338,0.0471154662,0.0508709124,0.0160087238,0.8434082681,0.0684810168,0.0212310788,-2.4070879206,0.0061505641,1.6467713838,0.9757370788,-0.2215711061,-2.5899541587,-0.4368957859,3.9728781621,-0.2456093846,-0.7004188329,-1.3334381798,-0.2517245373,2.3408268112,-0.3650995749,-0.3905645193
accelerated-technology--purchase-legacy-indexed--tax-plus30--index-adopted--gdp-off--ets2-high-market,scenarios/accelerated-technology--purchase-legacy-indexed--tax-plus30--index-adopted--gdp-off--ets2-high-market.json,accelerated_technology,False,legacy_indexed,plus30,adopted,off,high_market,0.2182053216,0.0683315808,0.4164677138,0.2097934313,0.0872019525,0.1003929886,0.0336576901,0.6724012469,0.1486740787,0.0448739957,0.0428488657,0.014406913,0.8534119961,0.0698033449,0.0195288803,-2.4070879206,0.0061505641,1.6467713838,0.9757370788,-0.2215711061,-3.7775440746,-0.6658794161,5.240124692,0.1278646822,-0.9245658835,-2.1356428512,-0.4119056191,3.3411996079,-0.2328667692,-0.5607843684
accelerated-technology--purchase-legacy-indexed--tax-plus30--index-adopted--gdp-off--ets2-off,scenarios/accelerated-technology--purchase-legacy-indexed--tax-plus30--index-adopted--gdp-off--ets2-off.json,accelerated_technology,False,legacy_indexed,plus30,adopted,off,off,0.2182053216,0.0683315808,0.4164677138,0.2097934313,0.0872019525,0.1265161298,0.0385720749,0.644989718,0.1403810551,0.0495410222,0.0601520459,0.0177549882,0.8322819758,0.0668256236,0.0229853665,-2.4070879206,0.0061505641,1.6467713838,0.9757370788,-0.2215711061,-1.165229958,-0.1744409413,2.4989718026,-0.7014376718,-0.4578632316,-0.4053248352,-0.0770980962,1.228197581,-0.5306388966,-0.2151357529
accelerated-technology--purchase-legacy-indexed--tax-plus30--index-adopted--gdp-on--ets2-adopted,scenarios/accelerated-technology--purchase-legacy-indexed--tax-plus30--index-adopted--gdp-on--ets2-adopted.json,accelerated_technology,False,legacy_indexed,plus30,adopted,on,adopted,0.2166804005,0.0683180954,0.4175377192,0.210419661,0.0870441238,0.108124893,0.0357023633,0.6638171892,0.1459158007,0.0464397538,0.0470229064,0.015697746,0.8478878069,0.0688793253,0.0205122153,-2.5595800341,0.0048020296,1.7537719223,1.0383600564,-0.2373539742,-3.0043536312,-0.4614121042,4.381718917,-0.1479631114,-0.7679900702,-1.7182387774,-0.2828223181,2.7887806942,-0.3252687323,-0.4624508664
accelerated-technology--purchase-legacy-indexed--tax-plus30--index-adopted--gdp-on--ets2-high-market,scenarios/accelerated-technology--purchase-legacy-indexed--tax-plus30--index-adopted--gdp-on--ets2-high-market.json,accelerated_technology,False,legacy_indexed,plus30,adopted,on,high_market,0.2166804005,0.0683180954,0.4175377192,0.210419661,0.0870441238,0.0969208005,0.0334285007,0.6759492308,0.1494522384,0.0442492296,0.0399078715,0.0141446891,0.8569994837,0.0700345941,0.0189133616,-2.5595800341,0.0048020296,1.7537719223,1.0383600564,-0.2373539742,-4.1247628853,-0.6887983596,5.5949230815,0.2056806544,-0.987042491,-2.4297422758,-0.4381280086,3.6999483735,-0.2097418482,-0.6223362409
accelerated-technology--purchase-legacy-indexed--tax-plus30--index-adopted--gdp-on--ets2-off,scenarios/accelerated-technology--purchase-legacy-indexed--tax-plus30--index-adopted--gdp-on--ets2-off.json,accelerated_technology,False,legacy_indexed,plus30,adopted,on,off,0.2166804005,0.0683180954,0.4175377192,0.210419661,0.0870441238,0.1215093869,0.0383112172,0.649761153,0.1416058995,0.0488123434,0.0551478498,0.0173878028,0.8378783286,0.0674322096,0.0221538093,-2.5595800341,0.0048020296,1.7537719223,1.0383600564,-0.2373539742,-1.6659042505,-0.2005267087,2.9761153024,-0.578953235,-0.5307311082,-0.9057444449,-0.1138166454,1.787832865,-0.469980304,-0.2982914708
accelerated-technology--purchase-legacy-indexed--tax-plus30--index-cpi-indexed--gdp-off--ets2-adopted,scenarios/accelerated-technology--purchase-legacy-indexed--tax-plus30--index-cpi-indexed--gdp-off--ets2-adopted.json,accelerated_technology,False,legacy_indexed,plus30,cpi_indexed,off,adopted,0.2226181794,0.0688260203,0.4131781102,0.2076781676,0.0876995224,0.1114167346,0.0361272862,0.6604421653,0.1450009601,0.0470128538,0.0485690598,0.0159274126,0.8460139345,0.0686669338,0.0208226592,-1.9658021389,0.0555945176,1.3178110258,0.7642107156,-0.1718141202,-2.6751694742,-0.4189198105,4.0442165286,-0.2394471754,-0.7106800685,-1.5636234406,-0.2598556598,2.6013934496,-0.3465078749,-0.4314064743
accelerated-technology--purchase-legacy-indexed--tax-plus30--index-cpi-indexed--gdp-off--ets2-high-market,scenarios/accelerated-technology--purchase-legacy-indexed--tax-plus30--index-cpi-indexed--gdp-off--ets2-high-market.json,accelerated_technology,False,legacy_indexed,plus30,cpi_indexed,off,high_market,0.2226181794,0.0688260203,0.4131781102,0.2076781676,0.0876995224,0.0996841758,0.0338062728,0.6730209694,0.1487100671,0.0447785148,0.0410956529,0.0143327541,0.8554947929,0.0698975278,0.0191792723,-1.9658021389,0.0555945176,1.3178110258,0.7642107156,-0.1718141202,-3.8484253526,-0.6510211488,5.3020969404,0.1314635267,-0.9341139656,-2.3109641327,-0.4193215083,3.549479286,-0.2234484766,-0.5957451683
accelerated-technology--purchase-legacy-indexed--tax-plus30--index-cpi-indexed--gdp-off--ets2-off,scenarios/accelerated-technology--purchase-legacy-indexed--tax-plus30--index-cpi-indexed--gdp-off--ets2-off.json,accelerated_technology,False,legacy_indexed,plus30,cpi_indexed,off,off,0.2226181794,0.0688260203,0.4131781102,0.2076781676,0.0876995224,0.1254776472,0.0387934495,0.6458217292,0.1404757676,0.0494314065,0.057147274,0.0176680065,0.835544689,0.0671270953,0.0225129352,-1.9658021389,0.0555945176,1.3178110258,0.7642107156,-0.1718141202,-1.2690782167,-0.1523034825,2.5821729212,-0.6919664262,-0.4688247957,-0.70580202,-0.0857962699,1.5544689012,-0.5004917283,-0.2623788829
accelerated-technology--purchase-legacy-indexed--tax-plus30--index-cpi-indexed--gdp-on--ets2-adopted,scenarios/accelerated-technology--purchase-legacy-indexed--tax-plus30--index-cpi-indexed--gdp-on--ets2-adopted.json,accelerated_technology,False,legacy_indexed,plus30,cpi_indexed,on,adopted,0.2211143544,0.0688240756,0.4142216942,0.2082892545,0.0875506214,0.1072564301,0.0358874292,0.6645537216,0.1459718263,0.0463305929,0.0446541582,0.0155922547,0.8506413885,0.0690483149,0.0200638836,-2.1161846422,0.0554000467,1.4221694168,0.8253193978,-0.1867042191,-3.0911999276,-0.4429055118,4.4553721557,-0.1423605592,-0.7789061571,-1.9551135985,-0.293371449,3.0641388529,-0.3083697717,-0.5072840336
accelerated-technology--purchase-legacy-indexed--tax-plus30--index-cpi-indexed--gdp-on--ets2-high-market,scenarios/accelerated-technology--purchase-legacy-indexed--tax-plus30--index-cpi-indexed--gdp-on--ets2-high-market.json,accelerated_technology,False,legacy_indexed,plus30,cpi_indexed,on,high_market,0.2211143544,0.0688240756,0.4142216942,0.2082892545,0.0875506214,0.0961955678,0.0335820766,0.6765915911,0.1494829068,0.0441478576,0.0380807814,0.0140516206,0.8592276862,0.0701116621,0.0185282496,-2.1161846422,0.0554000467,1.4221694168,0.8253193978,-0.1867042191,-4.1972861529,-0.6734407666,5.6591591141,0.2087474988,-0.9971796933,-2.6124512773,-0.447434857,3.9227686189,-0.2020350499,-0.6608474347
accelerated-technology--purchase-legacy-indexed--tax-plus30--index-cpi-indexed--gdp-on--ets2-off,scenarios/accelerated-technology--purchase-legacy-indexed--tax-plus30--index-cpi-indexed--gdp-on--ets2-off.json,accelerated_technology,False,legacy_indexed,plus30,cpi_indexed,on,off,0.2211143544,0.0688240756,0.4142216942,0.2082892545,0.0875506214,0.1204558411,0.0385380615,0.6506162106,0.1416945614,0.0486953255,0.0520981229,0.0172695219,0.8412797163,0.0677159062,0.0216367327,-2.1161846422,0.0554000467,1.4221694168,0.8253193978,-0.1867042191,-1.7712588246,-0.1778422824,3.0616210588,-0.5700870498,-0.5424329021,-1.2107171278,-0.1256447338,2.1279716271,-0.4416106346,-0.3499991309
accelerated-technology--purchase-high-indexed--tax-adopted--index-adopted--gdp-off--ets2-adopted,scenarios/accelerated-technology--purchase-high-indexed--tax-adopted--index-adopted--gdp-off--ets2-adopted.json,accelerated_technology,False,high_indexed,adopted,adopted,off,adopted,0.2422762008,0.0682700751,0.4,0.2000360605,0.0894176636,0.119153744,0.0347681454,0.6604639643,0.1389424175,0.0466717287,0.0534949521,0.0154355781,0.8444324688,0.0656934345,0.0209435664,0.0,0.0,0.0,0.0,0.0,-1.9014685394,-0.5548338855,4.046396434,-0.8453014334,-0.7447925756,-1.0710342105,-0.3090391072,2.4432468845,-0.6438578132,-0.4193157535
accelerated-technology--purchase-high-indexed--tax-adopted--index-adopted--gdp-off--ets2-high-market,scenarios/accelerated-technology--purchase-high-indexed--tax-adopted--index-adopted--gdp-off--ets2-high-market.json,accelerated_technology,False,high_indexed,adopted,adopted,off,high_market,0.2422762008,0.0682700751,0.4,0.2000360605,0.0894176636,0.1056180892,0.0325228295,0.6745031968,0.1430155859,0.0443402985,0.0444904658,0.013855204,0.8553405477,0.0671409518,0.0191728308,0.0,0.0,0.0,0.0,0.0,-3.2550340113,-0.7793654756,5.4503196803,-0.4379845942,-0.9779355992,-1.9714828455,-0.4670765172,3.5340547658,-0.4991060814,-0.5963893216
accelerated-technology--purchase-high-indexed--tax-adopted--index-adopted--gdp-off--ets2-off,scenarios/accelerated-technology--purchase-high-indexed--tax-adopted--index-adopted--gdp-off--ets2-off.json,accelerated_technology,False,high_indexed,adopted,adopted,off,off,0.2422762008,0.0682700751,0.4,0.2000360605,0.0894176636,0.1356450041,0.0373350735,0.6439059994,0.1339176016,0.0491963213,0.0641442435,0.0171633004,0.8320512033,0.063857715,0.0227835378,0.0,0.0,0.0,0.0,0.0,-0.2523425228,-0.2981410767,2.3905999383,-1.3477830229,-0.4923333159,-0.0061050745,-0.1362668768,1.2051203294,-0.8274297566,-0.2353186215
accelerated-technology--purchase-high-indexed--tax-adopted--index-adopted--gdp-on--ets2-adopted,scenarios/accelerated-technology--purchase-high-indexed--tax-adopted--index-adopted--gdp-on--ets2-adopted.json,accelerated_technology,False,high_indexed,adopted,adopted,on,adopted,0.2408863832,0.0682869509,0.4009305418,0.2005928551,0.0893032689,0.1154814023,0.0346072985,0.6639905838,0.1397892126,0.0461315029,0.0501066487,0.0152126437,0.848263068,0.0660540545,0.020363585,-0.1389817582,0.0016875785,0.0930541819,0.055679464,-0.0114394661,-2.2687027063,-0.5709185825,4.3990583823,-0.7606219298,-0.7988151637,-1.4098645531,-0.3313325462,2.8263068022,-0.6077958067,-0.4773138963
accelerated-technology--purchase-high-indexed--tax-adopted--index-adopted--gdp-on--ets2-high-market,scenarios/accelerated-technology--purchase-high-indexed--tax-adopted--index-adopted--gdp-on--ets2-high-market.json,accelerated_technology,False,high_indexed,adopted,adopted,on,high_market,0.2408863832,0.0682869509,0.4009305418,0.2005928551,0.0893032689,0.1025849513,0.0323666292,0.6775234491,0.1436838754,0.0438410949,0.0419553676,0.0136647843,0.8583478037,0.067351834,0.0186802105,-0.1389817582,0.0016875785,0.0930541819,0.055679464,-0.0114394661,-3.5583478012,-0.7949855105,5.752344914,-0.3711556471,-1.0278559552,-2.2249926624,-0.486118494,3.8347803679,-0.4780178595,-0.645651352
accelerated-technology--purchase-high-indexed--tax-adopted--index-adopted--gdp-on--ets2-off,scenarios/accelerated-technology--purchase-high-indexed--tax-adopted--index-adopted--gdp-on--ets2-off.json,accelerated_technology,False,high_indexed,adopted,adopted,on,off,0.2408863832,0.0682869509,0.4009305418,0.2005928551,0.0893032689,0.1311335048,0.0371739867,0.648086405,0.1349912731,0.0486148303,0.0596330139,0.0169048854,0.8369455589,0.0644089283,0.0221076136,-0.1389817582,0.0016875785,0.0930541819,0.055679464,-0.0114394661,-0.7034924535,-0.3142497588,2.8086405019,-1.2404158723,-0.5504824173,-0.4572280319,-0.1621083845,1.6945558873,-0.7723084308,-0.3029110401
accelerated-technology--purchase-high-indexed--tax-adopted--index-cpi-indexed--gdp-off--ets2-adopted,scenarios/accelerated-technology--purchase-high-indexed--tax-adopted--index-cpi-indexed--gdp-off--ets2-adopted.json,accelerated_technology,False,high_indexed,adopted,cpi_indexed,off,adopted,0.2462823724,0.0685980855,0.3971521493,0.1981853457,0.089782047,0.1184037753,0.0349184095,0.6610809801,0.1390059342,0.0465909009,0.0514775623,0.015385462,0.8466551794,0.0658665692,0.0206152272,0.4006171618,0.032801037,-0.2847850704,-0.185071475,0.0364383467,-1.9764654064,-0.5398074782,4.108098008,-0.838949763,-0.7528753604,-1.2727731904,-0.3140507255,2.6655179362,-0.6265443381,-0.4521496822
accelerated-technology--purchase-high-indexed--tax-adopted--index-cpi-indexed--gdp-off--ets2-high-market,scenarios/accelerated-technology--purchase-high-indexed--tax-adopted--index-cpi-indexed--gdp-off--ets2-high-market.json,accelerated_technology,False,high_indexed,adopted,cpi_indexed,off,high_market,0.2462823724,0.0685980855,0.3971521493,0.1981853457,0.089782047,0.1050029402,0.0326454099,0.6750318699,0.1430549209,0.0442648591,0.0429858498,0.0138062812,0.8570823521,0.0672316182,0.0188938987,0.4006171618,0.032801037,-0.2847850704,-0.185071475,0.0364383467,-3.3165489189,-0.7671074364,5.5031869891,-0.434051096,-0.9854795378,-2.1219444408,-0.4719688008,3.7082352088,-0.4900394403,-0.6242825269
accelerated-technology--purchase-high-indexed--tax-adopted--index-cpi-indexed--gdp-off--ets2-off,scenarios/accelerated-technology--purchase-high-indexed--tax-adopted--index-cpi-indexed--gdp-off--ets2-off.json,accelerated_technology,False,high_indexed,adopted,cpi_indexed,off,off,0.2462823724,0.0685980855,0.3971521493,0.1981853457,0.089782047,0.1347160529,0.03752304,0.6446374459,0.1340128291,0.0491106322,0.0614488452,0.0171156104,0.8348975047,0.0641369111,0.0224011286,0.4006171618,0.032801037,-0.2847850704,-0.185071475,0.0364383467,-0.3452376472,-0.2793444283,2.4637445874,-1.3382602786,-0.5009022333,-0.2756449067,-0.1410358809,1.4897504719,-0.7995101503,-0.273559534
accelerated-technology--purchase-high-indexed--tax-adopted--index-cpi-indexed--gdp-on--ets2-adopted,scenarios/accelerated-technology--purchase-high-indexed--tax-adopted--index-cpi-indexed--gdp-on--ets2-adopted.json,accelerated_technology,False,high_indexed,adopted,cpi_indexed,on,adopted,0.2449197504,0.0686237351,0.3980559574,0.1987256416,0.0896749155,0.1147092165,0.0347633752,0.6646322281,0.1398501519,0.0460450283,0.047985399,0.0151450257,0.8506493155,0.0662217694,0.0199984903,0.2643549615,0.0353659992,-0.1944042584,-0.13104189,0.0257251877,-2.345921283,-0.5553109061,4.4632228051,-0.7545279972,-0.8074626189,-1.6219895191,-0.3380943478,3.064931546,-0.5910243159,-0.5138233632
accelerated-technology--purchase-high-indexed--tax-adopted--index-cpi-indexed--gdp-on--ets2-high-market,scenarios/accelerated-technology--purchase-high-indexed--tax-adopted--index-cpi-indexed--gdp-on--ets2-high-market.json,accelerated_technology,False,high_indexed,adopted,cpi_indexed,on,high_market,0.2449197504,0.0686237351,0.3980559574,0.1987256416,0.0896749155,0.1019493451,0.0324943896,0.6780752039,0.1437204772,0.0437605842,0.0403551754,0.0136021964,0.8602388082,0.0674345951,0.018369225,0.2643549615,0.0353659992,-0.1944042584,-0.13104189,0.0257251877,-3.6219084263,-0.7822094734,5.8075203944,-0.367495466,-1.0359070286,-2.3850118788,-0.4923772845,4.0238808181,-0.4697417543,-0.6767499005
accelerated-technology--purchase-high-indexed--tax-adopted--index-cpi-indexed--gdp-on--ets2-off,scenarios/accelerated-technology--purchase-high-indexed--tax-adopted--index-cpi-indexed--gdp-on--ets2-off.json,accelerated_technology,False,high_indexed,adopted,cpi_indexed,on,off,0.2449197504,0.0686237351,0.3980559574,0.1987256416,0.0896749155,0.1301809675,0.0373684263,0.6488438159,0.1350840384,0.0485227519,0.0568346178,0.0168343369,0.8399628698,0.064684939,0.0216832365,0.2643549615,0.0353659992,-0.1944042584,-0.13104189,0.0257251877,-0.7987461817,-0.2948057992,2.8843815942,-1.2311393495,-0.5596902638,-0.7370676417,-0.1691632263,1.9962869808,-0.7447073607,-0.3453487521
accelerated-technology--purchase-high-indexed--tax-plus30--index-adopted--gdp-off--ets2-adopted,scenarios/accelerated-technology--purchase-high-indexed--tax-plus30--index-adopted--gdp-off--ets2-adopted.json,accelerated_technology,False,high_indexed,plus30,adopted,off,adopted,0.2182053216,0.0683315808,0.4164677138,0.2097934313,0.0872019525,0.1066354748,0.0341437563,0.6726575989,0.1418118573,0.0447513127,0.0478032455,0.0150433503,0.8509135348,0.0662890876,0.0199507818,-2.4070879206,0.0061505641,1.6467713838,0.9757370788,-0.2215711061,-3.1532954586,-0.6172727957,5.265759885,-0.5583574517,-0.936834179,-1.6402048703,-0.3482618903,3.0913534823,-0.5842925001,-0.5185942217
accelerated-technology--purchase-high-indexed--tax-plus30--index-adopted--gdp-off--ets2-high-market,scenarios/accelerated-technology--purchase-high-indexed--tax-plus30--index-adopted--gdp-off--ets2-high-market.json,accelerated_technology,False,high_indexed,plus30,adopted,off,high_market,0.2182053216,0.0683315808,0.4164677138,0.2097934313,0.0872019525,0.0952340523,0.0319281084,0.6849890359,0.1452807664,0.042568037,0.0402156154,0.0135215452,0.8604477959,0.0674862984,0.0183287451,-2.4070879206,0.0061505641,1.6467713838,0.9757370788,-0.2215711061,-4.2934377034,-0.8388375892,6.498903586,-0.2114665409,-1.1551617526,-2.3989678841,-0.5004424049,4.0447795932,-0.4645714194,-0.6807978847
accelerated-technology--purchase-high-indexed--tax-plus30--index-adopted--gdp-off--ets2-off,scenarios/accelerated-technology--purchase-high-indexed--tax-plus30--index-adopted--gdp-off--ets2-off.json,accelerated_technology,False,high_indexed,plus30,adopted,off,off,0.2182053216,0.0683315808,0.4164677138,0.2097934313,0.0872019525,0.12034319,0.036690077,0.6582905228,0.1375523798,0.0471238304,0.0565983952,0.0167060626,0.8402970833,0.0647710175,0.0216274415,-2.4070879206,0.0061505641,1.6467713838,0.9757370788,-0.2215711061,-1.7825239346,-0.3626407347,3.8290522768,-0.9843052004,-0.6995824071,-0.7606899042,-0.1819906652,2.0297083264,-0.7360995098,-0.3509282471
accelerated-technology--purchase-high-indexed--tax-plus30--index-adopted--gdp-on--ets2-adopted,scenarios/accelerated-technology--purchase-high-indexed--tax-plus30--index-adopted--gdp-on--ets2-adopted.json,accelerated_technology,False,high_indexed,plus30,adopted,on,adopted,0.2166804005,0.0683180954,0.4175377192,0.210419661,0.0870441238,0.1026589149,0.0338975213,0.6766405069,0.1427109464,0.0440921105,0.0441643983,0.0147434848,0.8551867209,0.066640112,0.019265284,-2.5595800341,0.0048020296,1.7537719223,1.0383600564,-0.2373539742,-3.5509514502,-0.6418962956,5.6640506939,-0.4684485474,-1.0027544007,-2.004089592,-0.3782484376,3.5186720897,-0.5491900621,-0.587143998
accelerated-technology--purchase-high-indexed--tax-plus30--index-adopted--gdp-on--ets2-high-market,scenarios/accelerated-technology--purchase-high-indexed--tax-plus30--index-adopted--gdp-on--ets2-high-market.json,accelerated_technology,False,high_indexed,plus30,adopted,on,high_market,0.2166804005,0.0683180954,0.4175377192,0.210419661,0.0870441238,0.091908459,0.0316997174,0.6884403779,0.1459906025,0.0419608431,0.0374392401,0.0132697233,0.8638668883,0.0676807343,0.017743414,-2.5595800341,0.0048020296,1.7537719223,1.0383600564,-0.2373539742,-4.6259970347,-0.8616766894,6.8440377936,-0.1404829304,-1.215881139,-2.6766054115,-0.5256245897,4.3866888333,-0.4451278337,-0.7393309984
accelerated-technology--purchase-high-indexed--tax-plus30--index-adopted--gdp-on--ets2-off,scenarios/accelerated-technology--purchase-high-indexed--tax-plus30--index-adopted--gdp-on--ets2-off.json,accelerated_technology,False,high_indexed,plus30,adopted,on,off,0.2166804005,0.0683180954,0.4175377192,0.210419661,0.0870441238,0.1155282923,0.0364254122,0.6629470699,0.1386895875,0.0464096381,0.0518575881,0.016350402,0.8456416186,0.0653183349,0.0208320564,-2.5595800341,0.0048020296,1.7537719223,1.0383600564,-0.2373539742,-2.2640137085,-0.3891072123,4.2947069932,-0.8705844385,-0.7710016339,-1.2347706126,-0.217556721,2.5641618588,-0.6813677657,-0.4304667595
accelerated-technology--purchase-high-indexed--tax-plus30--index-cpi-indexed--gdp-off--ets2-adopted,scenarios/accelerated-technology--purchase-high-indexed--tax-plus30--index-cpi-indexed--gdp-off--ets2-adopted.json,accelerated_technology,False,high_indexed,plus30,cpi_indexed,off,adopted,0.2226181794,0.0688260203,0.4131781102,0.2076781676,0.0876995224,0.1058194869,0.034312358,0.6733537783,0.1418633098,0.0446510669,0.0456267533,0.0149625323,0.8534000205,0.0664494683,0.0195612256,-1.9658021389,0.0555945176,1.3178110258,0.7642107156,-0.1718141202,-3.2348942429,-0.6004126264,5.3353778309,-0.5532122004,-0.9468587611,-1.8578540923,-0.3563436917,3.3400020521,-0.5682544297,-0.5575498384
accelerated-technology--purchase-high-indexed--tax-plus30--index-cpi-indexed--gdp-off--ets2-high-market,scenarios/accelerated-technology--purchase-high-indexed--tax-plus30--index-cpi-indexed--gdp-off--ets2-high-market.json,accelerated_technology,False,high_indexed,plus30,cpi_indexed,off,high_market,0.2226181794,0.0688260203,0.4131781102,0.2076781676,0.0876995224,0.094556524,0.0320673128,0.6855929741,0.1453080352,0.0424751539,0.0385607349,0.0134486617,0.8624335055,0.0675608676,0.0179962303,-1.9658021389,0.0555945176,1.3178110258,0.7642107156,-0.1718141202,-4.3611905396,-0.8249171524,6.5592974105,-0.2087396606,-1.164450058,-2.5644559325,-0.5077307532,4.2433505479,-0.457114496,-0.7140493662
accelerated-technology--purchase-high-indexed--tax-plus30--index-cpi-indexed--gdp-off--ets2-off,scenarios/accelerated-technology--purchase-high-indexed--tax-plus30--index-cpi-indexed--gdp-off--ets2-off.json,accelerated_technology,False,high_indexed,plus30,cpi_indexed,off,off,0.2226181794,0.0688260203,0.4131781102,0.2076781676,0.0876995224,0.1193467602,0.0368979863,0.6591038379,0.1376352469,0.0470161687,0.053752061,0.0166183213,0.8434140767,0.0650401361,0.0211754048,-1.9658021389,0.0555945176,1.3178110258,0.7642107156,-0.1718141202,-1.8821669133,-0.3418497954,3.9103837861,-0.9760184941,-0.7103485833,-1.0453233258,-0.1907647875,2.3414076725,-0.7091876448,-0.3961319143
accelerated-technology--purchase-high-indexed--tax-plus30--index-cpi-indexed--gdp-on--ets2-adopted,scenarios/accelerated-technology--purchase-high-indexed--tax-plus30--index-cpi-indexed--gdp-on--ets2-adopted.json,accelerated_technology,False,high_indexed,plus30,cpi_indexed,on,adopted,0.2211143544,0.0688240756,0.4142216942,0.2082892545,0.0875506214,0.1018278034,0.0340710397,0.6773589623,0.1427565567,0.043985638,0.0419263689,0.0146397704,0.8578131596,0.0667824602,0.0188382409,-2.1161846422,0.0554000467,1.4221694168,0.8253193978,-0.1867042191,-3.6340625958,-0.6245444639,5.735896227,-0.4638875187,-1.0134016486,-2.227892528,-0.388619881,3.7813159644,-0.534955243,-0.6298483125
accelerated-technology--purchase-high-indexed--tax-plus30--index-cpi-indexed--gdp-on--ets2-high-market,scenarios/accelerated-technology--purchase-high-indexed--tax-plus30--index-cpi-indexed--gdp-on--ets2-high-market.json,accelerated_technology,False,high_indexed,plus30,cpi_indexed,on,high_market,0.2211143544,0.0688240756,0.4142216942,0.2082892545,0.0875506214,0.091215596,0.0318435579,0.6890661511,0.1460123387,0.0418623563,0.0357157236,0.0131789259,0.8659905276,0.0677372949,0.0173775279,-2.1161846422,0.0554000467,1.4221694168,0.8253193978,-0.1867042191,-4.6952833357,-0.8472926387,6.9066151062,-0.1383093173,-1.2257298145,-2.8489570627,-0.534704326,4.5990527624,-0.4394717671,-0.7759196067
accelerated-technology--purchase-high-indexed--tax-plus30--index-cpi-indexed--gdp-on--ets2-off,scenarios/accelerated-technology--purchase-high-indexed--tax-plus30--index-cpi-indexed--gdp-on--ets2-off.json,accelerated_technology,False,high_indexed,plus30,cpi_indexed,on,off,0.2211143544,0.0688240756,0.4142216942,0.2082892545,0.0875506214,0.114518102,0.0366383698,0.6637824662,0.1387661193,0.0462949426,0.0489713255,0.0162330489,0.8488890934,0.0655683814,0.0203381508,-2.1161846422,0.0554000467,1.4221694168,0.8253193978,-0.1867042191,-2.3650327329,-0.367811446,4.3782466207,-0.8629312531,-0.7824711887,-1.5233968703,-0.2292920313,2.8889093407,-0.6563631173,-0.4798573219
