scenario_id,file,technology_scenario,is_baseline,purchase_price_policy,fossil_fuel_tax_base,tax_indexation,gdp_indexation,electricity_tax,ets2,gasoline_2026,diesel_2026,bev_2026,phev_2026,hev_2026,gasoline_2030,diesel_2030,bev_2030,phev_2030,hev_2030,gasoline_2035,diesel_2035,bev_2035,phev_2035,hev_2035,delta_pp_gasoline_2026,delta_pp_diesel_2026,delta_pp_bev_2026,delta_pp_phev_2026,delta_pp_hev_2026,delta_pp_gasoline_2030,delta_pp_diesel_2030,delta_pp_bev_2030,delta_pp_phev_2030,delta_pp_hev_2030,delta_pp_gasoline_2035,delta_pp_diesel_2035,delta_pp_bev_2035,delta_pp_phev_2035,delta_pp_hev_2035
conservative-technology--purchase-adopted--tax-adopted--index-adopted--gdp-off--electricity-adopted--ets2-adopted,scenarios/conservative-technology--purchase-adopted--tax-adopted--index-adopted--gdp-off--electricity-adopted--ets2-adopted.json,conservative_technology,True,adopted,adopted,adopted,off,adopted,adopted,0.2563133527,0.0716012306,0.3699999955,0.2083968311,0.0936885902,0.1819959879,0.0527004996,0.5000000018,0.1946211612,0.0706823495,0.1245929697,0.0356942776,0.6499999983,0.1413210968,0.0483916576,0.0,0.0,0.0,0.0,0.0,0.0,0.0,0.0,0.0,0.0,0.0,0.0,0.0,0.0,0.0
conservative-technology--purchase-adopted--tax-adopted--index-adopted--gdp-off--electricity-adopted--ets2-high-market,scenarios/conservative-technology--purchase-adopted--tax-adopted--index-adopted--gdp-off--electricity-adopted--ets2-high-market.json,conservative_technology,False,adopted,adopted,adopted,off,adopted,high_market,0.2563133527,0.0716012306,0.3699999955,0.2083968311,0.0936885902,0.1630969275,0.0498721008,0.5162787945,0.2028157064,0.0679364708,0.1053969058,0.0326163228,0.6697214911,0.1471675361,0.0450977442,0.0,0.0,0.0,0.0,0.0,-1.8899060433,-0.282839876,1.6278792673,0.8194545271,-0.2745878751,-1.9196063905,-0.307795478,1.9721492771,0.5846439349,-0.3293913435
conservative-technology--purchase-adopted--tax-adopted--index-adopted--gdp-off--electricity-adopted--ets2-off,scenarios/conservative-technology--purchase-adopted--tax-adopted--index-adopted--gdp-off--electricity-adopted--ets2-off.json,conservative_technology,False,adopted,adopted,adopted,off,adopted,off,0.2563133527,0.0716012306,0.3699999955,0.2083968311,0.0936885902,0.2045667776,0.0558327844,0.4812077486,0.1848898335,0.0735028559,0.1466059442,0.0389114041,0.628343748,0.1345300518,0.0516088519,0.0,0.0,0.0,0.0,0.0,2.2570789667,0.3132284812,-1.8792253216,-0.9731327622,0.2820506359,2.2012974514,0.3217126514,-2.1656250322,-0.6791044977,0.321719427
conservative-technology--purchase-adopted--tax-adopted--index-adopted--gdp-off--electricity-north-reduction--ets2-adopted,scenarios/conservative-technology--purchase-adopted--tax-adopted--index-adopted--gdp-off--electricity-north-reduction--ets2-adopted.json,conservative_technology,False,adopted,adopted,adopted,off,north_reduction,adopted,0.2547167098,0.0711552078,0.3720827182,0.2087789675,0.0932663966,0.1805902212,0.0522934323,0.5021736255,0.1946847372,0.0702579838,0.1234602355,0.0353697639,0.651962697,0.1411724633,0.0480348404,-0.1596642865,-0.044602278,0.2082722737,0.0382136454,-0.0422193546,-0.1405766691,-0.0407067253,0.2173623664,0.0063576017,-0.0424365737,-0.1132734215,-0.0324513732,0.1962698666,-0.0148633461,-0.0356817258
conservative-technology--purchase-adopted--tax-adopted--index-adopted--gdp-off--electricity-north-reduction--ets2-high-market,scenarios/conservative-technology--purchase-adopted--tax-adopted--index-adopted--gdp-off--electricity-north-reduction--ets2-high-market.json,conservative_technology,False,adopted,adopted,adopted,off,north_reduction,high_market,0.2547167098,0.0711552078,0.3720827182,0.2087789675,0.0932663966,0.1617853177,0.0494710342,0.5184196873,0.2028169936,0.0675069672,0.1043976923,0.0323071043,0.671592522,0.1469550404,0.044747641,-0.1596642865,-0.044602278,0.2082722737,0.0382136454,-0.0422193546,-2.0210670243,-0.32294654,1.8419685429,0.8195832488,-0.3175382273,-2.0195277417,-0.3387173255,2.1592523653,0.5633943594,-0.3644016575
conservative-technology--purchase-adopted--tax-adopted--index-adopted--gdp-off--electricity-north-reduction--ets2-off,scenarios/conservative-technology--purchase-adopted--tax-adopted--index-adopted--gdp-off--electricity-north-reduction--ets2-off.json,conservative_technology,False,adopted,adopted,adopted,off,north_reduction,off,0.2547167098,0.0711552078,0.3720827182,0.2087789675,0.0932663966,0.2030606691,0.0554217195,0.4834117665,0.1850176542,0.0730881908,0.1453337607,0.0385737476,0.6303980853,0.1344446955,0.0512497109,-0.1596642865,-0.044602278,0.2082722737,0.0382136454,-0.0422193546,2.106468119,0.2721219873,-1.6588235365,-0.9603506992,0.2405841294,2.0740791037,0.2879470046,-1.9601913004,-0.687640131,0.2858053231
conservative-technology--purchase-adopted--tax-adopted--index-adopted--gdp-off--electricity-industrial--ets2-adopted,scenarios/conservative-technology--purchase-adopted--tax-adopted--index-adopted--gdp-off--electricity-industrial--ets2-adopted.json,conservative_technology,False,adopted,adopted,adopted,off,industrial,adopted,0.2500623354,0.0698550066,0.3781907723,0.2098647684,0.0920271173,0.1765115989,0.0511123874,0.5085184465,0.1948376435,0.0690199237,0.1201883521,0.0344324115,0.6576627245,0.1407172103,0.0469993017,-0.6251017261,-0.1746224002,0.8190776784,0.1467937335,-0.1661472856,-0.548438904,-0.1588112165,0.8518444624,0.0216482361,-0.166242578,-0.4404617607,-0.1261866091,0.7662726163,-0.0603886504,-0.1392355962
conservative-technology--purchase-adopted--tax-adopted--index-adopted--gdp-off--electricity-industrial--ets2-high-market,scenarios/conservative-technology--purchase-adopted--tax-adopted--index-adopted--gdp-off--electricity-industrial--ets2-high-market.json,conservative_technology,False,adopted,adopted,adopted,off,industrial,high_market,0.2500623354,0.0698550066,0.3781907723,0.2098647684,0.0920271173,0.1579838161,0.0483086035,0.5246652458,0.2027868453,0.0662554893,0.1015150039,0.0314150222,0.6770230143,0.146313961,0.0437329986,-0.6251017261,-0.1746224002,0.8190776784,0.1467937335,-0.1661472856,-2.4012171812,-0.4391896063,2.4665243948,0.8165684176,-0.4426860249,-2.307796579,-0.4279255369,2.7023015937,0.4992864232,-0.4658659011
conservative-technology--purchase-adopted--tax-adopted--index-adopted--gdp-off--electricity-industrial--ets2-off,scenarios/conservative-technology--purchase-adopted--tax-adopted--index-adopted--gdp-off--electricity-industrial--ets2-off.json,conservative_technology,False,adopted,adopted,adopted,off,industrial,off,0.2500623354,0.0698550066,0.3781907723,0.2098647684,0.0920271173,0.1986857521,0.0542276654,0.4898499187,0.1853600023,0.0718766615,0.1416542796,0.0375971585,0.6363685704,0.134174135,0.0502058566,-0.6251017261,-0.1746224002,0.8190776784,0.1467937335,-0.1661472856,1.6689764182,0.152716578,-1.0150083152,-0.9261158823,0.1194312013,1.7061309912,0.1902880879,-1.3631427968,-0.7146961795,0.1814198971
conservative-technology--purchase-adopted--tax-adopted--index-adopted--gdp-off--electricity-vat-reduced--ets2-adopted,scenarios/conservative-technology--purchase-adopted--tax-adopted--index-adopted--gdp-off--electricity-vat-reduced--ets2-adopted.json,conservative_technology,False,adopted,adopted,adopted,off,vat_reduced,adopted,0.2460444059,0.0687325965,0.3835082192,0.2107677087,0.0909470696,0.1730138103,0.0500995343,0.5140061581,0.1949304636,0.0679500337,0.1173996676,0.0336334894,0.6625580918,0.1402978542,0.0461108971,-1.0268946721,-0.2868634094,1.3508223701,0.2370877655,-0.274152054,-0.8982177597,-0.2600965286,1.4006156257,0.0309302421,-0.2732315795,-0.7193302122,-0.2060788208,1.25580935,-0.1023242607,-0.2280760563
conservative-technology--purchase-adopted--tax-adopted--index-adopted--gdp-off--electricity-vat-reduced--ets2-high-market,scenarios/conservative-technology--purchase-adopted--tax-adopted--index-adopted--gdp-off--electricity-vat-reduced--ets2-high-market.json,conservative_technology,False,adopted,adopted,adopted,off,vat_reduced,high_market,0.2460444059,0.0687325965,0.3835082192,0.2107677087,0.0909470696,0.1547283668,0.0473131458,0.5300626807,0.2027199293,0.0651758774,0.0990621898,0.0306559698,0.6816830139,0.1457346362,0.0428641903,-1.0268946721,-0.2868634094,1.3508223701,0.2370877655,-0.274152054,-2.7267621117,-0.5387353785,3.0062678903,0.8098768102,-0.5506472103,-2.5530779905,-0.5038307794,3.1683015555,0.4413539481,-0.5527467337
conservative-technology--purchase-adopted--tax-adopted--index-adopted--gdp-off--electricity-vat-reduced--ets2-off,scenarios/conservative-technology--purchase-adopted--tax-adopted--index-adopted--gdp-off--electricity-vat-reduced--ets2-off.json,conservative_technology,False,adopted,adopted,adopted,off,vat_reduced,off,0.2460444059,0.0687325965,0.3835082192,0.2107677087,0.0909470696,0.1949276989,0.053201973,0.4954238523,0.185618895,0.0708275808,0.1385125129,0.0367632867,0.6415012994,0.1339144488,0.0493084521,-1.0268946721,-0.2868634094,1.3508223701,0.2370877655,-0.274152054,1.2931710984,0.0501473454,-0.4576149576,-0.9002266132,0.014523127,1.3919543251,0.106900915,-0.8498698955,-0.7406647951,0.0916794505
conservative-technology--purchase-adopted--tax-adopted--index-adopted--gdp-on--electricity-adopted--ets2-adopted,scenarios/conservative-technology--purchase-adopted--tax-adopted--index-adopted--gdp-on--electricity-adopted--ets2-adopted.json,conservative_technology,False,adopted,adopted,adopted,on,adopted,adopted,0.2549045998,0.0716316936,0.3708882061,0.2089916179,0.0935838825,0.1770139925,0.0526260623,0.5039280243,0.1963458626,0.0700860582,0.1175957672,0.0354252333,0.6566389376,0.1429629231,0.0473771389,-0.140875283,0.0030463029,0.0888210601,0.0594786864,-0.0104707664,-0.4981995355,-0.0074437237,0.3928022448,0.1724701448,-0.0596291305,-0.699720251,-0.0269044323,0.6638939268,0.1641826309,-0.1014518743
conservative-technology--purchase-adopted--tax-adopted--index-adopted--gdp-on--electricity-adopted--ets2-high-market,scenarios/conservative-technology--purchase-adopted--tax-adopted--index-adopted--gdp-on--electricity-adopted--ets2-high-market.json,conservative_technology,False,adopted,adopted,adopted,on,adopted,high_market,0.2549045998,0.0716316936,0.3708882061,0.2089916179,0.0935838825,0.1589113727,0.0497725398,0.5197080038,0.2042494901,0.0673585936,0.1000202782,0.0323509506,0.6750907406,0.1483512929,0.0441867377,-0.140875283,0.0030463029,0.0888210601,0.0594786864,-0.0104707664,-2.3084615182,-0.2927959808,1.9708001966,0.9628328902,-0.3323755877,-2.4572691484,-0.3343326958,2.5090742238,0.7030196121,-0.4204919916
conservative-technology--purchase-adopted--tax-adopted--index-adopted--gdp-on--electricity-adopted--ets2-off,scenarios/conservative-technology--purchase-adopted--tax-adopted--index-adopted--gdp-on--electricity-adopted--ets2-off.json,conservative_technology,False,adopted,adopted,adopted,on,adopted,off,0.2549045998,0.0716316936,0.3708882061,0.2089916179,0.0935838825,0.1985673449,0.0558001512,0.4857603506,0.1869715345,0.0729006188,0.1375642047,0.038657431,0.6365487344,0.136725275,0.0505043549,-0.140875283,0.0030463029,0.0888210601,0.0594786864,-0.0104707664,1.6571356952,0.3099651619,-1.4239651283,-0.7649626614,0.2218269327,1.2971235055,0.2963153361,-1.3451263979,-0.4595821724,0.2112697286
conservative-technology--purchase-adopted--tax-adopted--index-adopted--gdp-on--electricity-north-reduction--ets2-adopted,scenarios/conservative-technology--purchase-adopted--tax-adopted--index-adopted--gdp-on--electricity-north-reduction--ets2-adopted.json,conservative_technology,False,adopted,adopted,adopted,on,north_reduction,adopted,0.2533123519,0.0711842501,0.3729716237,0.2093712244,0.0931605498,0.1756337703,0.0522157238,0.5060948293,0.1963955354,0.0696601413,0.1165120585,0.0350987706,0.6585725743,0.1427946824,0.0470219142,-0.3001000702,-0.0416980493,0.2971628219,0.0974393348,-0.0528040373,-0.6362217629,-0.0484775778,0.6094827421,0.177437421,-0.1022208225,-0.8080911187,-0.0595507032,0.8572575969,0.1473585645,-0.1369743395
conservative-technology--purchase-adopted--tax-adopted--index-adopted--gdp-on--electricity-north-reduction--ets2-high-market,scenarios/conservative-technology--purchase-adopted--tax-adopted--index-adopted--gdp-on--electricity-north-reduction--ets2-high-market.json,conservative_technology,False,adopted,adopted,adopted,on,north_reduction,high_market,0.2533123519,0.0711842501,0.3729716237,0.2093712244,0.0931605498,0.1576231986,0.0493690715,0.521841789,0.2042375386,0.0669284023,0.0990617706,0.0320409272,0.6769364031,0.148121736,0.0438391632,-0.3001000702,-0.0416980493,0.2971628219,0.0974393348,-0.0528040373,-2.4372789285,-0.3331428079,2.1841787124,0.9616377488,-0.3753947248,-2.5531199126,-0.3653350425,2.6936404726,0.6800639214,-0.4552494389
conservative-technology--purchase-adopted--tax-adopted--index-adopted--gdp-on--electricity-north-reduction--ets2-off,scenarios/conservative-technology--purchase-adopted--tax-adopted--index-adopted--gdp-on--electricity-north-reduction--ets2-off.json,conservative_technology,False,adopted,adopted,adopted,on,north_reduction,off,0.2533123519,0.0711842501,0.3729716237,0.2093712244,0.0931605498,0.1970887825,0.0553846549,0.4879583113,0.1870850139,0.0724832374,0.1363499558,0.0383162103,0.6385705228,0.1366179598,0.0501453512,-0.3001000702,-0.0416980493,0.2971628219,0.0974393348,-0.0528040373,1.5092794621,0.2684155296,-1.2041690514,-0.753614728,0.1800887877,1.1756986155,0.2621932743,-1.1429475507,-0.470313698,0.1753693589
conservative-technology--purchase-adopted--tax-adopted--index-adopted--gdp-on--electricity-industrial--ets2-adopted,scenarios/conservative-technology--purchase-adopted--tax-adopted--index-adopted--gdp-on--electricity-industrial--ets2-adopted.json,conservative_technology,False,adopted,adopted,adopted,on,industrial,adopted,0.2486710535,0.0698799815,0.3790814857,0.2104494544,0.0919180249,0.1716302153,0.0510254714,0.5124188296,0.1965075668,0.068417917,0.1133830083,0.0341561573,0.6641870098,0.1422823664,0.0459914582,-0.7642299121,-0.1721249096,0.9081490203,0.2052623324,-0.1770565309,-1.0365772597,-0.16750282,1.2418827733,0.1886405604,-0.2264432541,-1.1209961341,-0.1538120311,1.4187011497,0.0961269618,-0.2400199463
conservative-technology--purchase-adopted--tax-adopted--index-adopted--gdp-on--electricity-industrial--ets2-high-market,scenarios/conservative-technology--purchase-adopted--tax-adopted--index-adopted--gdp-on--electricity-industrial--ets2-high-market.json,conservative_technology,False,adopted,adopted,adopted,on,industrial,high_market,0.2486710535,0.0698799815,0.3790814857,0.2104494544,0.0919180249,0.1538904029,0.0481999247,0.5280658559,0.2041685821,0.0656752344,0.0962974078,0.0311468108,0.6822924174,0.1474311483,0.0428322156,-0.7642299121,-0.1721249096,0.9081490203,0.2052623324,-0.1770565309,-2.8105584976,-0.4500574874,2.8065854031,0.9547420909,-0.500711509,-2.8295561898,-0.454746675,3.2292419082,0.6110051542,-0.5559441976
conservative-technology--purchase-adopted--tax-adopted--index-adopted--gdp-on--electricity-industrial--ets2-off,scenarios/conservative-technology--purchase-adopted--tax-adopted--index-adopted--gdp-on--electricity-industrial--ets2-off.json,conservative_technology,False,adopted,adopted,adopted,on,industrial,off,0.2486710535,0.0698799815,0.3790814857,0.2104494544,0.0919180249,0.1927950569,0.054178059,0.4943776483,0.1873850473,0.0712641885,0.1328396966,0.0373297793,0.6444447647,0.1362832911,0.0491024683,-0.7642299121,-0.1721249096,0.9081490203,0.2052623324,-0.1770565309,1.0799068968,0.1477559414,-0.5622353514,-0.7236113851,0.0581838983,0.8246726864,0.1635501669,-0.5555233624,-0.5037805629,0.071081072
conservative-technology--purchase-adopted--tax-adopted--index-adopted--gdp-on--electricity-vat-reduced--ets2-adopted,scenarios/conservative-technology--purchase-adopted--tax-adopted--index-adopted--gdp-on--electricity-vat-reduced--ets2-adopted.json,conservative_technology,False,adopted,adopted,adopted,on,vat_reduced,adopted,0.2446647296,0.0687541495,0.3844002292,0.211345625,0.0908352667,0.1681979396,0.0500050597,0.5178874413,0.1965646999,0.0673448596,0.1107175073,0.0333531863,0.6690074703,0.1418138766,0.0451079596,-1.1648623026,-0.284708114,1.4400233671,0.2948793937,-0.2853323441,-1.379804828,-0.2695439928,1.7887439423,0.1943538751,-0.3337489965,-1.3875462344,-0.2341091345,1.9007471932,0.0492779799,-0.3283698042
conservative-technology--purchase-adopted--tax-adopted--index-adopted--gdp-on--electricity-vat-reduced--ets2-high-market,scenarios/conservative-technology--purchase-adopted--tax-adopted--index-adopted--gdp-on--electricity-vat-reduced--ets2-high-market.json,conservative_technology,False,adopted,adopted,adopted,on,vat_reduced,high_market,0.2446647296,0.0687541495,0.3844002292,0.211345625,0.0908352667,0.1506947185,0.0471990062,0.5334438183,0.2040679176,0.0645945394,0.0939463234,0.0303863669,0.6868875137,0.1468093668,0.0419704293,-1.1648623026,-0.284708114,1.4400233671,0.2948793937,-0.2853323441,-3.1301269442,-0.550149337,3.3443816464,0.9446756435,-0.6087810087,-3.0646646327,-0.5307910709,3.6887515334,0.5488269991,-0.6421228288
conservative-technology--purchase-adopted--tax-adopted--index-adopted--gdp-on--electricity-vat-reduced--ets2-off,scenarios/conservative-technology--purchase-adopted--tax-adopted--index-adopted--gdp-on--electricity-vat-reduced--ets2-off.json,conservative_technology,False,adopted,adopted,adopted,on,vat_reduced,off,0.2446647296,0.0687541495,0.3844002292,0.211345625,0.0908352667,0.18910815,0.0531419875,0.4999339529,0.1876068146,0.070209095,0.1298443854,0.0364880557,0.6494928152,0.1359681656,0.048206578,-1.1648623026,-0.284708114,1.4400233671,0.2948793937,-0.2853323441,0.7112162112,0.0441487948,-0.0066048963,-0.7014346598,-0.0473254499,0.5251415713,0.0793778096,-0.0507183111,-0.5352931124,-0.0185079574
conservative-technology--purchase-adopted--tax-adopted--index-cpi-indexed--gdp-off--electricity-adopted--ets2-adopted,scenarios/conservative-technology--purchase-adopted--tax-adopted--index-cpi-indexed--gdp-off--electricity-adopted--ets2-adopted.json,conservative_technology,False,adopted,adopted,cpi_indexed,off,adopted,adopted,0.2647103007,0.0704102866,0.3651835181,0.2055239767,0.0941719179,0.1790334125,0.0527986713,0.5022637045,0.195553978,0.0703502336,0.119042273,0.0355790033,0.6552043076,0.1425678059,0.0476066102,0.8396948075,-0.1190943951,-0.4816477425,-0.2872854383,0.0483327684,-0.2962575371,0.0098171754,0.2263702698,0.0932816821,-0.0332115903,-0.5550696696,-0.0115274248,0.5204309241,0.1246709164,-0.0785047461
conservative-technology--purchase-adopted--tax-adopted--index-cpi-indexed--gdp-off--electricity-adopted--ets2-high-market,scenarios/conservative-technology--purchase-adopted--tax-adopted--index-cpi-indexed--gdp-off--electricity-adopted--ets2-high-market.json,conservative_technology,False,adopted,adopted,cpi_indexed,off,adopted,high_market,0.2647103007,0.0704102866,0.3651835181,0.2055239767,0.0941719179,0.1606126233,0.0499344582,0.5182544456,0.2035850071,0.0676134658,0.1011378457,0.0324836555,0.6739273609,0.1480590408,0.044392097,0.8396948075,-0.1190943951,-0.4816477425,-0.2872854383,0.0483327684,-2.1383364597,-0.2766041359,1.8254443717,0.8963845943,-0.3068883704,-2.3455123949,-0.3210622059,2.3927362557,0.6737944063,-0.3999560613
conservative-technology--purchase-adopted--tax-adopted--index-cpi-indexed--gdp-off--electricity-adopted--ets2-off,scenarios/conservative-technology--purchase-adopted--tax-adopted--index-cpi-indexed--gdp-off--electricity-adopted--ets2-off.json,conservative_technology,False,adopted,adopted,cpi_indexed,off,adopted,off,0.2647103007,0.0704102866,0.3651835181,0.2055239767,0.0941719179,0.2009912208,0.0559829468,0.4838325277,0.1860239612,0.0731693436,0.1394222036,0.0388338644,0.6347813217,0.1362070047,0.0507556055,0.8396948075,-0.1190943951,-0.4816477425,-0.2872854383,0.0483327684,1.8995232864,0.3282447209,-1.6167474138,-0.8597199992,0.2486994057,1.4829233938,0.3139586774,-1.5218676604,-0.5114092036,0.2363947927
conservative-technology--purchase-adopted--tax-adopted--index-cpi-indexed--gdp-off--electricity-north-reduction--ets2-adopted,scenarios/conservative-technology--purchase-adopted--tax-adopted--index-cpi-indexed--gdp-off--electricity-north-reduction--ets2-adopted.json,conservative_technology,False,adopted,adopted,cpi_indexed,off,north_reduction,adopted,0.2630850321,0.0699779815,0.3672616202,0.2059193806,0.0937559855,0.1776431239,0.0523886619,0.5044335629,0.1956097044,0.0699249469,0.1179485155,0.0352521043,0.6571444086,0.1424039921,0.0472509796,0.6771679472,-0.1623249109,-0.2738375234,-0.247745047,0.0067395342,-0.4352863998,-0.0311837703,0.4433561068,0.0988543239,-0.0757402607,-0.6644454228,-0.0442173272,0.7144410221,0.1082895341,-0.1140678061
conservative-technology--purchase-adopted--tax-adopted--index-cpi-indexed--gdp-off--electricity-north-reduction--ets2-high-market,scenarios/conservative-technology--purchase-adopted--tax-adopted--index-cpi-indexed--gdp-off--electricity-north-reduction--ets2-high-market.json,conservative_technology,False,adopted,adopted,cpi_indexed,off,north_reduction,high_market,0.2630850321,0.0699779815,0.3672616202,0.2059193806,0.0937559855,0.1593151531,0.0495310748,0.520391392,0.203578838,0.0671835421,0.1001709459,0.0321731047,0.6757786666,0.1478333565,0.0440439262,0.6771679472,-0.1623249109,-0.2738375234,-0.247745047,0.0067395342,-2.2680834778,-0.3169424786,2.0391390118,0.895767687,-0.3498807424,-2.4422023752,-0.3521172871,2.5778668261,0.6512259775,-0.4347731413
conservative-technology--purchase-adopted--tax-adopted--index-cpi-indexed--gdp-off--electricity-north-reduction--ets2-off,scenarios/conservative-technology--purchase-adopted--tax-adopted--index-cpi-indexed--gdp-off--electricity-north-reduction--ets2-off.json,conservative_technology,False,adopted,adopted,cpi_indexed,off,north_reduction,off,0.2630850321,0.0699779815,0.3672616202,0.2059193806,0.0937559855,0.1995018971,0.0555681191,0.4860332381,0.1861436647,0.072753081,0.1381961542,0.0384923676,0.6368103588,0.1361046263,0.0503964932,0.6771679472,-0.1623249109,-0.2738375234,-0.247745047,0.0067395342,1.7505909197,0.28676195,-1.3966763715,-0.84774965,0.2070731517,1.3603184501,0.2798089965,-1.3189639562,-0.5216470507,0.2004835603
conservative-technology--purchase-adopted--tax-adopted--index-cpi-indexed--gdp-off--electricity-industrial--ets2-adopted,scenarios/conservative-technology--purchase-adopted--tax-adopted--index-cpi-indexed--gdp-off--electricity-industrial--ets2-adopted.json,conservative_technology,False,adopted,adopted,cpi_indexed,off,industrial,adopted,0.2583458097,0.0687173958,0.3733573563,0.207044858,0.0925345801,0.1736099527,0.051199241,0.5107668643,0.1957395376,0.0686844043,0.1147901769,0.0343081494,0.6627778688,0.1419045611,0.0462192438,0.2032457092,-0.2883834758,0.3357360803,-0.1351973078,-0.1154010059,-0.8386035176,-0.1501258585,1.0766862492,0.1118376469,-0.1997945201,-0.9802792799,-0.1386128186,1.2777870479,0.0583464287,-0.217241378
conservative-technology--purchase-adopted--tax-adopted--index-cpi-indexed--gdp-off--electricity-industrial--ets2-high-market,scenarios/conservative-technology--purchase-adopted--tax-adopted--index-cpi-indexed--gdp-off--electricity-industrial--ets2-high-market.json,conservative_technology,False,adopted,adopted,cpi_indexed,off,industrial,high_market,0.2583458097,0.0687173958,0.3733573563,0.207044858,0.0925345801,0.1555550775,0.0483620674,0.5266250013,0.2035268363,0.0659310174,0.0973821797,0.0312774032,0.6811512389,0.1471540089,0.0430351693,0.2032457092,-0.2883834758,0.3357360803,-0.1351973078,-0.1154010059,-2.6440910356,-0.4338432134,2.6624999487,0.8905675151,-0.4751332148,-2.7210790011,-0.4416874395,3.1151240588,0.5832912109,-0.5356488292
conservative-technology--purchase-adopted--tax-adopted--index-cpi-indexed--gdp-off--electricity-industrial--ets2-off,scenarios/conservative-technology--purchase-adopted--tax-adopted--index-cpi-indexed--gdp-off--electricity-industrial--ets2-off.json,conservative_technology,False,adopted,adopted,cpi_indexed,off,industrial,off,0.2583458097,0.0687173958,0.3733573563,0.207044858,0.0925345801,0.1951764079,0.054363322,0.4924610824,0.1864620673,0.0715371205,0.1346514112,0.0375050351,0.6427060141,0.1357843706,0.0493531689,0.2032457092,-0.2883834758,0.3357360803,-0.1351973078,-0.1154010059,1.3180419973,0.1662822434,-0.7538919479,-0.8159093859,0.085477093,1.005844154,0.1810757504,-0.7293984191,-0.5536726138,0.0961511285
conservative-technology--purchase-adopted--tax-adopted--index-cpi-indexed--gdp-off--electricity-vat-reduced--ets2-adopted,scenarios/conservative-technology--purchase-adopted--tax-adopted--index-cpi-indexed--gdp-off--electricity-vat-reduced--ets2-adopted.json,conservative_technology,False,adopted,adopted,cpi_indexed,off,vat_reduced,adopted,0.2542529487,0.0676287358,0.3786655678,0.2079832456,0.091469502,0.1701517903,0.0501793957,0.5162439828,0.1958122184,0.0676126129,0.1120994032,0.0335039389,0.6676149629,0.1414471677,0.0453345272,-0.2060403944,-0.3972494768,0.8665572357,-0.0413585504,-0.2219088141,-1.1844197648,-0.2521103882,1.6243980934,0.1191057197,-0.3069736601,-1.249356645,-0.2190338677,1.7614964619,0.0126070889,-0.3057130381
conservative-technology--purchase-adopted--tax-adopted--index-cpi-indexed--gdp-off--electricity-vat-reduced--ets2-high-market,scenarios/conservative-technology--purchase-adopted--tax-adopted--index-cpi-indexed--gdp-off--electricity-vat-reduced--ets2-high-market.json,conservative_technology,False,adopted,adopted,cpi_indexed,off,vat_reduced,high_market,0.2542529487,0.0676287358,0.3786655678,0.2079832456,0.091469502,0.1523356319,0.0473611419,0.5320115908,0.2034409213,0.0648507142,0.0950101043,0.0305155353,0.6857607531,0.1465418693,0.042171738,-0.2060403944,-0.3972494768,0.8665572357,-0.0413585504,-0.2219088141,-2.9660356047,-0.5339357672,3.2011588915,0.8819760094,-0.5831635289,-2.9582865373,-0.5178742303,3.5760754724,0.522077258,-0.6219919629
conservative-technology--purchase-adopted--tax-adopted--index-cpi-indexed--gdp-off--electricity-vat-reduced--ets2-off,scenarios/conservative-technology--purchase-adopted--tax-adopted--index-cpi-indexed--gdp-off--electricity-vat-reduced--ets2-off.json,conservative_technology,False,adopted,adopted,cpi_indexed,off,vat_reduced,off,0.2542529487,0.0676287358,0.3786655678,0.2079832456,0.091469502,0.1914616146,0.0533286247,0.4980253193,0.1866999564,0.070484485,0.1316262379,0.0366624206,0.6477728819,0.1354817096,0.04845675,-0.2060403944,-0.3972494768,0.8665572357,-0.0413585504,-0.2219088141,0.9465626712,0.0628125134,-0.1974682549,-0.7921204731,-0.0197864566,0.7033268248,0.0968143012,-0.2227116471,-0.5839387138,0.0065092347
conservative-technology--purchase-adopted--tax-adopted--index-cpi-indexed--gdp-on--electricity-adopted--ets2-adopted,scenarios/conservative-technology--purchase-adopted--tax-adopted--index-cpi-indexed--gdp-on--electricity-adopted--ets2-adopted.json,conservative_technology,False,adopted,adopted,cpi_indexed,on,adopted,adopted,0.2633633067,0.070435641,0.3660254484,0.2060962924,0.0940793115,0.1739485874,0.0527162524,0.5062975686,0.197310551,0.0697270406,0.1116922088,0.0352520019,0.662297539,0.1442738879,0.0464843624,0.704995406,-0.1165589642,-0.397454708,-0.2300538668,0.039072133,-0.8047400528,0.0015752859,0.6297566751,0.268938982,-0.0955308902,-1.2900760841,-0.0442275713,1.2297540673,0.2952791132,-0.190729525
conservative-technology--purchase-adopted--tax-adopted--index-cpi-indexed--gdp-on--electricity-adopted--ets2-high-market,scenarios/conservative-technology--purchase-adopted--tax-adopted--index-cpi-indexed--gdp-on--electricity-adopted--ets2-high-market.json,conservative_technology,False,adopted,adopted,cpi_indexed,on,adopted,high_market,0.2633633067,0.070435641,0.3660254484,0.2060962924,0.0940793115,0.1563334139,0.0498282637,0.5217815177,0.2050457615,0.0670110432,0.0954487641,0.0321721518,0.6797035412,0.149288725,0.0433868179,0.704995406,-0.1165589642,-0.397454708,-0.2300538668,0.039072133,-2.5662573976,-0.287223585,2.1781515824,1.0424600315,-0.3671306313,-2.9144205617,-0.3522125755,2.9703542889,0.7967628205,-0.5004839722
conservative-technology--purchase-adopted--tax-adopted--index-cpi-indexed--gdp-on--electricity-adopted--ets2-off,scenarios/conservative-technology--purchase-adopted--tax-adopted--index-cpi-indexed--gdp-on--electricity-adopted--ets2-off.json,conservative_technology,False,adopted,adopted,cpi_indexed,on,adopted,off,0.2633633067,0.070435641,0.3660254484,0.2060962924,0.0940793115,0.1948799314,0.0559402537,0.4884994295,0.1881431595,0.0725372258,0.1299992118,0.0385055907,0.6434820954,0.1384854458,0.0495276563,0.704995406,-0.1165589642,-0.397454708,-0.2300538668,0.039072133,1.2883943535,0.3239754166,-1.1500572354,-0.6478001674,0.1854876327,0.5406242081,0.2811313154,-0.6517902961,-0.2835650963,0.1135998689
conservative-technology--purchase-adopted--tax-adopted--index-cpi-indexed--gdp-on--electricity-north-reduction--ets2-adopted,scenarios/conservative-technology--purchase-adopted--tax-adopted--index-cpi-indexed--gdp-on--electricity-north-reduction--ets2-adopted.json,conservative_technology,False,adopted,adopted,cpi_indexed,on,north_reduction,adopted,0.2617420115,0.0700020309,0.3681042993,0.2064894076,0.0936622506,0.1725847226,0.0523029243,0.508460236,0.1973518409,0.0693002761,0.1106510894,0.0349234065,0.6642058796,0.1440887188,0.0461309057,0.5428658877,-0.159919965,-0.1895696145,-0.1907423494,-0.0026339589,-0.9411265282,-0.0397575239,0.8460234122,0.2730679778,-0.138207338,-1.3941880299,-0.0770871105,1.420588129,0.2767621986,-0.2260751871
conservative-technology--purchase-adopted--tax-adopted--index-cpi-indexed--gdp-on--electricity-north-reduction--ets2-high-market,scenarios/conservative-technology--purchase-adopted--tax-adopted--index-cpi-indexed--gdp-on--electricity-north-reduction--ets2-high-market.json,conservative_technology,False,adopted,adopted,cpi_indexed,on,north_reduction,high_market,0.2617420115,0.0700020309,0.3681042993,0.2064894076,0.0936622506,0.1550601662,0.0494224405,0.5239110177,0.2050258681,0.0665805075,0.0945256693,0.0318610117,0.6815271287,0.1490444781,0.0430417123,0.5428658877,-0.159919965,-0.1895696145,-0.1907423494,-0.0026339589,-2.6935821747,-0.3278059046,2.3911015824,1.0404706948,-0.4101841979,-3.0067300407,-0.3833265936,3.1527130347,0.7723381324,-0.5349945328
conservative-technology--purchase-adopted--tax-adopted--index-cpi-indexed--gdp-on--electricity-north-reduction--ets2-off,scenarios/conservative-technology--purchase-adopted--tax-adopted--index-cpi-indexed--gdp-on--electricity-north-reduction--ets2-off.json,conservative_technology,False,adopted,adopted,cpi_indexed,on,north_reduction,off,0.2617420115,0.0700020309,0.3681042993,0.2064894076,0.0936622506,0.1934191497,0.0555209366,0.4906936647,0.1882479321,0.072118317,0.1288352905,0.0381608389,0.6454754658,0.1383590864,0.0491693185,0.5428658877,-0.159919965,-0.1895696145,-0.1907423494,-0.0026339589,1.1423161752,0.2820436985,-0.9306337169,-0.637322902,0.1435967452,0.4242320853,0.246656126,-0.4524532572,-0.2962010412,0.0777660872
conservative-technology--purchase-adopted--tax-adopted--index-cpi-indexed--gdp-on--electricity-industrial--ets2-adopted,scenarios/conservative-technology--purchase-adopted--tax-adopted--index-cpi-indexed--gdp-on--electricity-industrial--ets2-adopted.json,conservative_technology,False,adopted,adopted,cpi_indexed,on,industrial,adopted,0.2570146311,0.0687377088,0.3742020123,0.2076080236,0.0924376241,0.1686291741,0.0511041696,0.5147716136,0.197439249,0.0680557937,0.1076460103,0.0339749513,0.6697458858,0.1435271853,0.0451059672,0.0701278497,-0.2863521819,0.4202016868,-0.078880746,-0.1250966085,-1.3366813773,-0.1596329974,1.4771611814,0.2818087803,-0.262655587,-1.6946959356,-0.1719326271,1.9745887498,0.2206088557,-0.3285690427
conservative-technology--purchase-adopted--tax-adopted--index-cpi-indexed--gdp-on--electricity-industrial--ets2-high-market,scenarios/conservative-technology--purchase-adopted--tax-adopted--index-cpi-indexed--gdp-on--electricity-industrial--ets2-high-market.json,conservative_technology,False,adopted,adopted,cpi_indexed,on,industrial,high_market,0.2570146311,0.0687377088,0.3742020123,0.2076080236,0.0924376241,0.151371081,0.0482466157,0.5301221325,0.204933648,0.0653265228,0.0918641727,0.0309639223,0.6868183771,0.1483113001,0.0420422278,0.0701278497,-0.2863521819,0.4202016868,-0.078880746,-0.1250966085,-3.062490695,-0.4453883879,3.0122130673,1.0312486843,-0.5355826687,-3.2728797007,-0.4730355318,3.6818378796,0.6990203353,-0.6349429824
conservative-technology--purchase-adopted--tax-adopted--index-cpi-indexed--gdp-on--electricity-industrial--ets2-off,scenarios/conservative-technology--purchase-adopted--tax-adopted--index-cpi-indexed--gdp-on--electricity-industrial--ets2-off.json,conservative_technology,False,adopted,adopted,cpi_indexed,on,industrial,off,0.2570146311,0.0687377088,0.3742020123,0.2076080236,0.0924376241,0.1891777467,0.0543034425,0.4971014538,0.1885223033,0.0708950536,0.1254718693,0.037164598,0.6512657963,0.1379688858,0.0481288506,0.0701278497,-0.2863521819,0.4202016868,-0.078880746,-0.1250966085,0.718175884,0.1602942944,-0.2898548085,-0.6098857821,0.0212704121,0.0878899649,0.1470320447,0.1265797976,-0.3352211006,-0.0262807067
conservative-technology--purchase-adopted--tax-adopted--index-cpi-indexed--gdp-on--electricity-vat-reduced--ets2-adopted,scenarios/conservative-technology--purchase-adopted--tax-adopted--index-cpi-indexed--gdp-on--electricity-vat-reduced--ets2-adopted.json,conservative_technology,False,adopted,adopted,cpi_indexed,on,vat_reduced,adopted,0.2529323046,0.0676459041,0.3795116808,0.2085402613,0.0913698492,0.1652387199,0.0500766704,0.5202286591,0.19747491,0.0669810408,0.1050872954,0.0331673764,0.6745012926,0.1430163763,0.0442276593,-0.3381048019,-0.3955326476,0.9511685281,0.014343024,-0.2318741026,-1.6757268036,-0.2623829222,2.0228657232,0.2853748796,-0.3701308769,-1.9505674325,-0.2526901176,2.4501294219,0.1695279567,-0.4163998285
conservative-technology--purchase-adopted--tax-adopted--index-cpi-indexed--gdp-on--electricity-vat-reduced--ets2-high-market,scenarios/conservative-technology--purchase-adopted--tax-adopted--index-cpi-indexed--gdp-on--electricity-vat-reduced--ets2-high-market.json,conservative_technology,False,adopted,adopted,cpi_indexed,on,vat_reduced,high_market,0.2529323046,0.0676459041,0.3795116808,0.2085402613,0.0913698492,0.1482133613,0.0472401534,0.5354883657,0.2048127745,0.0642453451,0.0896014402,0.0302012411,0.6913570841,0.1476530388,0.0411871957,-0.3381048019,-0.3955326476,0.9511685281,0.014343024,-0.2318741026,-3.3782626615,-0.5460346185,3.548836391,1.0191613302,-0.6437004411,-3.4991529472,-0.5493036461,4.1357085814,0.6331942082,-0.7204461964
conservative-technology--purchase-adopted--tax-adopted--index-cpi-indexed--gdp-on--electricity-vat-reduced--ets2-off,scenarios/conservative-technology--purchase-adopted--tax-adopted--index-cpi-indexed--gdp-on--electricity-vat-reduced--ets2-off.json,conservative_technology,False,adopted,adopted,cpi_indexed,on,vat_reduced,off,0.2529323046,0.0676459041,0.3795116808,0.2085402613,0.0913698492,0.185536589,0.0532582488,0.5026469667,0.188721588,0.0698366076,0.1226034466,0.0363149751,0.6562401566,0.137605817,0.0472356048,-0.3381048019,-0.3955326476,0.9511685281,0.014343024,-0.2318741026,0.3540601062,0.0557749175,0.2646964875,-0.5899573166,-0.0845741947,-0.1989523104,0.0620697506,0.6240158266,-0.3715279806,-0.1156052861
conservative-technology--purchase-adopted--tax-plus30--index-adopted--gdp-off--electricity-adopted--ets2-adopted,scenarios/conservative-technology--purchase-adopted--tax-plus30--index-adopted--gdp-off--electricity-adopted--ets2-adopted.json,conservative_technology,False,adopted,plus30,adopted,off,adopted,adopted,0.2318369765,0.0719007716,0.3857668511,0.2188600116,0.0916353891,0.1648960547,0.0523404987,0.5136813451,0.2005553166,0.068526785,0.1127886721,0.0352031187,0.6612837616,0.1440834016,0.046641046,-2.4476376104,0.0299540979,1.5766855625,1.0463180564,-0.2053201064,-1.7099933212,-0.0360000918,1.3681343221,0.5934155442,-0.2155564533,-1.1804297619,-0.0491158876,1.1283763269,0.2762304848,-0.1750611622
conservative-technology--purchase-adopted--tax-plus30--index-adopted--gdp-off--electricity-adopted--ets2-high-market,scenarios/conservative-technology--purchase-adopted--tax-plus30--index-adopted--gdp-off--electricity-adopted--ets2-high-market.json,conservative_technology,False,adopted,plus30,adopted,off,adopted,high_market,0.2318369765,0.0719007716,0.3857668511,0.2188600116,0.0916353891,0.1486801928,0.0494460105,0.528261012,0.2077549161,0.0658578685,0.0962985789,0.0321404539,0.6788739673,0.1491596019,0.043527398,-2.4476376104,0.0299540979,1.5766855625,1.0463180564,-0.2053201064,-3.3315795082,-0.3254489046,2.8261010179,1.3133754934,-0.4824480985,-2.8294390813,-0.3553823685,2.8873968994,0.7838505155,-0.4864259651
conservative-technology--purchase-adopted--tax-plus30--index-adopted--gdp-off--electricity-adopted--ets2-off,scenarios/conservative-technology--purchase-adopted--tax-plus30--index-adopted--gdp-off--electricity-adopted--ets2-off.json,conservative_technology,False,adopted,plus30,adopted,off,adopted,off,0.2318369765,0.0719007716,0.3857668511,0.2188600116,0.0916353891,0.1840571336,0.0555872364,0.4970061596,0.1920421326,0.0713073377,0.1314030139,0.0384327039,0.6422447742,0.1382206796,0.0496988284,-2.4476376104,0.0299540979,1.5766855625,1.0463180564,-0.2053201064,0.2061145738,0.2886736868,-0.2993842212,-0.2579028608,0.0624988214,0.6810044172,0.2738426327,-0.7755224083,-0.3100417157,0.1307170742
conservative-technology--purchase-adopted--tax-plus30--index-adopted--gdp-off--electricity-north-reduction--ets2-adopted,scenarios/conservative-technology--purchase-adopted--tax-plus30--index-adopted--gdp-off--electricity-north-reduction--ets2-adopted.json,conservative_technology,False,adopted,plus30,adopted,off,north_reduction,adopted,0.2303218633,0.0714308818,0.3878590735,0.2191938217,0.0911943597,0.1635802803,0.051922852,0.5158298055,0.2005692233,0.0680978389,0.1117394036,0.0348756255,0.66319657,0.1439011447,0.0462872561,-2.5991489399,-0.0170348753,1.785907797,1.0796990625,-0.2494230442,-1.8415707565,-0.0777647574,1.5829803682,0.5948062098,-0.2584510642,-1.285356606,-0.0818652061,1.3196571715,0.2580047928,-0.2104401522
conservative-technology--purchase-adopted--tax-plus30--index-adopted--gdp-off--electricity-north-reduction--ets2-high-market,scenarios/conservative-technology--purchase-adopted--tax-plus30--index-adopted--gdp-off--electricity-north-reduction--ets2-high-market.json,conservative_technology,False,adopted,plus30,adopted,off,north_reduction,high_market,0.2303218633,0.0714308818,0.3878590735,0.2191938217,0.0911943597,0.1474510317,0.049037233,0.5303760295,0.2077090594,0.0654266464,0.0953687351,0.0318301108,0.6807014532,0.1489178612,0.0431818396,-2.5991489399,-0.0170348753,1.785907797,1.0796990625,-0.2494230442,-3.4544956234,-0.3663266531,3.037602763,1.3087898253,-0.5255703118,-2.9224234554,-0.3864166789,3.0701454885,0.7596764451,-0.5209817993
conservative-technology--purchase-adopted--tax-plus30--index-adopted--gdp-off--electricity-north-reduction--ets2-off,scenarios/conservative-technology--purchase-adopted--tax-plus30--index-adopted--gdp-off--electricity-north-reduction--ets2-off.json,conservative_technology,False,adopted,plus30,adopted,off,north_reduction,off,0.2303218633,0.0714308818,0.3878590735,0.2191938217,0.0911943597,0.1826483556,0.0551617703,0.4991871997,0.1921184447,0.0708842297,0.1302294117,0.0380894492,0.6442431691,0.1380976239,0.0493403462,-2.5991489399,-0.0170348753,1.785907797,1.0796990625,-0.2494230442,0.0652367732,0.246127074,-0.0812802182,-0.2502716427,0.0201880137,0.5636441985,0.2395171602,-0.5756829269,-0.3223472862,0.0948688544
conservative-technology--purchase-adopted--tax-plus30--index-adopted--gdp-off--electricity-industrial--ets2-adopted,scenarios/conservative-technology--purchase-adopted--tax-plus30--index-adopted--gdp-off--electricity-industrial--ets2-adopted.json,conservative_technology,False,adopted,plus30,adopted,off,industrial,adopted,0.2259096244,0.0700624919,0.3939909379,0.2201353666,0.0899015792,0.1597659301,0.0507121196,0.5220980436,0.2005762285,0.0668476781,0.1087106281,0.033930297,0.6687497219,0.1433480695,0.0452612836,-3.0403728293,-0.1538738669,2.3990942447,1.1738535519,-0.3787011003,-2.2230057759,-0.1988379944,2.2098041717,0.595506736,-0.3834671374,-1.5882341635,-0.1763980561,1.8749723519,0.2026972729,-0.3130374052
conservative-technology--purchase-adopted--tax-plus30--index-adopted--gdp-off--electricity-industrial--ets2-high-market,scenarios/conservative-technology--purchase-adopted--tax-plus30--index-adopted--gdp-off--electricity-industrial--ets2-high-market.json,conservative_technology,False,adopted,plus30,adopted,off,industrial,high_market,0.2259096244,0.0700624919,0.3939909379,0.2201353666,0.0899015792,0.1438911016,0.0478533205,0.5365435106,0.2075408089,0.0641712584,0.0926876512,0.0309352767,0.6860041403,0.1481919418,0.04218099,-3.0403728293,-0.1538738669,2.3990942447,1.1738535519,-0.3787011003,-3.8104886347,-0.4847179052,3.6543508794,1.2919647773,-0.6511091168,-3.1905318456,-0.4759000904,3.6004141984,0.6870845033,-0.6210667658
conservative-technology--purchase-adopted--tax-plus30--index-adopted--gdp-off--electricity-industrial--ets2-off,scenarios/conservative-technology--purchase-adopted--tax-plus30--index-adopted--gdp-off--electricity-industrial--ets2-off.json,conservative_technology,False,adopted,plus30,adopted,off,industrial,off,0.2259096244,0.0700624919,0.3939909379,0.2201353666,0.0899015792,0.178560059,0.0539270607,0.5055544101,0.1923089783,0.0696494918,0.126837779,0.0370974658,0.6500483331,0.1377170466,0.0482993755,-3.0403728293,-0.1538738669,2.3990942447,1.1738535519,-0.3787011003,-0.3435928872,0.1226561139,0.5554408285,-0.2312182819,-0.1032857734,0.2244809315,0.1403188158,0.0048334742,-0.3604050144,-0.009228207
conservative-technology--purchase-adopted--tax-plus30--index-adopted--gdp-off--electricity-vat-reduced--ets2-adopted,scenarios/conservative-technology--purchase-adopted--tax-plus30--index-adopted--gdp-off--electricity-vat-reduced--ets2-adopted.json,conservative_technology,False,adopted,plus30,adopted,off,vat_reduced,adopted,0.222106086,0.0688828814,0.3993242355,0.2209097439,0.0887770533,0.1564985527,0.0496750047,0.5275157915,0.2005418144,0.0657688367,0.1061315296,0.0331253198,0.6735166181,0.1428445228,0.0443820097,-3.4207266673,-0.2718349223,2.9324240043,1.2512912779,-0.4911536925,-2.5497435153,-0.3025494886,2.7515789632,0.5920653203,-0.4913512796,-1.846144011,-0.2568957764,2.3516619745,0.1523426032,-0.4009647903
conservative-technology--purchase-adopted--tax-plus30--index-adopted--gdp-off--electricity-vat-reduced--ets2-high-market,scenarios/conservative-technology--purchase-adopted--tax-plus30--index-adopted--gdp-off--electricity-vat-reduced--ets2-high-market.json,conservative_technology,False,adopted,plus30,adopted,off,vat_reduced,high_market,0.222106086,0.0688828814,0.3993242355,0.2209097439,0.0887770533,0.1408456185,0.0468404957,0.5418703927,0.2073539126,0.0630895804,0.0904081149,0.0301744624,0.6905528078,0.1475398886,0.0413247262,-3.4207266673,-0.2718349223,2.9324240043,1.2512912779,-0.4911536925,-4.1150369381,-0.586000385,4.1870390886,1.2732751434,-0.759276909,-3.4184854754,-0.5519815157,4.0552809503,0.6218791827,-0.706693142
conservative-technology--purchase-adopted--tax-plus30--index-adopted--gdp-off--electricity-vat-reduced--ets2-off,scenarios/conservative-technology--purchase-adopted--tax-plus30--index-adopted--gdp-off--electricity-vat-reduced--ets2-off.json,conservative_technology,False,adopted,plus30,adopted,off,vat_reduced,off,0.222106086,0.0688828814,0.3993242355,0.2209097439,0.0887770533,0.1750528575,0.0528678481,0.5110623667,0.1924348694,0.0685820583,0.1239450177,0.036251392,0.6550357172,0.1373622738,0.0474055992,-3.4207266673,-0.2718349223,2.9324240043,1.2512912779,-0.4911536925,-0.6943130435,0.0167348498,1.1062364893,-0.2186291712,-0.2100291244,-0.064795197,0.0557114429,0.5035718905,-0.3958822982,-0.0986058382
conservative-technology--purchase-adopted--tax-plus30--index-adopted--gdp-on--electricity-adopted--ets2-adopted,scenarios/conservative-technology--purchase-adopted--tax-plus30--index-adopted--gdp-on--electricity-adopted--ets2-adopted.json,conservative_technology,False,adopted,plus30,adopted,on,adopted,adopted,0.2302807363,0.0719024771,0.3867948543,0.2195345343,0.091487398,0.1593930001,0.0521584512,0.5182115328,0.2024721366,0.0677648792,0.1051085749,0.0347793249,0.6688618408,0.1458564018,0.0453938575,-2.6032616386,0.0301246503,1.6794858815,1.1137703257,-0.2201192189,-2.260298779,-0.0542048334,1.8211530984,0.7850975452,-0.2917470313,-1.9484394761,-0.0914952726,1.8861842497,0.4535305067,-0.2997800076
conservative-technology--purchase-adopted--tax-plus30--index-adopted--gdp-on--electricity-adopted--ets2-high-market,scenarios/conservative-technology--purchase-adopted--tax-plus30--index-adopted--gdp-on--electricity-adopted--ets2-high-market.json,conservative_technology,False,adopted,plus30,adopted,on,adopted,high_market,0.2302807363,0.0719024771,0.3867948543,0.2195345343,0.091487398,0.1440097924,0.0492550753,0.5322522138,0.2093539236,0.0651289949,0.0903037967,0.0317513108,0.6850937985,0.1504386427,0.0424124513,-2.6032616386,0.0301246503,1.6794858815,1.1137703257,-0.2201192189,-3.7986195497,-0.3445424295,3.2252211993,1.4732762472,-0.5553354672,-3.428917296,-0.3942966791,3.5093800134,0.9117545914,-0.5979206297
conservative-technology--purchase-adopted--tax-plus30--index-adopted--gdp-on--electricity-adopted--ets2-off,scenarios/conservative-technology--purchase-adopted--tax-plus30--index-adopted--gdp-on--electricity-adopted--ets2-off.json,conservative_technology,False,adopted,plus30,adopted,on,adopted,off,0.2302807363,0.0719024771,0.3867948543,0.2195345343,0.091487398,0.1775066571,0.0554243857,0.502201648,0.1943463335,0.0705209756,0.1216454801,0.037982384,0.6514608579,0.1405831866,0.0483280913,-2.6032616386,0.0301246503,1.6794858815,1.1137703257,-0.2201192189,-0.4489330763,0.272388614,0.2201646205,-0.0274827687,-0.0161373895,-0.2947489556,0.2288106392,0.1460859597,-0.0737910152,-0.006356628
conservative-technology--purchase-adopted--tax-plus30--index-adopted--gdp-on--electricity-north-reduction--ets2-adopted,scenarios/conservative-technology--purchase-adopted--tax-plus30--index-adopted--gdp-on--electricity-north-reduction--ets2-adopted.json,conservative_technology,False,adopted,plus30,adopted,on,north_reduction,adopted,0.2287711841,0.071431137,0.388887489,0.2198649433,0.0910452465,0.1581075992,0.0517378273,0.5203507965,0.2024688401,0.0673349368,0.104115649,0.0344507761,0.6707398107,0.1456507711,0.0450429932,-2.7542168554,-0.0170093575,1.8887493559,1.1468112261,-0.2643343691,-2.3888388675,-0.0962672322,2.0350794714,0.7847678967,-0.3347412684,-2.047732073,-0.1243501514,2.0739812382,0.4329674308,-0.3348664447
conservative-technology--purchase-adopted--tax-plus30--index-adopted--gdp-on--electricity-north-reduction--ets2-high-market,scenarios/conservative-technology--purchase-adopted--tax-plus30--index-adopted--gdp-on--electricity-north-reduction--ets2-high-market.json,conservative_technology,False,adopted,plus30,adopted,on,north_reduction,high_market,0.2287711841,0.071431137,0.388887489,0.2198649433,0.0910452465,0.1428084005,0.0488441682,0.5343579726,0.2092918251,0.0646976335,0.0894209829,0.0314409086,0.6868908717,0.1501765993,0.0420706375,-2.7542168554,-0.0170093575,1.8887493559,1.1468112261,-0.2643343691,-3.9187587392,-0.3856331409,3.435797081,1.4670663972,-0.5984715981,-3.5171986769,-0.4253368975,3.6890873393,0.8855502489,-0.6321020138
conservative-technology--purchase-adopted--tax-plus30--index-adopted--gdp-on--electricity-north-reduction--ets2-off,scenarios/conservative-technology--purchase-adopted--tax-plus30--index-adopted--gdp-on--electricity-north-reduction--ets2-off.json,conservative_technology,False,adopted,plus30,adopted,on,north_reduction,off,0.2287711841,0.071431137,0.388887489,0.2198649433,0.0910452465,0.1761308812,0.0549948157,0.504373941,0.194404648,0.070095714,0.1205382468,0.0376366633,0.6534200437,0.1404338192,0.047971227,-2.7542168554,-0.0170093575,1.8887493559,1.1468112261,-0.2643343691,-0.5865106688,0.2294316136,0.437393919,-0.0216513135,-0.0586635503,-0.4054722857,0.1942385693,0.3420045395,-0.0887277576,-0.0420430655
conservative-technology--purchase-adopted--tax-plus30--index-adopted--gdp-on--electricity-industrial--ets2-adopted,scenarios/conservative-technology--purchase-adopted--tax-plus30--index-adopted--gdp-on--electricity-industrial--ets2-adopted.json,conservative_technology,False,adopted,plus30,adopted,on,industrial,adopted,0.2243754308,0.0700586143,0.3950203019,0.2207963614,0.0897492916,0.154382329,0.0505188006,0.5265911924,0.2024253894,0.0660822886,0.1012508034,0.0335028288,0.6761905581,0.145029784,0.0440260258,-3.1937921852,-0.1542616331,2.5020306425,1.239953032,-0.3939298562,-2.7613658865,-0.2181699026,2.6591190575,0.780422828,-0.4600060964,-2.334216625,-0.2191448844,2.6190559741,0.3708687186,-0.4365631832
conservative-technology--purchase-adopted--tax-plus30--index-adopted--gdp-on--electricity-industrial--ets2-high-market,scenarios/conservative-technology--purchase-adopted--tax-plus30--index-adopted--gdp-on--electricity-industrial--ets2-high-market.json,conservative_technology,False,adopted,plus30,adopted,on,industrial,high_market,0.2243754308,0.0700586143,0.3950203019,0.2207963614,0.0897492916,0.1393297465,0.0476543785,0.5404976141,0.2090760571,0.0634422039,0.0868764621,0.0305462411,0.6921043979,0.1493918471,0.0410810517,-3.1937921852,-0.1542616331,2.5020306425,1.239953032,-0.3939298562,-4.2666241449,-0.5046121108,4.0497612232,1.4454895976,-0.7240145652,-3.7716507607,-0.5148036474,4.2104399607,0.8070750351,-0.7310605878
conservative-technology--purchase-adopted--tax-plus30--index-adopted--gdp-on--electricity-industrial--ets2-off,scenarios/conservative-technology--purchase-adopted--tax-plus30--index-adopted--gdp-on--electricity-industrial--ets2-off.json,conservative_technology,False,adopted,plus30,adopted,on,industrial,off,0.2243754308,0.0700586143,0.3950203019,0.2207963614,0.0897492916,0.1721396138,0.0537485889,0.5107143908,0.1945422367,0.0688551698,0.1173401403,0.0366380918,0.6591095906,0.1399765818,0.0469355956,-3.1937921852,-0.1542616331,2.5020306425,1.239953032,-0.3939298562,-0.9856374147,0.104808937,1.0714388927,-0.007892447,-0.1827179681,-0.7252829373,0.0943814192,0.9109592245,-0.1344515001,-0.1456062063
conservative-technology--purchase-adopted--tax-plus30--index-adopted--gdp-on--electricity-vat-reduced--ets2-adopted,scenarios/conservative-technology--purchase-adopted--tax-plus30--index-adopted--gdp-on--electricity-vat-reduced--ets2-adopted.json,conservative_technology,False,adopted,plus30,adopted,on,vat_reduced,adopted,0.2205864526,0.06887555,0.4003541111,0.2215617437,0.0886221426,0.1511924808,0.0494749809,0.5319836749,0.2023470669,0.0650017964,0.0988128219,0.0326961262,0.6808680694,0.1444678965,0.0431550861,-3.5726900058,-0.2725680634,3.0354115639,1.3164912603,-0.506644755,-3.0803507098,-0.3225518663,3.1983673111,0.7725905737,-0.5680553087,-2.5780147813,-0.299815137,3.0868071024,0.3146799708,-0.523657155
conservative-technology--purchase-adopted--tax-plus30--index-adopted--gdp-on--electricity-vat-reduced--ets2-high-market,scenarios/conservative-technology--purchase-adopted--tax-plus30--index-adopted--gdp-on--electricity-vat-reduced--ets2-high-market.json,conservative_technology,False,adopted,plus30,adopted,on,vat_reduced,high_market,0.2205864526,0.06887555,0.4003541111,0.2215617437,0.0886221426,0.1363548026,0.0466368707,0.5457994529,0.208847951,0.0623609228,0.0847141631,0.0297859649,0.6965755149,0.1486894381,0.040234919,-3.5726900058,-0.2725680634,3.0354115639,1.3164912603,-0.506644755,-4.5641185325,-0.6063628891,4.5799451085,1.4226789883,-0.8321426753,-3.9878806631,-0.5908312684,4.657551657,0.7368341373,-0.8156738627
conservative-technology--purchase-adopted--tax-plus30--index-adopted--gdp-on--electricity-vat-reduced--ets2-off,scenarios/conservative-technology--purchase-adopted--tax-plus30--index-adopted--gdp-on--electricity-vat-reduced--ets2-off.json,conservative_technology,False,adopted,plus30,adopted,on,vat_reduced,off,0.2205864526,0.06887555,0.4003541111,0.2215617437,0.0886221426,0.1687171464,0.0526799634,0.5161977385,0.1946218638,0.0677832879,0.1146144761,0.0357870349,0.6639956255,0.1395557,0.0460471635,-3.5726900058,-0.2725680634,3.0354115639,1.3164912603,-0.506644755,-1.3278841486,-0.0020536184,1.6197736647,7.02679e-05,-0.2899061656,-0.9978493597,0.0092757292,1.3995627158,-0.1765396735,-0.2344494118
conservative-technology--purchase-adopted--tax-plus30--index-cpi-indexed--gdp-off--electricity-adopted--ets2-adopted,scenarios/conservative-technology--purchase-adopted--tax-plus30--index-cpi-indexed--gdp-off--electricity-adopted--ets2-adopted.json,conservative_technology,False,adopted,plus30,cpi_indexed,off,adopted,adopted,0.2411765004,0.0706521416,0.3801816112,0.2156441445,0.0923456024,0.1616169197,0.052404881,0.5162939277,0.2015839896,0.068100282,0.1066832348,0.0349849865,0.6672320816,0.1454257476,0.0456739495,-1.5136852295,-0.0949089046,1.0181615742,0.7247313412,-0.1342987813,-2.0379068168,-0.0295618628,1.6293925853,0.6962828486,-0.2582067543,-1.7909734859,-0.0709291141,1.7232083312,0.4104650809,-0.2717708121
conservative-technology--purchase-adopted--tax-plus30--index-cpi-indexed--gdp-off--electricity-adopted--ets2-high-market,scenarios/conservative-technology--purchase-adopted--tax-plus30--index-cpi-indexed--gdp-off--electricity-adopted--ets2-high-market.json,conservative_technology,False,adopted,plus30,cpi_indexed,off,adopted,high_market,0.2411765004,0.0706521416,0.3801816112,0.2156441445,0.0923456024,0.1459026635,0.0494805239,0.5305621998,0.2086056786,0.0654489342,0.091540325,0.0319261255,0.6837522565,0.1501189615,0.0426623316,-1.5136852295,-0.0949089046,1.0181615742,0.7247313412,-0.1342987813,-3.609332442,-0.3219975667,3.0562197957,1.398451741,-0.5233415281,-3.3052644702,-0.3768152125,3.3752258143,0.879786474,-0.5729326055
conservative-technology--purchase-adopted--tax-plus30--index-cpi-indexed--gdp-off--electricity-adopted--ets2-off,scenarios/conservative-technology--purchase-adopted--tax-plus30--index-cpi-indexed--gdp-off--electricity-adopted--ets2-off.json,conservative_technology,False,adopted,plus30,cpi_indexed,off,adopted,off,0.2411765004,0.0706521416,0.3801816112,0.2156441445,0.0923456024,0.1801448283,0.055694695,0.5000034872,0.1932883172,0.0708686723,0.1236330498,0.0382231623,0.6494854595,0.1400212947,0.0486370337,-1.5136852295,-0.0949089046,1.0181615742,0.7247313412,-0.1342987813,-0.1851159594,0.2994195467,0.0003485334,-0.1332843953,0.0186322746,-0.0959919889,0.2528884683,-0.0514538827,-0.1299802062,0.0245376094
conservative-technology--purchase-adopted--tax-plus30--index-cpi-indexed--gdp-off--electricity-north-reduction--ets2-adopted,scenarios/conservative-technology--purchase-adopted--tax-plus30--index-cpi-indexed--gdp-off--electricity-north-reduction--ets2-adopted.json,conservative_technology,False,adopted,plus30,cpi_indexed,off,north_reduction,adopted,0.2396254014,0.0701977504,0.3822704552,0.2159956298,0.0919107632,0.160319553,0.051984205,0.5184372984,0.2015882126,0.0676707309,0.105678835,0.0346556103,0.6691177775,0.1452253982,0.045322379,-1.6687951274,-0.1403480185,1.2270459684,0.759879877,-0.1777826995,-2.1676434913,-0.071629457,1.8437296583,0.6967051475,-0.3011618574,-1.8914134708,-0.1038667309,1.911777921,0.3904301463,-0.3069278656
conservative-technology--purchase-adopted--tax-plus30--index-cpi-indexed--gdp-off--electricity-north-reduction--ets2-high-market,scenarios/conservative-technology--purchase-adopted--tax-plus30--index-cpi-indexed--gdp-off--electricity-north-reduction--ets2-high-market.json,conservative_technology,False,adopted,plus30,cpi_indexed,off,north_reduction,high_market,0.2396254014,0.0701977504,0.3822704552,0.2159956298,0.0919107632,0.1446902656,0.0490693588,0.5326720723,0.2085506992,0.0650176042,0.0906478754,0.0316148697,0.6855560763,0.1498615297,0.0423196489,-1.6687951274,-0.1403480185,1.2270459684,0.759879877,-0.1777826995,-3.73057223,-0.3631140761,3.2672070427,1.3929537994,-0.566474536,-3.3945094241,-0.4079407913,3.5556077978,0.8540432901,-0.6072008725
conservative-technology--purchase-adopted--tax-plus30--index-cpi-indexed--gdp-off--electricity-north-reduction--ets2-off,scenarios/conservative-technology--purchase-adopted--tax-plus30--index-cpi-indexed--gdp-off--electricity-north-reduction--ets2-off.json,conservative_technology,False,adopted,plus30,cpi_indexed,off,north_reduction,off,0.2396254014,0.0701977504,0.3822704552,0.2159956298,0.0919107632,0.1787561511,0.055265363,0.5021797217,0.1933544766,0.0704442877,0.1225123881,0.0378766916,0.6514533468,0.139877848,0.0482797255,-1.6687951274,-0.1403480185,1.2270459684,0.759879877,-0.1777826995,-0.3239836798,0.2564863389,0.2179719827,-0.1266684586,-0.0238061832,-0.2080581553,0.2182413956,0.1453348472,-0.1443248804,-0.0111932071
conservative-technology--purchase-adopted--tax-plus30--index-cpi-indexed--gdp-off--electricity-industrial--ets2-adopted,scenarios/conservative-technology--purchase-adopted--tax-plus30--index-cpi-indexed--gdp-off--electricity-industrial--ets2-adopted.json,conservative_technology,False,adopted,plus30,cpi_indexed,off,industrial,adopted,0.2351068199,0.0688740416,0.3883938184,0.2169897815,0.0906355386,0.1565591523,0.0507648813,0.5246901031,0.201566821,0.0664190423,0.1027805946,0.0337051807,0.6745912177,0.1446197576,0.0443032494,-2.1206532747,-0.2727188993,1.839382294,0.859295039,-0.305305159,-2.543683558,-0.1935618323,2.4690101281,0.6945659846,-0.4263307224,-2.1812375098,-0.1989096877,2.4591219408,0.32986608,-0.4088408232
conservative-technology--purchase-adopted--tax-plus30--index-cpi-indexed--gdp-off--electricity-industrial--ets2-high-market,scenarios/conservative-technology--purchase-adopted--tax-plus30--index-cpi-indexed--gdp-off--electricity-industrial--ets2-high-market.json,conservative_technology,False,adopted,plus30,cpi_indexed,off,industrial,high_market,0.2351068199,0.0688740416,0.3883938184,0.2169897815,0.0906355386,0.1411793697,0.0478786954,0.538824064,0.2083557638,0.0637621071,0.0880753661,0.0307176667,0.6907893691,0.1490901436,0.0413274546,-2.1206532747,-0.2727188993,1.839382294,0.859295039,-0.305305159,-4.081661824,-0.4821804224,3.8824062198,1.3734602684,-0.6920242418,-3.6517603555,-0.4976610923,4.0789370752,0.7769046786,-0.7064203061
conservative-technology--purchase-adopted--tax-plus30--index-cpi-indexed--gdp-off--electricity-industrial--ets2-off,scenarios/conservative-technology--purchase-adopted--tax-plus30--index-cpi-indexed--gdp-off--electricity-industrial--ets2-off.json,conservative_technology,False,adopted,plus30,cpi_indexed,off,industrial,off,0.2351068199,0.0688740416,0.3883938184,0.2169897815,0.0906355386,0.1747269054,0.0540196563,0.5085321955,0.1935151476,0.0692060952,0.1192751111,0.0368758349,0.6571685282,0.1394378605,0.0472426652,-2.1206532747,-0.2727188993,1.839382294,0.859295039,-0.305305159,-0.7269082543,0.1319156725,0.8532193673,-0.1106013517,-0.1476254339,-0.5317858547,0.1181557275,0.7168529913,-0.1883236241,-0.11489924
conservative-technology--purchase-adopted--tax-plus30--index-cpi-indexed--gdp-off--electricity-vat-reduced--ets2-adopted,scenarios/conservative-technology--purchase-adopted--tax-plus30--index-cpi-indexed--gdp-off--electricity-vat-reduced--ets2-adopted.json,conservative_technology,False,adopted,plus30,cpi_indexed,off,vat_reduced,adopted,0.2312097522,0.0677324039,0.393721409,0.2178108596,0.0895255753,0.1533386859,0.0497206332,0.5300938174,0.2015077008,0.0653391627,0.1003138525,0.0328962538,0.6792885167,0.1440710556,0.0434303214,-2.5103600439,-0.3868826665,2.3721413492,0.9414028488,-0.4163014876,-2.8657301986,-0.2979866407,3.0093815602,0.6886539631,-0.5343186841,-2.4279117208,-0.2798023786,2.9288518321,0.2749958852,-0.4961336179
conservative-technology--purchase-adopted--tax-plus30--index-cpi-indexed--gdp-off--electricity-vat-reduced--ets2-high-market,scenarios/conservative-technology--purchase-adopted--tax-plus30--index-cpi-indexed--gdp-off--electricity-vat-reduced--ets2-high-market.json,conservative_technology,False,adopted,plus30,cpi_indexed,off,vat_reduced,high_market,0.2312097522,0.0677324039,0.393721409,0.2178108596,0.0895255753,0.1381764091,0.0468602899,0.5441369905,0.2081457309,0.0626805796,0.0858890293,0.0299551474,0.695277664,0.1483991781,0.0404789813,-2.5103600439,-0.3868826665,2.3721413492,0.9414028488,-0.4163014876,-4.3819578851,-0.5840209651,4.4136988685,1.352456976,-0.8001769943,-3.8703940374,-0.5739130213,4.5277665632,0.7078081322,-0.7912676367
conservative-technology--purchase-adopted--tax-plus30--index-cpi-indexed--gdp-off--electricity-vat-reduced--ets2-off,scenarios/conservative-technology--purchase-adopted--tax-plus30--index-cpi-indexed--gdp-off--electricity-vat-reduced--ets2-off.json,conservative_technology,False,adopted,plus30,cpi_indexed,off,vat_reduced,off,0.2312097522,0.0677324039,0.393721409,0.2178108596,0.0895255753,0.1712712166,0.0529512741,0.5140265608,0.1936149502,0.0681359982,0.1165156091,0.0360226901,0.6620770061,0.1390318545,0.0463528402,-2.5103600439,-0.3868826665,2.3721413492,0.9414028488,-0.4163014876,-1.0724771257,0.0250774519,1.4026558986,-0.1006210976,-0.2546351272,-0.8077360599,0.0328412465,1.2077007782,-0.2289242234,-0.2038817414
conservative-technology--purchase-adopted--tax-plus30--index-cpi-indexed--gdp-on--electricity-adopted--ets2-adopted,scenarios/conservative-technology--purchase-adopted--tax-plus30--index-cpi-indexed--gdp-on--electricity-adopted--ets2-adopted.json,conservative_technology,False,adopted,plus30,cpi_indexed,on,adopted,adopted,0.2396706458,0.0706524279,0.3811633289,0.2163004394,0.092213158,0.1560340786,0.0522081701,0.5209276059,0.2035232006,0.0673069448,0.098749819,0.0344812755,0.6752345357,0.1472260484,0.0443083215,-1.6642706846,-0.0948802656,1.1163333408,0.7903608332,-0.1475432238,-2.5961909282,-0.0492329474,2.0927604061,0.8902039448,-0.3375404754,-2.5843150714,-0.121300213,2.5234537378,0.5904951623,-0.4083336157
conservative-technology--purchase-adopted--tax-plus30--index-cpi-indexed--gdp-on--electricity-adopted--ets2-high-market,scenarios/conservative-technology--purchase-adopted--tax-plus30--index-cpi-indexed--gdp-on--electricity-adopted--ets2-high-market.json,conservative_technology,False,adopted,plus30,cpi_indexed,on,adopted,high_market,0.2396706458,0.0706524279,0.3811633289,0.2163004394,0.092213158,0.1411552029,0.0492775805,0.5346517805,0.210223916,0.0646915202,0.0852960345,0.0314738163,0.6903714192,0.1514155303,0.0414431997,-1.6642706846,-0.0948802656,1.1163333408,0.7903608332,-0.1475432238,-4.0840785049,-0.3422919056,3.4651778631,1.5602754813,-0.5990829339,-3.9296935202,-0.4220461329,4.0371420882,1.0094433576,-0.6948457927
conservative-technology--purchase-adopted--tax-plus30--index-cpi-indexed--gdp-on--electricity-adopted--ets2-off,scenarios/conservative-technology--purchase-adopted--tax-plus30--index-cpi-indexed--gdp-on--electricity-adopted--ets2-off.json,conservative_technology,False,adopted,plus30,cpi_indexed,on,adopted,off,0.2396706458,0.0706524279,0.3811633289,0.2163004394,0.092213158,0.1735143086,0.0555133319,0.5053069385,0.1956182502,0.0700471708,0.1136428372,0.0376704064,0.6591366822,0.1424189753,0.047131099,-1.6642706846,-0.0948802656,1.1163333408,0.7903608332,-0.1475432238,-0.8481679317,0.2812832358,0.5306936698,0.099708903,-0.0635178769,-1.0950132536,0.1976128761,0.9136683861,0.1097878528,-0.1260558615
conservative-technology--purchase-adopted--tax-plus30--index-cpi-indexed--gdp-on--electricity-north-reduction--ets2-adopted,scenarios/conservative-technology--purchase-adopted--tax-plus30--index-cpi-indexed--gdp-on--electricity-north-reduction--ets2-adopted.json,conservative_technology,False,adopted,plus30,cpi_indexed,on,north_reduction,adopted,0.2381246413,0.0701966818,0.3832526855,0.2166488182,0.0917771733,0.1547679662,0.0517845357,0.5230613285,0.2035096318,0.0668765378,0.0978050252,0.0341513742,0.6770825726,0.1470005457,0.0439604823,-1.8188711388,-0.1404548808,1.3252690035,0.8251987099,-0.1911416938,-2.7228021665,-0.0915963921,2.3061326651,0.888847066,-0.3805811725,-2.6787944444,-0.1542903422,2.708257426,0.5679448913,-0.4431175307
conservative-technology--purchase-adopted--tax-plus30--index-cpi-indexed--gdp-on--electricity-north-reduction--ets2-high-market,scenarios/conservative-technology--purchase-adopted--tax-plus30--index-cpi-indexed--gdp-on--electricity-north-reduction--ets2-high-market.json,conservative_technology,False,adopted,plus30,cpi_indexed,on,north_reduction,high_market,0.2381246413,0.0701966818,0.3832526855,0.2166488182,0.0917771733,0.139971366,0.0488643006,0.5367519888,0.2101521619,0.0642601828,0.0844535019,0.0311629259,0.6921423361,0.1511362609,0.0411049751,-1.8188711388,-0.1404548808,1.3252690035,0.8251987099,-0.1911416938,-4.2024621939,-0.3836199024,3.6751987002,1.5531000709,-0.6422166748,-4.0139467782,-0.4531351698,4.2142337808,0.9815164178,-0.7286682506
conservative-technology--purchase-adopted--tax-plus30--index-cpi-indexed--gdp-on--electricity-north-reduction--ets2-off,scenarios/conservative-technology--purchase-adopted--tax-plus30--index-cpi-indexed--gdp-on--electricity-north-reduction--ets2-off.json,conservative_technology,False,adopted,plus30,cpi_indexed,on,north_reduction,off,0.2381246413,0.0701966818,0.3832526855,0.2166488182,0.0917771733,0.1721596284,0.0550799221,0.5074739106,0.1956657547,0.0696207842,0.1125922206,0.0373221472,0.6610621394,0.1422471597,0.0467763331,-1.8188711388,-0.1404548808,1.3252690035,0.8251987099,-0.1911416938,-0.9836359475,0.2379422515,0.7473908762,0.1044593558,-0.1061565361,-1.2000749118,0.1627869649,1.106214107,0.0926062968,-0.1615324568
conservative-technology--purchase-adopted--tax-plus30--index-cpi-indexed--gdp-on--electricity-industrial--ets2-adopted,scenarios/conservative-technology--purchase-adopted--tax-plus30--index-cpi-indexed--gdp-on--electricity-industrial--ets2-adopted.json,conservative_technology,False,adopted,plus30,cpi_indexed,on,industrial,adopted,0.233621186,0.0688691097,0.3893773009,0.2176337043,0.0904986991,0.1510991926,0.0505569836,0.529284963,0.203436081,0.0656227798,0.0950800877,0.0331998856,0.6824454236,0.1463218876,0.0429527156,-2.2692166681,-0.2732120858,1.9377305428,0.923687318,-0.3189891069,-3.0896795278,-0.2143515995,2.9284961182,0.8814919807,-0.5059569716,-2.9512882036,-0.2494391989,3.2445425224,0.5000790839,-0.5438942039
conservative-technology--purchase-adopted--tax-plus30--index-cpi-indexed--gdp-on--electricity-industrial--ets2-high-market,scenarios/conservative-technology--purchase-adopted--tax-plus30--index-cpi-indexed--gdp-on--electricity-industrial--ets2-high-market.json,conservative_technology,False,adopted,plus30,cpi_indexed,on,industrial,high_market,0.233621186,0.0688691097,0.3893773009,0.2176337043,0.0904986991,0.1365440355,0.0476678122,0.5428749479,0.2099081685,0.0630050359,0.082025856,0.0302671365,0.6972792352,0.1503016426,0.0401261297,-2.2692166681,-0.2732120858,1.9377305428,0.923687318,-0.3189891069,-4.545195244,-0.5032687367,4.2874946064,1.5287007376,-0.7677313634,-4.2567113672,-0.5427141064,4.7279236888,0.8980545811,-0.8265527963
conservative-technology--purchase-adopted--tax-plus30--index-cpi-indexed--gdp-on--electricity-industrial--ets2-off,scenarios/conservative-technology--purchase-adopted--tax-plus30--index-cpi-indexed--gdp-on--electricity-industrial--ets2-off.json,conservative_technology,False,adopted,plus30,cpi_indexed,on,industrial,off,0.233621186,0.0688691097,0.3893773009,0.2176337043,0.0904986991,0.1682302884,0.053822788,0.5137981079,0.1957715771,0.0683772385,0.1095590089,0.0363166961,0.666652369,0.141724606,0.04574732,-2.2692166681,-0.2732120858,1.9377305428,0.923687318,-0.3189891069,-1.3765699466,0.1122288409,1.3798106112,0.1150415988,-0.2305111044,-1.5033960789,0.0622418544,1.6652370662,0.0403509192,-0.2644337609
conservative-technology--purchase-adopted--tax-plus30--index-cpi-indexed--gdp-on--electricity-vat-reduced--ets2-adopted,scenarios/conservative-technology--purchase-adopted--tax-plus30--index-cpi-indexed--gdp-on--electricity-vat-reduced--ets2-adopted.json,conservative_technology,False,adopted,plus30,cpi_indexed,on,vat_reduced,adopted,0.2297375065,0.0677242412,0.3947056788,0.218446534,0.0893860395,0.1479584287,0.0495061007,0.5346622516,0.2033315977,0.0645416212,0.0927623855,0.0323905948,0.6870463175,0.145710536,0.0420901662,-2.6575846127,-0.3876989397,2.4705683345,1.0049702905,-0.4302550725,-3.4037559155,-0.3194398829,3.4662249797,0.8710436551,-0.6140728364,-3.1830584162,-0.3303682844,3.704631917,0.4389439211,-0.6301491375
conservative-technology--purchase-adopted--tax-plus30--index-cpi-indexed--gdp-on--electricity-vat-reduced--ets2-high-market,scenarios/conservative-technology--purchase-adopted--tax-plus30--index-cpi-indexed--gdp-on--electricity-vat-reduced--ets2-high-market.json,conservative_technology,False,adopted,plus30,cpi_indexed,on,vat_reduced,high_market,0.2297375065,0.0677242412,0.3947056788,0.218446534,0.0893860395,0.1336135678,0.0466447797,0.5481617886,0.2096556118,0.0619242521,0.0799637844,0.0295062423,0.7016837683,0.1495566128,0.0392895921,-2.6575846127,-0.3876989397,2.4705683345,1.0049702905,-0.4302550725,-4.8382420112,-0.6055719843,4.8161786736,1.5034450682,-0.8758097464,-4.4629185245,-0.618803531,5.1683770008,0.8235516056,-0.9102065509
conservative-technology--purchase-adopted--tax-plus30--index-cpi-indexed--gdp-on--electricity-vat-reduced--ets2-off,scenarios/conservative-technology--purchase-adopted--tax-plus30--index-cpi-indexed--gdp-on--electricity-vat-reduced--ets2-off.json,conservative_technology,False,adopted,plus30,cpi_indexed,on,vat_reduced,off,0.2297375065,0.0677242412,0.3947056788,0.218446534,0.0893860395,0.164861788,0.0527450862,0.5192665406,0.1958234876,0.0673030976,0.1069754903,0.0354603096,0.671451507,0.1412475014,0.0448651917,-2.6575846127,-0.3876989397,2.4705683345,1.0049702905,-0.4302550725,-1.7134199889,0.0044586612,1.9266538744,0.1202326457,-0.3379251924,-1.7617479427,-0.0233968004,2.1451508715,-0.0073595327,-0.3526465957
conservative-technology--purchase-low-indexed--tax-adopted--index-adopted--gdp-off--electricity-adopted--ets2-adopted,scenarios/conservative-technology--purchase-low-indexed--tax-adopted--index-adopted--gdp-off--electricity-adopted--ets2-adopted.json,conservative_technology,False,low_indexed,adopted,adopted,off,adopted,adopted,0.2563133527,0.0716012306,0.3699999955,0.2083968311,0.0936885902,0.1746103488,0.0505618433,0.5146682625,0.1923455797,0.0678139658,0.1184597184,0.0339371803,0.6631833713,0.1384102148,0.0460095152,0.0,0.0,0.0,0.0,0.0,-0.7385639108,-0.2138656325,1.4668260638,-0.2275581507,-0.2868383698,-0.6133251288,-0.1757097327,1.3183372954,-0.2910881934,-0.2382142405
conservative-technology--purchase-low-indexed--tax-adopted--index-adopted--gdp-off--electricity-adopted--ets2-high-market,scenarios/conservative-technology--purchase-low-indexed--tax-adopted--index-adopted--gdp-off--electricity-adopted--ets2-high-market.json,conservative_technology,False,low_indexed,adopted,adopted,off,adopted,high_market,0.2563133527,0.0716012306,0.3699999955,0.2083968311,0.0936885902,0.1562263353,0.0477711976,0.5308062442,0.2001216318,0.0650745911,0.1000122794,0.0309499863,0.6823901473,0.143853843,0.0427937439,0.0,0.0,0.0,0.0,0.0,-2.5769652575,-0.4929302004,3.0806242408,0.5500470599,-0.5607758429,-2.458069024,-0.4744291277,3.239014897,0.2532746266,-0.559791372
conservative-technology--purchase-low-indexed--tax-adopted--index-adopted--gdp-off--electricity-adopted--ets2-off,scenarios/conservative-technology--purchase-low-indexed--tax-adopted--index-adopted--gdp-off--electricity-adopted--ets2-off.json,conservative_technology,False,low_indexed,adopted,adopted,off,adopted,off,0.2563133527,0.0716012306,0.3699999955,0.2083968311,0.0936885902,0.1966264456,0.0536656151,0.4959937462,0.1830643766,0.0706498165,0.1396821899,0.0370737365,0.6420364324,0.1320361189,0.0491715223,0.0,0.0,0.0,0.0,0.0,1.4630457705,0.0965115501,-0.4006255606,-1.1556784561,-0.0032533038,1.5089220213,0.137945886,-0.7963565894,-0.9284977829,0.0779864651
conservative-technology--purchase-low-indexed--tax-adopted--index-adopted--gdp-off--electricity-north-reduction--ets2-adopted,scenarios/conservative-technology--purchase-low-indexed--tax-adopted--index-adopted--gdp-off--electricity-north-reduction--ets2-adopted.json,conservative_technology,False,low_indexed,adopted,adopted,off,north_reduction,adopted,0.2547167098,0.0711552078,0.3720827182,0.2087789675,0.0932663966,0.17323255,0.0501628747,0.5168329486,0.1923761188,0.0673955079,0.1173650842,0.0336235817,0.6651041015,0.1382438409,0.0456633917,-0.1596642865,-0.044602278,0.2082722737,0.0382136454,-0.0422193546,-0.8763437905,-0.2537624927,1.6832946806,-0.2245042399,-0.3286841575,-0.7227885442,-0.2070695883,1.510410313,-0.3077255838,-0.2728265968
conservative-technology--purchase-low-indexed--tax-adopted--index-adopted--gdp-off--electricity-north-reduction--ets2-high-market,scenarios/conservative-technology--purchase-low-indexed--tax-adopted--index-adopted--gdp-off--electricity-north-reduction--ets2-high-market.json,conservative_technology,False,low_indexed,adopted,adopted,off,north_reduction,high_market,0.2547167098,0.0711552078,0.3720827182,0.2087789675,0.0932663966,0.1549443723,0.0473791964,0.5329340994,0.2000898354,0.0646524964,0.0990498377,0.0306521473,0.6842171776,0.1436254297,0.0424554077,-0.1596642865,-0.044602278,0.2082722737,0.0382136454,-0.0422193546,-2.7051615555,-0.5321303178,3.2934097591,0.5468674251,-0.602985311,-2.5543131955,-0.5042130283,3.4217179222,0.2304332973,-0.5936249957
conservative-technology--purchase-low-indexed--tax-adopted--index-adopted--gdp-off--electricity-north-reduction--ets2-off,scenarios/conservative-technology--purchase-low-indexed--tax-adopted--index-adopted--gdp-off--electricity-north-reduction--ets2-off.json,conservative_technology,False,low_indexed,adopted,adopted,off,north_reduction,off,0.2547167098,0.0711552078,0.3720827182,0.2087789675,0.0932663966,0.1951456043,0.0532614464,0.4981938687,0.183159781,0.0702392996,0.1384484311,0.0367462785,0.6440518773,0.1319317076,0.0488217055,-0.1596642865,-0.044602278,0.2082722737,0.0382136454,-0.0422193546,1.3149616439,0.0560946788,-0.1806133122,-1.1461380151,-0.0443049954,1.385546143,0.1052000879,-0.5948121051,-0.9389389119,0.0430047862
conservative-technology--purchase-low-indexed--tax-adopted--index-adopted--gdp-off--electricity-industrial--ets2-adopted,scenarios/conservative-technology--purchase-low-indexed--tax-adopted--index-adopted--gdp-off--electricity-industrial--ets2-adopted.json,conservative_technology,False,low_indexed,adopted,adopted,off,industrial,adopted,0.2500623354,0.0698550066,0.3781907723,0.2098647684,0.0920271173,0.1692371954,0.0490059416,0.5231484472,0.192432944,0.0661754717,0.1142047792,0.0327181951,0.670679796,0.1377377866,0.0446594431,-0.6251017261,-0.1746224002,0.8190776784,0.1467937335,-0.1661472856,-1.2758792464,-0.3694558021,2.3148445407,-0.2188217147,-0.4506877776,-1.0388190444,-0.2976082474,2.0679797626,-0.3583310184,-0.3732214525
conservative-technology--purchase-low-indexed--tax-adopted--index-adopted--gdp-off--electricity-industrial--ets2-high-market,scenarios/conservative-technology--purchase-low-indexed--tax-adopted--index-adopted--gdp-off--electricity-industrial--ets2-high-market.json,conservative_technology,False,low_indexed,adopted,adopted,off,industrial,high_market,0.2500623354,0.0698550066,0.3781907723,0.2098647684,0.0920271173,0.1512307299,0.0462436315,0.5391385466,0.1999637222,0.0634233699,0.0962745071,0.0297932883,0.6895178025,0.1429390268,0.0414753753,-0.6251017261,-0.1746224002,0.8190776784,0.1467937335,-0.1661472856,-3.0765258047,-0.6456868118,3.9138544793,0.5342561036,-0.7258979663,-2.8318462601,-0.5900989275,3.9517804208,0.1617929996,-0.6916282328
conservative-technology--purchase-low-indexed--tax-adopted--index-adopted--gdp-off--electricity-industrial--ets2-off,scenarios/conservative-technology--purchase-low-indexed--tax-adopted--index-adopted--gdp-off--electricity-industrial--ets2-off.json,conservative_technology,False,low_indexed,adopted,adopted,off,industrial,off,0.2500623354,0.0698550066,0.3781907723,0.2098647684,0.0920271173,0.1908464116,0.0520880598,0.504617249,0.1834075819,0.0690406976,0.1348818933,0.0357996661,0.6499065696,0.1316063192,0.0478055517,-0.6251017261,-0.1746224002,0.8190776784,0.1467937335,-0.1661472856,0.885042368,-0.0612439747,0.4617247206,-1.1213579234,-0.1641651905,1.0288923626,0.0105388553,-0.0093428688,-0.971477761,-0.0586105881
conservative-technology--purchase-low-indexed--tax-adopted--index-adopted--gdp-off--electricity-vat-reduced--ets2-adopted,scenarios/conservative-technology--purchase-low-indexed--tax-adopted--index-adopted--gdp-off--electricity-vat-reduced--ets2-adopted.json,conservative_technology,False,low_indexed,adopted,adopted,off,vat_reduced,adopted,0.2460444059,0.0687325965,0.3835082192,0.2107677087,0.0909470696,0.1658133461,0.048014499,0.5286069254,0.1924431306,0.0651220989,0.1115129958,0.0319470339,0.6754654845,0.1372756883,0.0437987975,-1.0268946721,-0.2868634094,1.3508223701,0.2370877655,-0.274152054,-1.6182641774,-0.4686000586,2.8606923521,-0.2178030517,-0.5560250644,-1.3079973864,-0.3747243678,2.5465486125,-0.4045408502,-0.4592860081
conservative-technology--purchase-low-indexed--tax-adopted--index-adopted--gdp-off--electricity-vat-reduced--ets2-high-market,scenarios/conservative-technology--purchase-low-indexed--tax-adopted--index-adopted--gdp-off--electricity-vat-reduced--ets2-high-market.json,conservative_technology,False,low_indexed,adopted,adopted,off,vat_reduced,high_market,0.2460444059,0.0687325965,0.3835082192,0.2107677087,0.0909470696,0.148052817,0.045271883,0.5444967738,0.1998145755,0.0623639508,0.0939145389,0.0290629682,0.6940638099,0.1423218803,0.0406368027,-1.0268946721,-0.2868634094,1.3508223701,0.2370877655,-0.274152054,-3.3943170917,-0.7428616596,4.4496771946,0.5193414303,-0.8318398736,-3.0678430812,-0.6631309434,4.4063811596,0.1000783535,-0.7754854885
conservative-technology--purchase-low-indexed--tax-adopted--index-adopted--gdp-off--electricity-vat-reduced--ets2-off,scenarios/conservative-technology--purchase-low-indexed--tax-adopted--index-adopted--gdp-off--electricity-vat-reduced--ets2-off.json,conservative_technology,False,low_indexed,adopted,adopted,off,vat_reduced,off,0.2460444059,0.0687325965,0.3835082192,0.2107677087,0.0909470696,0.1871561863,0.0510808799,0.5101743231,0.183584833,0.0680037777,0.1318387033,0.0349919581,0.6549364813,0.1313001849,0.0469326724,-1.0268946721,-0.2868634094,1.3508223701,0.2370877655,-0.274152054,0.5160198359,-0.1619619687,1.0174321266,-1.1036328118,-0.2678571819,0.7245733614,-0.0702319463,0.4936483003,-1.0020911912,-0.1458985242
conservative-technology--purchase-low-indexed--tax-adopted--index-adopted--gdp-on--electricity-adopted--ets2-adopted,scenarios/conservative-technology--purchase-low-indexed--tax-adopted--index-adopted--gdp-on--electricity-adopted--ets2-adopted.json,conservative_technology,False,low_indexed,adopted,adopted,on,adopted,adopted,0.2549045998,0.0716316936,0.3708882061,0.2089916179,0.0935838825,0.1697668518,0.0504714955,0.5185676355,0.1939773566,0.0672166606,0.1117361323,0.0336600428,0.6696579021,0.1399295215,0.0450164014,-0.140875283,0.0030463029,0.0888210601,0.0594786864,-0.0104707664,-1.2229136094,-0.2229004087,1.8567633706,-0.0643804607,-0.3465688918,-1.2856837391,-0.2034234836,1.9657903748,-0.1391575294,-0.3375256227
conservative-technology--purchase-low-indexed--tax-adopted--index-adopted--gdp-on--electricity-adopted--ets2-high-market,scenarios/conservative-technology--purchase-low-indexed--tax-adopted--index-adopted--gdp-on--electricity-adopted--ets2-high-market.json,conservative_technology,False,low_indexed,adopted,adopted,on,adopted,high_market,0.2549045998,0.0716316936,0.3708882061,0.2089916179,0.0935838825,0.1521669156,0.0476601122,0.5342032619,0.2014699248,0.0644997854,0.0948608053,0.0306821505,0.6876143818,0.1449352652,0.0419073972,-0.140875283,0.0030463029,0.0888210601,0.0594786864,-0.0104707664,-2.9829072268,-0.5040387338,3.4203260065,0.6848763674,-0.6182564133,-2.9732164388,-0.5012127088,3.7614383503,0.3614168439,-0.6484260466
conservative-technology--purchase-low-indexed--tax-adopted--index-adopted--gdp-on--electricity-adopted--ets2-off,scenarios/conservative-technology--purchase-low-indexed--tax-adopted--index-adopted--gdp-on--electricity-adopted--ets2-off.json,conservative_technology,False,low_indexed,adopted,adopted,on,adopted,off,0.2549045998,0.0716316936,0.3708882061,0.2089916179,0.0935838825,0.1907777406,0.0536111654,0.5005244455,0.1850458501,0.0700407983,0.1309670224,0.0368035321,0.6500593222,0.1340878115,0.0480823118,-0.140875283,0.0030463029,0.0888210601,0.0594786864,-0.0104707664,0.8781752735,0.0910665845,0.0524443656,-0.957531104,-0.0641551196,0.6374052704,0.1109254509,0.0059323916,-0.7233285273,-0.0309345857
conservative-technology--purchase-low-indexed--tax-adopted--index-adopted--gdp-on--electricity-north-reduction--ets2-adopted,scenarios/conservative-technology--purchase-low-indexed--tax-adopted--index-adopted--gdp-on--electricity-north-reduction--ets2-adopted.json,conservative_technology,False,low_indexed,adopted,adopted,on,north_reduction,adopted,0.2533123519,0.0711842501,0.3729716237,0.2093712244,0.0931605498,0.1684149569,0.0500695786,0.5207244906,0.1939939696,0.0667970042,0.1106899857,0.0333448955,0.6715487774,0.1397440983,0.0446722432,-0.3001000702,-0.0416980493,0.2971628219,0.0974393348,-0.0528040373,-1.3581031018,-0.2630920938,2.0724488791,-0.0627191526,-0.3885345308,-1.3902984024,-0.2349382136,2.1548779058,-0.1576998464,-0.3719414434
conservative-technology--purchase-low-indexed--tax-adopted--index-adopted--gdp-on--electricity-north-reduction--ets2-high-market,scenarios/conservative-technology--purchase-low-indexed--tax-adopted--index-adopted--gdp-on--electricity-north-reduction--ets2-high-market.json,conservative_technology,False,low_indexed,adopted,adopted,on,north_reduction,high_market,0.2533123519,0.0711842501,0.3729716237,0.2093712244,0.0931605498,0.1509085647,0.0472659849,0.5363231806,0.2014249689,0.0640773009,0.0939383718,0.030383795,0.6894155967,0.1446904012,0.0415718353,-0.3001000702,-0.0416980493,0.2971628219,0.0974393348,-0.0528040373,-3.1087423177,-0.5434514704,3.6323178776,0.6803807727,-0.6605048623,-3.0654597896,-0.5310482595,3.9415598385,0.3369304383,-0.6819822276
conservative-technology--purchase-low-indexed--tax-adopted--index-adopted--gdp-on--electricity-north-reduction--ets2-off,scenarios/conservative-technology--purchase-low-indexed--tax-adopted--index-adopted--gdp-on--electricity-north-reduction--ets2-off.json,conservative_technology,False,low_indexed,adopted,adopted,on,north_reduction,off,0.2533123519,0.0711842501,0.3729716237,0.2093712244,0.0931605498,0.1893250606,0.0532029424,0.5027172668,0.1851267527,0.0696279775,0.1297909733,0.0364730462,0.6520409323,0.1339618906,0.0477331577,-0.3001000702,-0.0416980493,0.2971628219,0.0974393348,-0.0528040373,0.7329072713,0.0502442806,0.2717264962,-0.9494408455,-0.1054372026,0.5198003615,0.0778768563,0.2040933975,-0.7359206199,-0.0658499954
conservative-technology--purchase-low-indexed--tax-adopted--index-adopted--gdp-on--electricity-industrial--ets2-adopted,scenarios/conservative-technology--purchase-low-indexed--tax-adopted--index-adopted--gdp-on--electricity-industrial--ets2-adopted.json,conservative_technology,False,low_indexed,adopted,adopted,on,industrial,adopted,0.2486710535,0.0698799815,0.3790814857,0.2104494544,0.0919180249,0.1644956436,0.0489043712,0.5270162516,0.1940099111,0.0655738226,0.107670826,0.0324353862,0.6770366971,0.1391826604,0.0436744302,-0.7642299121,-0.1721249096,0.9081490203,0.2052623324,-0.1770565309,-1.7500344323,-0.3796128408,2.7016249786,-0.0611250105,-0.5108526951,-1.6922143692,-0.3258891365,2.7036698799,-0.2138436362,-0.4717227379
conservative-technology--purchase-low-indexed--tax-adopted--index-adopted--gdp-on--electricity-industrial--ets2-high-market,scenarios/conservative-technology--purchase-low-indexed--tax-adopted--index-adopted--gdp-on--electricity-industrial--ets2-high-market.json,conservative_technology,False,low_indexed,adopted,adopted,on,industrial,high_market,0.2486710535,0.0698799815,0.3790814857,0.2104494544,0.0919180249,0.1472640764,0.0461244968,0.5425037558,0.2012603293,0.0628473417,0.091279249,0.0295237179,0.6946405428,0.1439563063,0.040600184,-0.7642299121,-0.1721249096,0.9081490203,0.2052623324,-0.1770565309,-3.4731911487,-0.6576002794,4.2503753951,0.663916812,-0.783500779,-3.3313720697,-0.6170559692,4.4640544459,0.2635209533,-0.7791473603
conservative-technology--purchase-low-indexed--tax-adopted--index-adopted--gdp-on--electricity-industrial--ets2-off,scenarios/conservative-technology--purchase-low-indexed--tax-adopted--index-adopted--gdp-on--electricity-industrial--ets2-off.json,conservative_technology,False,low_indexed,adopted,adopted,on,industrial,off,0.2486710535,0.0698799815,0.3790814857,0.2104494544,0.0919180249,0.1851087718,0.0520181073,0.5091182343,0.1853318335,0.0684230531,0.1263928405,0.0355181242,0.6577957896,0.1335737741,0.0467194717,-0.7642299121,-0.1721249096,0.9081490203,0.2052623324,-0.1770565309,0.3112783893,-0.0682392262,0.9118232493,-0.9289327668,-0.2259296456,0.1799870774,-0.0176153439,0.7795791239,-0.774732268,-0.1672185894
conservative-technology--purchase-low-indexed--tax-adopted--index-adopted--gdp-on--electricity-vat-reduced--ets2-adopted,scenarios/conservative-technology--purchase-low-indexed--tax-adopted--index-adopted--gdp-on--electricity-vat-reduced--ets2-adopted.json,conservative_technology,False,low_indexed,adopted,adopted,on,vat_reduced,adopted,0.2446647296,0.0687541495,0.3844002292,0.211345625,0.0908352667,0.1611380584,0.0479061648,0.5324531546,0.1939844722,0.0645181501,0.1051006277,0.0316611247,0.6817457479,0.1386729403,0.0428195593,-1.1648623026,-0.284708114,1.4400233671,0.2948793937,-0.2853323441,-2.0857929543,-0.4794334745,3.2453152736,-0.0636688992,-0.6164199456,-1.9492341962,-0.4033152849,3.1745749616,-0.2648156448,-0.5572098357
conservative-technology--purchase-low-indexed--tax-adopted--index-adopted--gdp-on--electricity-vat-reduced--ets2-high-market,scenarios/conservative-technology--purchase-low-indexed--tax-adopted--index-adopted--gdp-on--electricity-vat-reduced--ets2-high-market.json,conservative_technology,False,low_indexed,adopted,adopted,on,vat_reduced,high_market,0.2446647296,0.0687541495,0.3844002292,0.211345625,0.0908352667,0.1441462362,0.0451479598,0.5478404998,0.201077739,0.0617875652,0.0890190836,0.0287926812,0.6991207312,0.1432983142,0.0397691897,-1.1648623026,-0.284708114,1.4400233671,0.2948793937,-0.2853323441,-3.7849751718,-0.7552539742,4.7840497944,0.6456577867,-0.8894784352,-3.557388605,-0.6901596428,4.9120732916,0.1977217444,-0.8622467881
conservative-technology--purchase-low-indexed--tax-adopted--index-adopted--gdp-on--electricity-vat-reduced--ets2-off,scenarios/conservative-technology--purchase-low-indexed--tax-adopted--index-adopted--gdp-on--electricity-vat-reduced--ets2-off.json,conservative_technology,False,low_indexed,adopted,adopted,on,vat_reduced,off,0.2446647296,0.0687541495,0.3844002292,0.211345625,0.0908352667,0.1814910732,0.0510014843,0.514654611,0.1854716848,0.0673811467,0.123495209,0.0347038499,0.6627381101,0.1332134751,0.0458493558,-1.1648623026,-0.284708114,1.4400233671,0.2948793937,-0.2853323441,-0.050491473,-0.1699015264,1.4654609156,-0.9149476361,-0.3301202802,-0.1097760697,-0.0990427681,1.2738111793,-0.8107621639,-0.2542301776
conservative-technology--purchase-low-indexed--tax-adopted--index-cpi-indexed--gdp-off--electricity-adopted--ets2-adopted,scenarios/conservative-technology--purchase-low-indexed--tax-adopted--index-cpi-indexed--gdp-off--electricity-adopted--ets2-adopted.json,conservative_technology,False,low_indexed,adopted,cpi_indexed,off,adopted,adopted,0.2647103007,0.0704102866,0.3651835181,0.2055239767,0.0941719179,0.1717313755,0.0506452305,0.5169161748,0.1932262825,0.0674809367,0.1131263794,0.0338108785,0.6682596742,0.1395623033,0.0452407646,0.8396948075,-0.1190943951,-0.4816477425,-0.2872854383,0.0483327684,-1.0264612426,-0.2055269043,1.6916172943,-0.1394878687,-0.3201412787,-1.146659024,-0.1883399057,1.8259675837,-0.175879348,-0.315089306
conservative-technology--purchase-low-indexed--tax-adopted--index-cpi-indexed--gdp-off--electricity-adopted--ets2-high-market,scenarios/conservative-technology--purchase-low-indexed--tax-adopted--index-cpi-indexed--gdp-off--electricity-adopted--ets2-high-market.json,conservative_technology,False,low_indexed,adopted,cpi_indexed,off,adopted,high_market,0.2647103007,0.0704102866,0.3651835181,0.2055239767,0.0941719179,0.1538178777,0.0478219721,0.5327639843,0.2008430998,0.0647530661,0.0959318218,0.0308115743,0.6864830912,0.1446664784,0.0421070343,0.8396948075,-0.1190943951,-0.4816477425,-0.2872854383,0.0483327684,-2.8178110232,-0.4878527507,3.2763982469,0.6221938688,-0.5929283417,-2.8661147914,-0.4882703246,3.6483092843,0.3345381651,-0.6284623333
conservative-technology--purchase-low-indexed--tax-adopted--index-cpi-indexed--gdp-off--electricity-adopted--ets2-off,scenarios/conservative-technology--purchase-low-indexed--tax-adopted--index-cpi-indexed--gdp-off--electricity-adopted--ets2-off.json,conservative_technology,False,low_indexed,adopted,cpi_indexed,off,adopted,off,0.2647103007,0.0704102866,0.3651835181,0.2055239767,0.0941719179,0.1931423284,0.0537967611,0.4986067311,0.1841421661,0.0703120133,0.1327582727,0.0369777311,0.6483323081,0.1336020365,0.0483296516,0.8396948075,-0.1190943951,-0.4816477425,-0.2872854383,0.0483327684,1.114634046,0.1096261543,-0.1393270697,-1.0478995062,-0.0370336243,0.816530302,0.1283453513,-0.1667690243,-0.7719060242,-0.0062006047
conservative-technology--purchase-low-indexed--tax-adopted--index-cpi-indexed--gdp-off--electricity-north-reduction--ets2-adopted,scenarios/conservative-technology--purchase-low-indexed--tax-adopted--index-cpi-indexed--gdp-off--electricity-north-reduction--ets2-adopted.json,conservative_technology,False,low_indexed,adopted,cpi_indexed,off,north_reduction,adopted,0.2630850321,0.0699779815,0.3672616202,0.2059193806,0.0937559855,0.1703692427,0.0502435245,0.5190765109,0.1932489634,0.0670617584,0.112070285,0.0334952361,0.6701571755,0.1393811831,0.0448961203,0.6771679472,-0.1623249109,-0.2738375234,-0.247745047,0.0067395342,-1.1626745164,-0.2456975058,1.90765091,-0.1372197743,-0.3620591134,-1.2522684709,-0.2199041456,2.0157177123,-0.1939913685,-0.3495537274
conservative-technology--purchase-low-indexed--tax-adopted--index-cpi-indexed--gdp-off--electricity-north-reduction--ets2-high-market,scenarios/conservative-technology--purchase-low-indexed--tax-adopted--index-cpi-indexed--gdp-off--electricity-north-reduction--ets2-high-market.json,conservative_technology,False,low_indexed,adopted,cpi_indexed,off,north_reduction,high_market,0.2630850321,0.0699779815,0.3672616202,0.2059193806,0.0937559855,0.1525501377,0.0474278318,0.534887414,0.200803896,0.0643307206,0.0950011331,0.0305126539,0.6882900383,0.1444253513,0.0417708234,0.6771679472,-0.1623249109,-0.2738375234,-0.247745047,0.0067395342,-2.9445850219,-0.5272667819,3.4887412117,0.6182734879,-0.6351628959,-2.9591836637,-0.5181623711,3.8290039983,0.3104254572,-0.6620834208
conservative-technology--purchase-low-indexed--tax-adopted--index-cpi-indexed--gdp-off--electricity-north-reduction--ets2-off,scenarios/conservative-technology--purchase-low-indexed--tax-adopted--index-cpi-indexed--gdp-off--electricity-north-reduction--ets2-off.json,conservative_technology,False,low_indexed,adopted,cpi_indexed,off,north_reduction,off,0.2630850321,0.0699779815,0.3672616202,0.2059193806,0.0937559855,0.191678607,0.0533890645,0.5008028282,0.1842293668,0.0699001334,0.1315704565,0.0366468836,0.6503214317,0.1334809523,0.047980276,0.6771679472,-0.1623249109,-0.2738375234,-0.247745047,0.0067395342,0.9682619104,0.0688564956,0.0802826373,-1.0391794352,-0.0782216081,0.697748678,0.0952605961,0.0321433378,-0.7840144481,-0.0411381637
conservative-technology--purchase-low-indexed--tax-adopted--index-cpi-indexed--gdp-off--electricity-industrial--ets2-adopted,scenarios/conservative-technology--purchase-low-indexed--tax-adopted--index-cpi-indexed--gdp-off--electricity-industrial--ets2-adopted.json,conservative_technology,False,low_indexed,adopted,cpi_indexed,off,industrial,adopted,0.2583458097,0.0687173958,0.3733573563,0.207044858,0.0925345801,0.1664198443,0.049078809,0.5253788045,0.1932827231,0.0658398191,0.109022157,0.0325842206,0.6756645631,0.1388322573,0.0438968019,0.2032457092,-0.2883834758,0.3357360803,-0.1351973078,-0.1154010059,-1.557614359,-0.3621690552,2.5378802656,-0.1338438048,-0.4842530466,-1.5570812665,-0.3110056947,2.5664564797,-0.2488839504,-0.4494855681
conservative-technology--purchase-low-indexed--tax-adopted--index-cpi-indexed--gdp-off--electricity-industrial--ets2-high-market,scenarios/conservative-technology--purchase-low-indexed--tax-adopted--index-cpi-indexed--gdp-off--electricity-industrial--ets2-high-market.json,conservative_technology,False,low_indexed,adopted,cpi_indexed,off,industrial,high_market,0.2583458097,0.0687173958,0.3733573563,0.207044858,0.0925345801,0.148878126,0.0462862035,0.5410785351,0.2006561008,0.0631010345,0.0923180242,0.0296508876,0.6935317796,0.1437020928,0.0407972158,0.2032457092,-0.2883834758,0.3357360803,-0.1351973078,-0.1154010059,-3.3117861862,-0.6414296093,4.107853331,0.6034939669,-0.7581315024,-3.2274945511,-0.6043389985,4.3531781278,0.2380996005,-0.7594441788
conservative-technology--purchase-low-indexed--tax-adopted--index-cpi-indexed--gdp-off--electricity-industrial--ets2-off,scenarios/conservative-technology--purchase-low-indexed--tax-adopted--index-cpi-indexed--gdp-off--electricity-industrial--ets2-off.json,conservative_technology,False,low_indexed,adopted,cpi_indexed,off,industrial,off,0.2583458097,0.0687173958,0.3733573563,0.207044858,0.0925345801,0.1874297718,0.0522056182,0.5072138234,0.1844530053,0.0686977812,0.1281379716,0.0356908188,0.6560984406,0.1331069414,0.0469658275,0.2032457092,-0.2883834758,0.3357360803,-0.1351973078,-0.1154010059,0.5433783915,-0.0494881333,0.7213821601,-1.0168155856,-0.1984568326,0.3545001949,-0.0003458762,0.6098442229,-0.8214155333,-0.1425830083
conservative-technology--purchase-low-indexed--tax-adopted--index-cpi-indexed--gdp-off--electricity-vat-reduced--ets2-adopted,scenarios/conservative-technology--purchase-low-indexed--tax-adopted--index-cpi-indexed--gdp-off--electricity-vat-reduced--ets2-adopted.json,conservative_technology,False,low_indexed,adopted,cpi_indexed,off,vat_reduced,adopted,0.2542529487,0.0676287358,0.3786655678,0.2079832456,0.091469502,0.1630360049,0.0480808823,0.5308252582,0.193272816,0.0647850386,0.1064269928,0.0318085856,0.6803905967,0.1383332979,0.0430405271,-0.2060403944,-0.3972494768,0.8665572357,-0.0413585504,-0.2219088141,-1.8959982977,-0.4619617258,3.0825256358,-0.1348345165,-0.5897310958,-1.8165976924,-0.3885691984,3.039059833,-0.2987798896,-0.5351130525
conservative-technology--purchase-low-indexed--tax-adopted--index-cpi-indexed--gdp-off--electricity-vat-reduced--ets2-high-market,scenarios/conservative-technology--purchase-low-indexed--tax-adopted--index-cpi-indexed--gdp-off--electricity-vat-reduced--ets2-high-market.json,conservative_technology,False,low_indexed,adopted,cpi_indexed,off,vat_reduced,high_market,0.2542529487,0.0676287358,0.3786655678,0.2079832456,0.091469502,0.1457363477,0.0453094247,0.5464247529,0.2004881378,0.0620413368,0.0900372496,0.0289183439,0.6980265643,0.1430533845,0.0399644577,-0.2060403944,-0.3972494768,0.8665572357,-0.0413585504,-0.2219088141,-3.6259640179,-0.7391074847,4.6424751093,0.5866976675,-0.8641012742,-3.4555720088,-0.6775933724,4.8026565924,0.173228776,-0.8427199872
conservative-technology--purchase-low-indexed--tax-adopted--index-cpi-indexed--gdp-off--electricity-vat-reduced--ets2-off,scenarios/conservative-technology--purchase-low-indexed--tax-adopted--index-cpi-indexed--gdp-off--electricity-vat-reduced--ets2-off.json,conservative_technology,False,low_indexed,adopted,cpi_indexed,off,vat_reduced,off,0.2542529487,0.0676287358,0.3786655678,0.2079832456,0.091469502,0.1837835518,0.0511900209,0.5127594282,0.1846091084,0.0676578907,0.1252106325,0.0348754545,0.6610601743,0.1327588232,0.0460949155,-0.2060403944,-0.3972494768,0.8665572357,-0.0413585504,-0.2219088141,0.1787563864,-0.1510478643,1.2759426346,-1.0012052717,-0.3024458849,0.0617662846,-0.0818823077,1.1060175928,-0.8562273566,-0.229674213
conservative-technology--purchase-low-indexed--tax-adopted--index-cpi-indexed--gdp-on--electricity-adopted--ets2-adopted,scenarios/conservative-technology--purchase-low-indexed--tax-adopted--index-cpi-indexed--gdp-on--electricity-adopted--ets2-adopted.json,conservative_technology,False,low_indexed,adopted,cpi_indexed,on,adopted,adopted,0.2633633067,0.070435641,0.3660254484,0.2060962924,0.0940793115,0.1667896569,0.0505466919,0.520919422,0.1948868354,0.0668573937,0.1060693881,0.0334773419,0.675172671,0.1411363572,0.0441442418,0.704995406,-0.1165589642,-0.397454708,-0.2300538668,0.039072133,-1.5206330953,-0.2153807637,2.0919420201,0.0265674237,-0.3824955848,-1.8523581636,-0.2216935658,2.5172672717,-0.0184739568,-0.4247415855
conservative-technology--purchase-low-indexed--tax-adopted--index-cpi-indexed--gdp-on--electricity-adopted--ets2-high-market,scenarios/conservative-technology--purchase-low-indexed--tax-adopted--index-cpi-indexed--gdp-on--electricity-adopted--ets2-high-market.json,conservative_technology,False,low_indexed,adopted,cpi_indexed,on,adopted,high_market,0.2633633067,0.070435641,0.3660254484,0.2060962924,0.0940793115,0.1496689192,0.0477040845,0.5362570643,0.2022155701,0.0641543619,0.0904845736,0.0304989118,0.6921003984,0.1457858014,0.0411303148,0.704995406,-0.1165589642,-0.397454708,-0.2300538668,0.039072133,-3.2327068655,-0.4996415129,3.6257062476,0.7594408926,-0.6527987618,-3.410839612,-0.5195365762,4.2100400021,0.4464704655,-0.7261342794
conservative-technology--purchase-low-indexed--tax-adopted--index-cpi-indexed--gdp-on--electricity-adopted--ets2-off,scenarios/conservative-technology--purchase-low-indexed--tax-adopted--index-cpi-indexed--gdp-on--electricity-adopted--ets2-off.json,conservative_technology,False,low_indexed,adopted,cpi_indexed,on,adopted,off,0.2633633067,0.070435641,0.3660254484,0.2060962924,0.0940793115,0.1871869934,0.0537319971,0.5032495258,0.1861576845,0.0696737992,0.1236844325,0.0366351617,0.6568327718,0.1357258093,0.0471218247,0.704995406,-0.1165589642,-0.397454708,-0.2300538668,0.039072133,0.5191005489,0.1031497507,0.3249523975,-0.8463476673,-0.1008550298,-0.0908537192,0.0940884072,0.6832773493,-0.5595287418,-0.1269832956
conservative-technology--purchase-low-indexed--tax-adopted--index-cpi-indexed--gdp-on--electricity-north-reduction--ets2-adopted,scenarios/conservative-technology--purchase-low-indexed--tax-adopted--index-cpi-indexed--gdp-on--electricity-north-reduction--ets2-adopted.json,conservative_technology,False,low_indexed,adopted,cpi_indexed,on,north_reduction,adopted,0.2617420115,0.0700020309,0.3681042993,0.2064894076,0.0936622506,0.1654542928,0.0501420011,0.5230715358,0.1948950719,0.0664370983,0.1050652614,0.0331604221,0.6770376346,0.1409345314,0.0438021505,0.5428658877,-0.159919965,-0.1895696145,-0.1907423494,-0.0026339589,-1.6541695074,-0.2558498432,2.3071533971,0.0273910757,-0.4245251222,-1.9527708292,-0.2533855479,2.7037636221,-0.0386565336,-0.4589507115
conservative-technology--purchase-low-indexed--tax-adopted--index-cpi-indexed--gdp-on--electricity-north-reduction--ets2-high-market,scenarios/conservative-technology--purchase-low-indexed--tax-adopted--index-cpi-indexed--gdp-on--electricity-north-reduction--ets2-high-market.json,conservative_technology,False,low_indexed,adopted,cpi_indexed,on,north_reduction,high_market,0.2617420115,0.0700020309,0.3681042993,0.2064894076,0.0936622506,0.1484255638,0.0473077889,0.5383722023,0.2021627361,0.0637317089,0.0895968793,0.0301997038,0.6938791943,0.1455268061,0.0407974165,0.5428658877,-0.159919965,-0.1895696145,-0.1907423494,-0.0026339589,-3.3570424064,-0.5392710711,3.8372200422,0.7541574966,-0.6950640613,-3.4996090375,-0.5494573768,4.3879195924,0.4205709317,-0.7594241098
conservative-technology--purchase-low-indexed--tax-adopted--index-cpi-indexed--gdp-on--electricity-north-reduction--ets2-off,scenarios/conservative-technology--purchase-low-indexed--tax-adopted--index-cpi-indexed--gdp-on--electricity-north-reduction--ets2-off.json,conservative_technology,False,low_indexed,adopted,cpi_indexed,on,north_reduction,off,0.2617420115,0.0700020309,0.3681042993,0.2064894076,0.0936622506,0.1857524137,0.0533202012,0.5054378813,0.186229808,0.0692596957,0.1225583609,0.0363016208,0.6587849637,0.1355812936,0.0467737609,0.5428658877,-0.159919965,-0.1895696145,-0.1907423494,-0.0026339589,0.375642583,0.0619701641,0.5437879505,-0.8391353178,-0.1422653798,-0.2034608788,0.0607343188,0.8784965408,-0.5739803133,-0.1617896676
conservative-technology--purchase-low-indexed--tax-adopted--index-cpi-indexed--gdp-on--electricity-industrial--ets2-adopted,scenarios/conservative-technology--purchase-low-indexed--tax-adopted--index-cpi-indexed--gdp-on--electricity-industrial--ets2-adopted.json,conservative_technology,False,low_indexed,adopted,cpi_indexed,on,industrial,adopted,0.2570146311,0.0687377088,0.3742020123,0.2076080236,0.0924376241,0.1615834459,0.0489689158,0.5293489352,0.1948864425,0.0652122606,0.1021683161,0.0322460958,0.6824494391,0.1403254522,0.0428106968,0.0701278497,-0.2863521819,0.4202016868,-0.078880746,-0.1250966085,-2.0412542003,-0.3731583807,2.9348933414,0.0265281297,-0.5470088901,-2.242465361,-0.3448181759,3.2449440769,-0.099564461,-0.5580960791
conservative-technology--purchase-low-indexed--tax-adopted--index-cpi-indexed--gdp-on--electricity-industrial--ets2-high-market,scenarios/conservative-technology--purchase-low-indexed--tax-adopted--index-cpi-indexed--gdp-on--electricity-industrial--ets2-high-market.json,conservative_technology,False,low_indexed,adopted,cpi_indexed,on,industrial,high_market,0.2570146311,0.0687377088,0.3742020123,0.2076080236,0.0924376241,0.1448249477,0.0461601619,0.5445384023,0.2019750499,0.0625014382,0.087038591,0.029337402,0.6990384583,0.1447517793,0.0398337694,0.0701278497,-0.2863521819,0.4202016868,-0.078880746,-0.1250966085,-3.7171040161,-0.6540337721,4.4538400488,0.7353888754,-0.818091136,-3.7554378688,-0.6356875557,4.9038459955,0.3430682519,-0.8557888229
conservative-technology--purchase-low-indexed--tax-adopted--index-cpi-indexed--gdp-on--electricity-industrial--ets2-off,scenarios/conservative-technology--purchase-low-indexed--tax-adopted--index-cpi-indexed--gdp-on--electricity-industrial--ets2-off.json,conservative_technology,False,low_indexed,adopted,cpi_indexed,on,industrial,off,0.2570146311,0.0687377088,0.3742020123,0.2076080236,0.0924376241,0.1815893301,0.0521251887,0.5118251614,0.1864090531,0.0680512667,0.1193059132,0.0353382502,0.6644531277,0.1351390131,0.0457636959,0.0701278497,-0.2863521819,0.4202016868,-0.078880746,-0.1250966085,-0.0406657825,-0.0575310869,1.1825159608,-0.8212108089,-0.2631082824,-0.5287056467,-0.0356027417,1.4453129335,-0.6182083693,-0.2627961759
conservative-technology--purchase-low-indexed--tax-adopted--index-cpi-indexed--gdp-on--electricity-vat-reduced--ets2-adopted,scenarios/conservative-technology--purchase-low-indexed--tax-adopted--index-cpi-indexed--gdp-on--electricity-vat-reduced--ets2-adopted.json,conservative_technology,False,low_indexed,adopted,cpi_indexed,on,vat_reduced,adopted,0.2529323046,0.0676459041,0.3795116808,0.2085402613,0.0913698492,0.1582680245,0.0479641557,0.5347727969,0.1948396179,0.064155405,0.0997032725,0.0314680852,0.6870921108,0.1397748237,0.0419617077,-0.3381048019,-0.3955326476,0.9511685281,0.014343024,-0.2318741026,-2.3727963438,-0.4736343869,3.4772795113,0.0218456705,-0.6526944511,-2.4889697198,-0.4226192348,3.7092112495,-0.1546273021,-0.6429949927
conservative-technology--purchase-low-indexed--tax-adopted--index-cpi-indexed--gdp-on--electricity-vat-reduced--ets2-high-market,scenarios/conservative-technology--purchase-low-indexed--tax-adopted--index-cpi-indexed--gdp-on--electricity-vat-reduced--ets2-high-market.json,conservative_technology,False,low_indexed,adopted,cpi_indexed,on,vat_reduced,high_market,0.2529323046,0.0676459041,0.3795116808,0.2085402613,0.0913698492,0.141745164,0.0451785401,0.5498622154,0.2017724743,0.0614416062,0.0848649439,0.0286047482,0.7034615693,0.1440587735,0.039009965,-0.3381048019,-0.3955326476,0.9511685281,0.014343024,-0.2318741026,-4.0250823935,-0.7521959463,4.9862213584,0.7151313144,-0.9240743329,-3.9728025745,-0.7089529393,5.3461570991,0.2737676725,-0.9381692578
conservative-technology--purchase-low-indexed--tax-adopted--index-cpi-indexed--gdp-on--electricity-vat-reduced--ets2-off,scenarios/conservative-technology--purchase-low-indexed--tax-adopted--index-cpi-indexed--gdp-on--electricity-vat-reduced--ets2-off.json,conservative_technology,False,low_indexed,adopted,cpi_indexed,on,vat_reduced,off,0.2529323046,0.0676459041,0.3795116808,0.2085402613,0.0913698492,0.1780180817,0.0511000624,0.5173489228,0.1865263174,0.0670066157,0.1165340181,0.0345172186,0.6693195161,0.1347320198,0.0448972274,-0.3381048019,-0.3955326476,0.9511685281,0.014343024,-0.2318741026,-0.3977906231,-0.1600437164,1.7348920987,-0.8094843749,-0.3675733844,-0.8058951555,-0.1177058994,1.931951778,-0.6589077013,-0.3494430218
conservative-technology--purchase-low-indexed--tax-plus30--index-adopted--gdp-off--electricity-adopted--ets2-adopted,scenarios/conservative-technology--purchase-low-indexed--tax-plus30--index-adopted--gdp-off--electricity-adopted--ets2-adopted.json,conservative_technology,False,low_indexed,plus30,adopted,off,adopted,adopted,0.2318369765,0.0719007716,0.3857668511,0.2188600116,0.0916353891,0.1579973545,0.050150747,0.5282410387,0.1979510067,0.0656598532,0.1071207908,0.0334340838,0.6741845414,0.1409633541,0.0442972299,-2.4476376104,0.0299540979,1.5766855625,1.0463180564,-0.2053201064,-2.3998633427,-0.2549752577,2.8241036852,0.3329845505,-0.5022496353,-1.747217885,-0.2260193764,2.4184543044,-0.0357742675,-0.4094427755
conservative-technology--purchase-low-indexed--tax-plus30--index-adopted--gdp-off--electricity-adopted--ets2-high-market,scenarios/conservative-technology--purchase-low-indexed--tax-plus30--index-adopted--gdp-off--electricity-adopted--ets2-high-market.json,conservative_technology,False,low_indexed,plus30,adopted,off,adopted,high_market,0.2318369765,0.0719007716,0.3857668511,0.2188600116,0.0916353891,0.1422526295,0.04730842,0.5426694146,0.2047587556,0.0630107803,0.0912973523,0.0304712528,0.6912934388,0.1456711354,0.0412668207,-2.4476376104,0.0299540979,1.5766855625,1.0463180564,-0.2053201064,-3.9743358439,-0.5392079531,4.2669412748,1.0137594408,-0.7671569185,-3.3295617393,-0.5223024771,4.1293440432,0.4350038664,-0.7124836932
conservative-technology--purchase-low-indexed--tax-plus30--index-adopted--gdp-off--electricity-adopted--ets2-off,scenarios/conservative-technology--purchase-low-indexed--tax-plus30--index-adopted--gdp-off--electricity-adopted--ets2-off.json,conservative_technology,False,low_indexed,plus30,adopted,off,adopted,off,0.2318369765,0.0719007716,0.3857668511,0.2188600116,0.0916353891,0.1766479998,0.0533495982,0.5117041534,0.1898613544,0.0684368942,0.1250342589,0.0365699729,0.6556239883,0.1354817217,0.0472900582,-2.4476376104,0.0299540979,1.5766855625,1.0463180564,-0.2053201064,-0.5347988151,0.0649098646,1.170415157,-0.4759806727,-0.2245455338,0.0441289214,0.087569528,0.5623990009,-0.5839375078,-0.1101599424
conservative-technology--purchase-low-indexed--tax-plus30--index-adopted--gdp-off--electricity-north-reduction--ets2-adopted,scenarios/conservative-technology--purchase-low-indexed--tax-plus30--index-adopted--gdp-off--electricity-north-reduction--ets2-adopted.json,conservative_technology,False,low_indexed,plus30,adopted,off,north_reduction,adopted,0.2303218633,0.0714308818,0.3878590735,0.2191938217,0.0911943597,0.1567106384,0.0497423239,0.5303770971,0.1979319072,0.0652380335,0.1061086451,0.0331181772,0.6760540816,0.1407643417,0.0439547543,-2.5991489399,-0.0170348753,1.785907797,1.0796990625,-0.2494230442,-2.5285349497,-0.2958175695,3.037709523,0.3310746006,-0.5444316044,-1.8484324551,-0.2576100358,2.6054083272,-0.0556755039,-0.4436903324
conservative-technology--purchase-low-indexed--tax-plus30--index-adopted--gdp-off--electricity-north-reduction--ets2-high-market,scenarios/conservative-technology--purchase-low-indexed--tax-plus30--index-adopted--gdp-off--electricity-north-reduction--ets2-high-market.json,conservative_technology,False,low_indexed,plus30,adopted,off,north_reduction,high_market,0.2303218633,0.0714308818,0.3878590735,0.2191938217,0.0911943597,0.1410536048,0.046909665,0.5447685521,0.2046801838,0.0625879943,0.0904030519,0.0301727726,0.6930761951,0.1454145436,0.0409334368,-2.5991489399,-0.0170348753,1.785907797,1.0796990625,-0.2494230442,-4.0942383054,-0.5790834622,4.4768550279,1.0059022627,-0.809435523,-3.4189917774,-0.5521504982,4.3076196771,0.4093446834,-0.7458220849
conservative-technology--purchase-low-indexed--tax-plus30--index-adopted--gdp-off--electricity-north-reduction--ets2-off,scenarios/conservative-technology--purchase-low-indexed--tax-plus30--index-adopted--gdp-off--electricity-north-reduction--ets2-off.json,conservative_technology,False,low_indexed,plus30,adopted,off,north_reduction,off,0.2303218633,0.0714308818,0.3878590735,0.2191938217,0.0911943597,0.1752664188,0.0529323459,0.5138770482,0.1899048225,0.0680193645,0.1238986042,0.036237817,0.6575813796,0.135340422,0.0469417771,-2.5991489399,-0.0170348753,1.785907797,1.0796990625,-0.2494230442,-0.6729569066,0.0231846331,1.3877046374,-0.4716338656,-0.2662984983,-0.0694365481,0.0543539423,0.7581381261,-0.5980674731,-0.1449880472
conservative-technology--purchase-low-indexed--tax-plus30--index-adopted--gdp-off--electricity-industrial--ets2-adopted,scenarios/conservative-technology--purchase-low-indexed--tax-plus30--index-adopted--gdp-off--electricity-industrial--ets2-adopted.json,conservative_technology,False,low_indexed,plus30,adopted,off,industrial,adopted,0.2259096244,0.0700624919,0.3939909379,0.2201353666,0.0899015792,0.1529824758,0.0485589488,0.53660604,0.197843123,0.0640094124,0.1031883989,0.0322067225,0.68147933,0.1401634255,0.0429621231,-3.0403728293,-0.1538738669,2.3990942447,1.1738535519,-0.3787011003,-2.9013512067,-0.4141550812,3.6606038158,0.3221961863,-0.6672937142,-2.1404570754,-0.3487555134,3.1479331686,-0.1157671282,-0.5429534516
conservative-technology--purchase-low-indexed--tax-plus30--index-adopted--gdp-off--electricity-industrial--ets2-high-market,scenarios/conservative-technology--purchase-low-indexed--tax-plus30--index-adopted--gdp-off--electricity-industrial--ets2-high-market.json,conservative_technology,False,low_indexed,plus30,adopted,off,industrial,high_market,0.2259096244,0.0700624919,0.3939909379,0.2201353666,0.0899015792,0.1375827324,0.04575537,0.5508867664,0.2044172226,0.0613579087,0.0878256042,0.029312528,0.6982470633,0.1446464713,0.0399683332,-3.0403728293,-0.1538738669,2.3990942447,1.1738535519,-0.3787011003,-4.4413255485,-0.6945129565,5.0886764516,0.9796061391,-0.9324440857,-3.6767365438,-0.6381749638,4.8247064971,0.332537449,-0.8423324384
conservative-technology--purchase-low-indexed--tax-plus30--index-adopted--gdp-off--electricity-industrial--ets2-off,scenarios/conservative-technology--purchase-low-indexed--tax-plus30--index-adopted--gdp-off--electricity-industrial--ets2-off.json,conservative_technology,False,low_indexed,plus30,adopted,off,industrial,off,0.2259096244,0.0700624919,0.3939909379,0.2201353666,0.0899015792,0.1712591879,0.051722119,0.5202172105,0.1899997831,0.0668016995,0.1206182535,0.0352783813,0.6632648634,0.1349074995,0.0459310023,-3.0403728293,-0.1538738669,2.3990942447,1.1738535519,-0.3787011003,-1.0736799995,-0.0978380562,2.021720869,-0.4621378086,-0.3880650046,-0.3974716195,-0.0415896317,1.32648651,-0.6413597304,-0.2460655284
conservative-technology--purchase-low-indexed--tax-plus30--index-adopted--gdp-off--electricity-vat-reduced--ets2-adopted,scenarios/conservative-technology--purchase-low-indexed--tax-plus30--index-adopted--gdp-off--electricity-vat-reduced--ets2-adopted.json,conservative_technology,False,low_indexed,plus30,adopted,off,vat_reduced,adopted,0.222106086,0.0688828814,0.3993242355,0.2209097439,0.0887770533,0.1497912457,0.0475460041,0.5419861034,0.1977265696,0.0629500772,0.1007033332,0.0314310944,0.6861337259,0.1396197962,0.0421120503,-3.4207266673,-0.2718349223,2.9324240043,1.2512912779,-0.4911536925,-3.2204742187,-0.5154495458,4.1986101542,0.3105408393,-0.7732272289,-2.3889636473,-0.4263183235,3.6133727559,-0.1701300544,-0.6279607308
conservative-technology--purchase-low-indexed--tax-plus30--index-adopted--gdp-off--electricity-vat-reduced--ets2-high-market,scenarios/conservative-technology--purchase-low-indexed--tax-plus30--index-adopted--gdp-off--electricity-vat-reduced--ets2-high-market.json,conservative_technology,False,low_indexed,plus30,adopted,off,vat_reduced,high_market,0.222106086,0.0688828814,0.3993242355,0.2209097439,0.0887770533,0.1346155454,0.0447685838,0.5561675605,0.2041493931,0.0602989171,0.0856355364,0.0285815745,0.7026802597,0.1439594055,0.039143224,-3.4207266673,-0.2718349223,2.9324240043,1.2512912779,-0.4911536925,-4.7380442519,-0.7931915758,5.616755871,0.952823197,-1.0383432403,-3.895743332,-0.7112703061,5.268026132,0.2638308689,-0.9248433629
conservative-technology--purchase-low-indexed--tax-plus30--index-adopted--gdp-off--electricity-vat-reduced--ets2-off,scenarios/conservative-technology--purchase-low-indexed--tax-plus30--index-adopted--gdp-off--electricity-vat-reduced--ets2-off.json,conservative_technology,False,low_indexed,plus30,adopted,off,vat_reduced,off,0.222106086,0.0688828814,0.3993242355,0.2209097439,0.0887770533,0.1678240796,0.0506846793,0.525697853,0.1900434143,0.0657499739,0.1178223136,0.0344606258,0.6681446676,0.1345085616,0.0450638314,-3.4207266673,-0.2718349223,2.9324240043,1.2512912779,-0.4911536925,-1.4171908315,-0.2015820267,2.569785112,-0.4577746899,-0.4932375638,-0.6770656124,-0.1233651772,1.814466928,-0.6812535138,-0.3327826245
conservative-technology--purchase-low-indexed--tax-plus30--index-adopted--gdp-on--electricity-adopted--ets2-adopted,scenarios/conservative-technology--purchase-low-indexed--tax-plus30--index-adopted--gdp-on--electricity-adopted--ets2-adopted.json,conservative_technology,False,low_indexed,plus30,adopted,on,adopted,adopted,0.2302807363,0.0719024771,0.3867948543,0.2195345343,0.091487398,0.1526580486,0.0499545613,0.5327298863,0.1997559446,0.0649015592,0.0997535868,0.0330074155,0.6815642897,0.1425935407,0.0430811674,-2.6032616386,0.0301246503,1.6794858815,1.1137703257,-0.2201192189,-2.9337939253,-0.2745938324,3.2729884495,0.5134783441,-0.5780790359,-2.4839382898,-0.2686862128,3.1564291324,0.1272443955,-0.5310490253
conservative-technology--purchase-low-indexed--tax-plus30--index-adopted--gdp-on--electricity-adopted--ets2-high-market,scenarios/conservative-technology--purchase-low-indexed--tax-plus30--index-adopted--gdp-on--electricity-adopted--ets2-high-market.json,conservative_technology,False,low_indexed,plus30,adopted,on,adopted,high_market,0.2302807363,0.0719024771,0.3867948543,0.2195345343,0.091487398,0.1377310019,0.0471075665,0.5466169083,0.2062551361,0.0622893872,0.0855616788,0.0300839561,0.6973384808,0.1468306355,0.0401852488,-2.6032616386,0.0301246503,1.6794858815,1.1137703257,-0.2201192189,-4.4264985992,-0.5592933109,4.6616906502,1.163397496,-0.8392962361,-3.9031290878,-0.5610321491,4.7338482459,0.5509538747,-0.8206408836
conservative-technology--purchase-low-indexed--tax-plus30--index-adopted--gdp-on--electricity-adopted--ets2-off,scenarios/conservative-technology--purchase-low-indexed--tax-plus30--index-adopted--gdp-on--electricity-adopted--ets2-off.json,conservative_technology,False,low_indexed,plus30,adopted,on,adopted,off,0.2302807363,0.0719024771,0.3867948543,0.2195345343,0.091487398,0.1702768097,0.0531669501,0.5168633841,0.1920442003,0.0676486558,0.1156485085,0.0361098995,0.6646190053,0.1376770106,0.0459455762,-2.6032616386,0.0301246503,1.6794858815,1.1137703257,-0.2201192189,-1.1719178194,0.0466450508,1.6863382313,-0.2576960885,-0.3033693743,-0.8944461207,0.0415621859,1.4619006928,-0.3644086196,-0.2446081384
conservative-technology--purchase-low-indexed--tax-plus30--index-adopted--gdp-on--electricity-north-reduction--ets2-adopted,scenarios/conservative-technology--purchase-low-indexed--tax-plus30--index-adopted--gdp-on--electricity-north-reduction--ets2-adopted.json,conservative_technology,False,low_indexed,plus30,adopted,on,north_reduction,adopted,0.2287711841,0.071431137,0.388887489,0.2198649433,0.0910452465,0.1514019669,0.0495435314,0.5348556405,0.1997197221,0.0644791391,0.098796958,0.032690877,0.6833982506,0.1423719179,0.0427419965,-2.7542168554,-0.0170093575,1.8887493559,1.1468112261,-0.2643343691,-3.0594020989,-0.3156968156,3.4855638696,0.5098560896,-0.6203210448,-2.5796011691,-0.300340056,3.3398252275,0.1050821084,-0.5649661108
conservative-technology--purchase-low-indexed--tax-plus30--index-adopted--gdp-on--electricity-north-reduction--ets2-high-market,scenarios/conservative-technology--purchase-low-indexed--tax-plus30--index-adopted--gdp-on--electricity-north-reduction--ets2-high-market.json,conservative_technology,False,low_indexed,plus30,adopted,on,north_reduction,high_market,0.2287711841,0.071431137,0.388887489,0.2198649433,0.0910452465,0.1365598313,0.0467069958,0.548705875,0.2061605038,0.0618667942,0.0847134676,0.0297857204,0.6990904208,0.1465545379,0.0398558534,-2.7542168554,-0.0170093575,1.8887493559,1.1468112261,-0.2643343691,-4.543615664,-0.5993503775,4.8705873168,1.1539342603,-0.8815555356,-3.98795021,-0.5908557215,4.909042246,0.523344109,-0.8535804235
conservative-technology--purchase-low-indexed--tax-plus30--index-adopted--gdp-on--electricity-north-reduction--ets2-off,scenarios/conservative-technology--purchase-low-indexed--tax-plus30--index-adopted--gdp-on--electricity-north-reduction--ets2-off.json,conservative_technology,False,low_indexed,plus30,adopted,on,north_reduction,off,0.2287711841,0.071431137,0.388887489,0.2198649433,0.0910452465,0.1689287384,0.0527460305,0.5190261785,0.1920696124,0.0672294402,0.1145786488,0.0357758482,0.6665359732,0.1375100747,0.045599455,-2.7542168554,-0.0170093575,1.8887493559,1.1468112261,-0.2643343691,-1.3067249482,0.0045530954,1.9026176637,-0.255154874,-0.3452909368,-1.0014320862,0.0081570646,1.6535974899,-0.3811022114,-0.279220257
conservative-technology--purchase-low-indexed--tax-plus30--index-adopted--gdp-on--electricity-industrial--ets2-adopted,scenarios/conservative-technology--purchase-low-indexed--tax-plus30--index-adopted--gdp-on--electricity-industrial--ets2-adopted.json,conservative_technology,False,low_indexed,plus30,adopted,on,industrial,adopted,0.2243754308,0.0700586143,0.3950203019,0.2207963614,0.0897492916,0.1477635589,0.0483529288,0.5410535594,0.1995807832,0.0632491698,0.09603811,0.0317780032,0.6887190813,0.141705371,0.0417594346,-3.1937921852,-0.1542616331,2.5020306425,1.239953032,-0.3939298562,-3.4232429027,-0.4347570805,4.1053557595,0.4959622006,-0.743317977,-2.8554859725,-0.3916274435,3.8719082934,0.0384274231,-0.6632223006
conservative-technology--purchase-low-indexed--tax-plus30--index-adopted--gdp-on--electricity-industrial--ets2-high-market,scenarios/conservative-technology--purchase-low-indexed--tax-plus30--index-adopted--gdp-on--electricity-industrial--ets2-high-market.json,conservative_technology,False,low_indexed,plus30,adopted,on,industrial,high_market,0.2243754308,0.0700586143,0.3950203019,0.2207963614,0.0897492916,0.1331704065,0.0455477248,0.5547936365,0.2058506132,0.060637619,0.0822697528,0.0289264969,0.7041710671,0.1457299943,0.0389026889,-3.1937921852,-0.1542616331,2.5020306425,1.239953032,-0.3939298562,-4.882558139,-0.7152774742,5.4793634642,1.1229452022,-1.0044730532,-4.2323216854,-0.6767780741,5.4171068815,0.4408897548,-0.9488968767
conservative-technology--purchase-low-indexed--tax-plus30--index-adopted--gdp-on--electricity-industrial--ets2-off,scenarios/conservative-technology--purchase-low-indexed--tax-plus30--index-adopted--gdp-on--electricity-industrial--ets2-off.json,conservative_technology,False,low_indexed,plus30,adopted,on,industrial,off,0.2243754308,0.0700586143,0.3950203019,0.2207963614,0.0897492916,0.1650199202,0.0515255476,0.5253356785,0.1921115333,0.0660073204,0.1114899814,0.0348114478,0.672100479,0.1370025368,0.044595555,-3.1937921852,-0.1542616331,2.5020306425,1.239953032,-0.3939298562,-1.6976067697,-0.1174951996,2.5335676675,-0.2509627825,-0.4675029156,-1.3102988251,-0.0882829763,2.2100480656,-0.4318559991,-0.3796102652
conservative-technology--purchase-low-indexed--tax-plus30--index-adopted--gdp-on--electricity-vat-reduced--ets2-adopted,scenarios/conservative-technology--purchase-low-indexed--tax-plus30--index-adopted--gdp-on--electricity-vat-reduced--ets2-adopted.json,conservative_technology,False,low_indexed,plus30,adopted,on,vat_reduced,adopted,0.2205864526,0.06887555,0.4003541111,0.2215617437,0.0886221426,0.1446503367,0.0473341836,0.5464056682,0.1994206623,0.0621891492,0.0936918279,0.0310016431,0.6932825279,0.1411054358,0.0409185652,-3.5726900058,-0.2725680634,3.0354115639,1.3164912603,-0.506644755,-3.734565118,-0.5366315956,4.640566632,0.4799501168,-0.8493200353,-3.0901141744,-0.4692634543,4.3282529591,-0.0215660929,-0.7473092374
conservative-technology--purchase-low-indexed--tax-plus30--index-adopted--gdp-on--electricity-vat-reduced--ets2-high-market,scenarios/conservative-technology--purchase-low-indexed--tax-plus30--index-adopted--gdp-on--electricity-vat-reduced--ets2-high-market.json,conservative_technology,False,low_indexed,plus30,adopted,on,vat_reduced,high_market,0.2205864526,0.06887555,0.4003541111,0.2215617437,0.0886221426,0.1302738165,0.0445570161,0.5600471884,0.205542153,0.059579826,0.0801943764,0.0281967831,0.7085259344,0.1449946558,0.0380882502,-3.5726900058,-0.2725680634,3.0354115639,1.3164912603,-0.506644755,-5.1722171405,-0.8143483477,6.0047186579,1.0920991843,-1.110252354,-4.439859328,-0.7497494489,5.8525936107,0.3673559077,-1.0303407414
conservative-technology--purchase-low-indexed--tax-plus30--index-adopted--gdp-on--electricity-vat-reduced--ets2-off,scenarios/conservative-technology--purchase-low-indexed--tax-plus30--index-adopted--gdp-on--electricity-vat-reduced--ets2-off.json,conservative_technology,False,low_indexed,plus30,adopted,on,vat_reduced,off,0.2205864526,0.06887555,0.4003541111,0.2215617437,0.0886221426,0.1616706242,0.0504797689,0.530788399,0.1921089093,0.0649522985,0.1088593464,0.0339900627,0.6768762464,0.1365393444,0.0437350001,-3.5726900058,-0.2725680634,3.0354115639,1.3164912603,-0.506644755,-2.0325363653,-0.2220730638,3.0788397182,-0.251225191,-0.5730050981,-1.5733623305,-0.1704214911,2.6876248073,-0.4781752323,-0.4656657534
conservative-technology--purchase-low-indexed--tax-plus30--index-cpi-indexed--gdp-off--electricity-adopted--ets2-adopted,scenarios/conservative-technology--purchase-low-indexed--tax-plus30--index-cpi-indexed--gdp-off--electricity-adopted--ets2-adopted.json,conservative_technology,False,low_indexed,plus30,cpi_indexed,off,adopted,adopted,0.2411765004,0.0706521416,0.3801816112,0.2156441445,0.0923456024,0.1548171048,0.0502000159,0.5308307166,0.1989171085,0.0652350541,0.1012643417,0.0332079509,0.6799782951,0.1421954362,0.0433539762,-1.5136852295,-0.0949089046,1.0181615742,0.7247313412,-0.1342987813,-2.7178883063,-0.250048363,3.0830714797,0.4295947365,-0.5447295469,-2.3328628036,-0.2486326724,2.9978296738,0.0874339414,-0.5037681392
conservative-technology--purchase-low-indexed--tax-plus30--index-cpi-indexed--gdp-off--electricity-adopted--ets2-high-market,scenarios/conservative-technology--purchase-low-indexed--tax-plus30--index-cpi-indexed--gdp-off--electricity-adopted--ets2-high-market.json,conservative_technology,False,low_indexed,plus30,cpi_indexed,off,adopted,high_market,0.2411765004,0.0706521416,0.3801816112,0.2156441445,0.0923456024,0.139564622,0.0473310799,0.544946229,0.20555225,0.0626058192,0.0867449771,0.0302536726,0.6960354961,0.1465383926,0.0404274616,-1.5136852295,-0.0949089046,1.0181615742,0.7247313412,-0.1342987813,-4.2431365899,-0.5369419724,4.4946227125,1.093108884,-0.8076530341,-3.7847992559,-0.5440604975,4.6035497721,0.5217295803,-0.7964195991
conservative-technology--purchase-low-indexed--tax-plus30--index-cpi-indexed--gdp-off--electricity-adopted--ets2-off,scenarios/conservative-technology--purchase-low-indexed--tax-plus30--index-cpi-indexed--gdp-off--electricity-adopted--ets2-off.json,conservative_technology,False,low_indexed,plus30,cpi_indexed,off,adopted,off,0.2411765004,0.0706521416,0.3801816112,0.2156441445,0.0923456024,0.1728444502,0.0534376648,0.5146816437,0.1910395255,0.0679967158,0.117560615,0.0363457706,0.6626924572,0.1371530092,0.0462481481,-1.5136852295,-0.0949089046,1.0181615742,0.7247313412,-0.1342987813,-0.9151537704,0.0737165185,1.4681641855,-0.358163562,-0.2685633716,-0.7032354707,0.0651492983,1.269245883,-0.4168087563,-0.2143509543
conservative-technology--purchase-low-indexed--tax-plus30--index-cpi-indexed--gdp-off--electricity-north-reduction--ets2-adopted,scenarios/conservative-technology--purchase-low-indexed--tax-plus30--index-cpi-indexed--gdp-off--electricity-north-reduction--ets2-adopted.json,conservative_technology,False,low_indexed,plus30,cpi_indexed,off,north_reduction,adopted,0.2396254014,0.0701977504,0.3822704552,0.2159956298,0.0919107632,0.1535489229,0.0497888033,0.5329610439,0.1988883754,0.0648128544,0.1002963985,0.0328905301,0.6818201281,0.1419789247,0.0430140187,-1.6687951274,-0.1403480185,1.2270459684,0.759879877,-0.1777826995,-2.8447064991,-0.2911696287,3.2961042113,0.426721426,-0.5869495095,-2.4296571188,-0.2803747527,3.1820129763,0.0657827896,-0.5377638944
conservative-technology--purchase-low-indexed--tax-plus30--index-cpi-indexed--gdp-off--electricity-north-reduction--ets2-high-market,scenarios/conservative-technology--purchase-low-indexed--tax-plus30--index-cpi-indexed--gdp-off--electricity-north-reduction--ets2-high-market.json,conservative_technology,False,low_indexed,plus30,cpi_indexed,off,north_reduction,high_market,0.2396254014,0.0701977504,0.3822704552,0.2159956298,0.0919107632,0.138382387,0.046930144,0.5470396926,0.2054646624,0.0621831139,0.0858873163,0.02995455,0.697794259,0.146266729,0.0400971457,-1.6687951274,-0.1403480185,1.2270459684,0.759879877,-0.1777826995,-4.3613600863,-0.5770355554,4.703969077,1.0843501287,-0.849923564,-3.8705653358,-0.5739727643,4.7794260677,0.4945632217,-0.8294511893
conservative-technology--purchase-low-indexed--tax-plus30--index-cpi-indexed--gdp-off--electricity-north-reduction--ets2-off,scenarios/conservative-technology--purchase-low-indexed--tax-plus30--index-cpi-indexed--gdp-off--electricity-north-reduction--ets2-off.json,conservative_technology,False,low_indexed,plus30,cpi_indexed,off,north_reduction,off,0.2396254014,0.0701977504,0.3822704552,0.2159956298,0.0919107632,0.171483238,0.0530168239,0.51684895,0.1910728127,0.0675781755,0.1164774319,0.036010887,0.6646183704,0.1369918429,0.0459014678,-1.6687951274,-0.1403480185,1.2270459684,0.759879877,-0.1777826995,-1.0512749936,0.0316324349,1.6848948118,-0.35483485,-0.3104174032,-0.8115537791,0.0316609367,1.461837208,-0.4329253882,-0.2490189775
conservative-technology--purchase-low-indexed--tax-plus30--index-cpi-indexed--gdp-off--electricity-industrial--ets2-adopted,scenarios/conservative-technology--purchase-low-indexed--tax-plus30--index-cpi-indexed--gdp-off--electricity-industrial--ets2-adopted.json,conservative_technology,False,low_indexed,plus30,cpi_indexed,off,industrial,adopted,0.2351068199,0.0688740416,0.3883938184,0.2169897815,0.0906355386,0.1498750288,0.0485975296,0.5391727098,0.1987713786,0.0635833532,0.0975046473,0.0319750219,0.6871640456,0.1413272161,0.0420290691,-2.1206532747,-0.2727188993,1.839382294,0.859295039,-0.305305159,-3.2120959109,-0.4102969974,3.9172708012,0.4150217405,-0.7098996334,-2.7088322353,-0.3719255731,3.7164047307,0.0006119343,-0.6362588567
conservative-technology--purchase-low-indexed--tax-plus30--index-cpi-indexed--gdp-off--electricity-industrial--ets2-high-market,scenarios/conservative-technology--purchase-low-indexed--tax-plus30--index-cpi-indexed--gdp-off--electricity-industrial--ets2-high-market.json,conservative_technology,False,low_indexed,plus30,cpi_indexed,off,industrial,high_market,0.2351068199,0.0688740416,0.3883938184,0.2169897815,0.0906355386,0.1349605821,0.0457696943,0.5531409015,0.2051753619,0.0609534602,0.0834161747,0.0290927005,0.7028948694,0.1454550254,0.0391412301,-2.1206532747,-0.2727188993,1.839382294,0.859295039,-0.305305159,-4.7035405828,-0.6930805256,5.314089965,1.0554200762,-0.9728889327,-4.1176795029,-0.6601577096,5.2894871053,0.413392864,-0.9250427568
conservative-technology--purchase-low-indexed--tax-plus30--index-cpi-indexed--gdp-off--electricity-industrial--ets2-off,scenarios/conservative-technology--purchase-low-indexed--tax-plus30--index-cpi-indexed--gdp-off--electricity-industrial--ets2-off.json,conservative_technology,False,low_indexed,plus30,cpi_indexed,off,industrial,off,0.2351068199,0.0688740416,0.3883938184,0.2169897815,0.0906355386,0.1675357828,0.0517964041,0.5231721173,0.1911378712,0.0663578246,0.1133499359,0.0350439709,0.6702091825,0.1365010979,0.0448958129,-2.1206532747,-0.2727188993,1.839382294,0.859295039,-0.305305159,-1.4460205106,-0.0904095432,2.3172115454,-0.3483289949,-0.4324524967,-1.1243033798,-0.0650306741,2.0209184141,-0.4819998886,-0.3495844716
conservative-technology--purchase-low-indexed--tax-plus30--index-cpi-indexed--gdp-off--electricity-vat-reduced--ets2-adopted,scenarios/conservative-technology--purchase-low-indexed--tax-plus30--index-cpi-indexed--gdp-off--electricity-vat-reduced--ets2-adopted.json,conservative_technology,False,low_indexed,plus30,cpi_indexed,off,vat_reduced,adopted,0.2312097522,0.0677324039,0.393721409,0.2178108596,0.0895255753,0.1467309248,0.0475780423,0.5445371801,0.1986303238,0.062523529,0.0951300607,0.0311963158,0.6917475823,0.1407400133,0.0411860278,-2.5103600439,-0.3868826665,2.3721413492,0.9414028488,-0.4163014876,-3.5265063053,-0.5122457248,4.4537178251,0.4009162617,-0.8158820566,-2.9462908958,-0.4497961779,4.1747584017,-0.0581083453,-0.7205629827
conservative-technology--purchase-low-indexed--tax-plus30--index-cpi-indexed--gdp-off--electricity-vat-reduced--ets2-high-market,scenarios/conservative-technology--purchase-low-indexed--tax-plus30--index-cpi-indexed--gdp-off--electricity-vat-reduced--ets2-high-market.json,conservative_technology,False,low_indexed,plus30,cpi_indexed,off,vat_reduced,high_market,0.2312097522,0.0677324039,0.393721409,0.2178108596,0.0895255753,0.1320358939,0.0447778337,0.5584064631,0.2048847344,0.0598950748,0.0813172673,0.0283606736,0.7072670552,0.1447306664,0.0383243374,-2.5103600439,-0.3868826665,2.3721413492,0.9414028488,-0.4163014876,-4.9960093967,-0.7922665843,5.8406461303,1.0263573219,-1.0787274712,-4.3275702352,-0.7333603977,5.7267056886,0.3409569643,-1.0067320201
conservative-technology--purchase-low-indexed--tax-plus30--index-cpi-indexed--gdp-off--electricity-vat-reduced--ets2-off,scenarios/conservative-technology--purchase-low-indexed--tax-plus30--index-cpi-indexed--gdp-off--electricity-vat-reduced--ets2-off.json,conservative_technology,False,low_indexed,plus30,cpi_indexed,off,vat_reduced,off,0.2312097522,0.0677324039,0.393721409,0.2178108596,0.0895255753,0.1641527453,0.0507504832,0.5286372493,0.1911554309,0.0653040913,0.1106858007,0.0342203103,0.6750079262,0.1360523671,0.0440335958,-2.5103600439,-0.3868826665,2.3721413492,0.9414028488,-0.4163014876,-1.7843242607,-0.1950016338,2.8637247441,-0.3465730257,-0.5378258238,-1.3907168987,-0.1473967339,2.5007927872,-0.5268729709,-0.4358061838
conservative-technology--purchase-low-indexed--tax-plus30--index-cpi-indexed--gdp-on--electricity-adopted--ets2-adopted,scenarios/conservative-technology--purchase-low-indexed--tax-plus30--index-cpi-indexed--gdp-on--electricity-adopted--ets2-adopted.json,conservative_technology,False,low_indexed,plus30,cpi_indexed,on,adopted,adopted,0.2396706458,0.0706524279,0.3811633289,0.2163004394,0.092213158,0.1494025672,0.0499893018,0.5354205623,0.2007411963,0.0644463724,0.0936610683,0.0327043951,0.6877656038,0.1438438966,0.0420250362,-1.6642706846,-0.0948802656,1.1163333408,0.7903608332,-0.1475432238,-3.2593420712,-0.2711197812,3.5420560499,0.6120035146,-0.623597712,-3.0931901435,-0.2989882505,3.776560547,0.2522799852,-0.6366621383
conservative-technology--purchase-low-indexed--tax-plus30--index-cpi-indexed--gdp-on--electricity-adopted--ets2-high-market,scenarios/conservative-technology--purchase-low-indexed--tax-plus30--index-cpi-indexed--gdp-on--electricity-adopted--ets2-high-market.json,conservative_technology,False,low_indexed,plus30,cpi_indexed,on,adopted,high_market,0.2396706458,0.0706524279,0.3811633289,0.2163004394,0.092213158,0.1349700299,0.0471183235,0.5489898602,0.2070649349,0.0618568514,0.080775115,0.0298056193,0.7024649619,0.1477077053,0.0392465985,-1.6642706846,-0.0948802656,1.1163333408,0.7903608332,-0.1475432238,-4.7025958023,-0.5582176052,4.8989858395,1.2443773769,-0.8825498088,-4.3817854688,-0.5888658334,5.2464963587,0.6386608532,-0.9145059096
conservative-technology--purchase-low-indexed--tax-plus30--index-cpi-indexed--gdp-on--electricity-adopted--ets2-off,scenarios/conservative-technology--purchase-low-indexed--tax-plus30--index-cpi-indexed--gdp-on--electricity-adopted--ets2-off.json,conservative_technology,False,low_indexed,plus30,cpi_indexed,on,adopted,off,0.2396706458,0.0706524279,0.3811633289,0.2163004394,0.092213158,0.1663983586,0.0532366892,0.5199459871,0.1932444807,0.0671744845,0.107961498,0.0357871521,0.6721034641,0.1393730089,0.0447748769,-1.6642706846,-0.0948802656,1.1163333408,0.7903608332,-0.1475432238,-1.5597629325,0.0536189596,1.9945985229,-0.1376680499,-0.3507865001,-1.6631471715,0.0092874516,2.2103465785,-0.1948087916,-0.361678067
conservative-technology--purchase-low-indexed--tax-plus30--index-cpi-indexed--gdp-on--electricity-north-reduction--ets2-adopted,scenarios/conservative-technology--purchase-low-indexed--tax-plus30--index-cpi-indexed--gdp-on--electricity-north-reduction--ets2-adopted.json,conservative_technology,False,low_indexed,plus30,cpi_indexed,on,north_reduction,adopted,0.2381246413,0.0701966818,0.3832526855,0.2166488182,0.0917771733,0.1481658744,0.049575511,0.5375401211,0.2006947751,0.0640237185,0.0927517434,0.0323868787,0.6895690877,0.1436031094,0.0416891807,-1.8188711388,-0.1404548808,1.3252690035,0.8251987099,-0.1911416938,-3.3830113523,-0.3124988628,3.7540119271,0.6073613934,-0.6658631054,-3.1841226316,-0.3307398851,3.9569089384,0.228201267,-0.6702476887
conservative-technology--purchase-low-indexed--tax-plus30--index-cpi-indexed--gdp-on--electricity-north-reduction--ets2-high-market,scenarios/conservative-technology--purchase-low-indexed--tax-plus30--index-cpi-indexed--gdp-on--electricity-north-reduction--ets2-high-market.json,conservative_technology,False,low_indexed,plus30,cpi_indexed,on,north_reduction,high_market,0.2381246413,0.0701966818,0.3832526855,0.2166488182,0.0917771733,0.1338164175,0.046715595,0.5510727356,0.2069607764,0.0614344755,0.0799662966,0.0295071692,0.7041904565,0.1474151028,0.0389209749,-1.8188711388,-0.1404548808,1.3252690035,0.8251987099,-0.1911416938,-4.8179570413,-0.5984904583,5.1072733801,1.2339615267,-0.9247874072,-4.4626673115,-0.6187108346,5.4190458167,0.6094005983,-0.9470682688
conservative-technology--purchase-low-indexed--tax-plus30--index-cpi-indexed--gdp-on--electricity-north-reduction--ets2-off,scenarios/conservative-technology--purchase-low-indexed--tax-plus30--index-cpi-indexed--gdp-on--electricity-north-reduction--ets2-off.json,conservative_technology,False,low_indexed,plus30,cpi_indexed,on,north_reduction,off,0.2381246413,0.0701966818,0.3832526855,0.2166488182,0.0917771733,0.1650716208,0.0528122191,0.5221026634,0.1932590794,0.0667544173,0.106947584,0.0354510592,0.6739858044,0.1391842784,0.044431274,-1.8188711388,-0.1404548808,1.3252690035,0.8251987099,-0.1911416938,-1.6924367072,0.0111719513,2.2102661532,-0.136208179,-0.3927932183,-1.7645385695,-0.0243218392,2.3985806048,-0.213681839,-0.3960383571
conservative-technology--purchase-low-indexed--tax-plus30--index-cpi-indexed--gdp-on--electricity-industrial--ets2-adopted,scenarios/conservative-technology--purchase-low-indexed--tax-plus30--index-cpi-indexed--gdp-on--electricity-industrial--ets2-adopted.json,conservative_technology,False,low_indexed,plus30,cpi_indexed,on,industrial,adopted,0.233621186,0.0688691097,0.3893773009,0.2176337043,0.0904986991,0.1445842039,0.0483771031,0.5437193995,0.2005259905,0.0627933029,0.0901302902,0.0314715247,0.6948005573,0.1428809983,0.0407166297,-2.2692166681,-0.2732120858,1.9377305428,0.923687318,-0.3189891069,-3.7411783973,-0.4323396449,4.3719397629,0.5904829366,-0.7889046573,-3.4462679533,-0.4222752939,4.4800558929,0.155990149,-0.7675027946
conservative-technology--purchase-low-indexed--tax-plus30--index-cpi-indexed--gdp-on--electricity-industrial--ets2-high-market,scenarios/conservative-technology--purchase-low-indexed--tax-plus30--index-cpi-indexed--gdp-on--electricity-industrial--ets2-high-market.json,conservative_technology,False,low_indexed,plus30,cpi_indexed,on,industrial,high_market,0.233621186,0.0688691097,0.3893773009,0.2176337043,0.0904986991,0.1304782808,0.0455502444,0.557142266,0.2066230729,0.060206136,0.0776367984,0.0286475959,0.7091937294,0.1465428245,0.0379790518,-2.2692166681,-0.2732120858,1.9377305428,0.923687318,-0.3189891069,-5.1517707123,-0.7150255184,5.7142264134,1.2001911739,-1.0476213565,-4.695617132,-0.7046681701,5.9193731117,0.522172769,-1.0412605785
conservative-technology--purchase-low-indexed--tax-plus30--index-cpi-indexed--gdp-on--electricity-industrial--ets2-off,scenarios/conservative-technology--purchase-low-indexed--tax-plus30--index-cpi-indexed--gdp-on--electricity-industrial--ets2-off.json,conservative_technology,False,low_indexed,plus30,cpi_indexed,on,industrial,off,0.233621186,0.0688691097,0.3893773009,0.2176337043,0.0904986991,0.1612253648,0.0515816665,0.5283936143,0.1932692687,0.0655300857,0.104021721,0.0344811921,0.6794485204,0.1386133893,0.0434351771,-2.2692166681,-0.2732120858,1.9377305428,0.923687318,-0.3189891069,-2.0770623088,-0.1118833107,2.83936125,-0.1351892484,-0.5152263822,-2.0571248713,-0.1213085492,2.9448522115,-0.2707707418,-0.4956480492
conservative-technology--purchase-low-indexed--tax-plus30--index-cpi-indexed--gdp-on--electricity-vat-reduced--ets2-adopted,scenarios/conservative-technology--purchase-low-indexed--tax-plus30--index-cpi-indexed--gdp-on--electricity-vat-reduced--ets2-adopted.json,conservative_technology,False,low_indexed,plus30,cpi_indexed,on,vat_reduced,adopted,0.2297375065,0.0677242412,0.3947056788,0.218446534,0.0893860395,0.141520212,0.0473519078,0.5490547267,0.2003399763,0.0617331773,0.0879020024,0.0306934554,0.6992862662,0.1422334684,0.0398848076,-2.6575846127,-0.3876989397,2.4705683345,1.0049702905,-0.4302550725,-4.0475775921,-0.5348591805,4.9054724901,0.5718815093,-0.8949172269,-3.6690967238,-0.5000822236,4.928626786,0.0912371664,-0.8506850051
conservative-technology--purchase-low-indexed--tax-plus30--index-cpi-indexed--gdp-on--electricity-vat-reduced--ets2-high-market,scenarios/conservative-technology--purchase-low-indexed--tax-plus30--index-cpi-indexed--gdp-on--electricity-vat-reduced--ets2-high-market.json,conservative_technology,False,low_indexed,plus30,cpi_indexed,on,vat_reduced,high_market,0.2297375065,0.0677242412,0.3947056788,0.218446534,0.0893860395,0.1276260824,0.0445545359,0.5623795167,0.2062905598,0.0591493052,0.0756592745,0.0279178993,0.7134814829,0.1457667391,0.0371746042,-2.6575846127,-0.3876989397,2.4705683345,1.0049702905,-0.4302550725,-5.4369905469,-0.8145963672,6.2379514884,1.1669398596,-1.1533044339,-4.8933695175,-0.7776378256,6.3481484542,0.4445642334,-1.1217053445
conservative-technology--purchase-low-indexed--tax-plus30--index-cpi-indexed--gdp-on--electricity-vat-reduced--ets2-off,scenarios/conservative-technology--purchase-low-indexed--tax-plus30--index-cpi-indexed--gdp-on--electricity-vat-reduced--ets2-off.json,conservative_technology,False,low_indexed,plus30,cpi_indexed,on,vat_reduced,off,0.2297375065,0.0677242412,0.3947056788,0.218446534,0.0893860395,0.1579305131,0.0505275275,0.5338294708,0.1932390113,0.0644734772,0.1015312682,0.0336556551,0.684135434,0.138095741,0.0425819017,-2.6575846127,-0.3876989397,2.4705683345,1.0049702905,-0.4302550725,-2.4065474783,-0.2172972084,3.3829468994,-0.1382149851,-0.6208872276,-2.3061701457,-0.2038622492,3.413543566,-0.3225355776,-0.5809755935
conservative-technology--purchase-legacy-indexed--tax-adopted--index-adopted--gdp-off--electricity-adopted--ets2-adopted,scenarios/conservative-technology--purchase-legacy-indexed--tax-adopted--index-adopted--gdp-off--electricity-adopted--ets2-adopted.json,conservative_technology,False,legacy_indexed,adopted,adopted,off,adopted,adopted,0.2563133527,0.0716012306,0.3699999955,0.2083968311,0.0936885902,0.1673544619,0.0484607592,0.5292850676,0.1899037369,0.0649959744,0.1125265368,0.0322374003,0.6760942767,0.1354367067,0.0437050795,0.0,0.0,0.0,0.0,0.0,-1.4641526041,-0.4239740369,2.9285065784,-0.4717424234,-0.568637514,-1.2066432886,-0.3456877271,2.6094278412,-0.5884390108,-0.4686578146
conservative-technology--purchase-legacy-indexed--tax-adopted--index-adopted--gdp-off--electricity-adopted--ets2-high-market,scenarios/conservative-technology--purchase-legacy-indexed--tax-adopted--index-adopted--gdp-off--electricity-adopted--ets2-high-market.json,conservative_technology,False,legacy_indexed,adopted,adopted,off,adopted,high_market,0.2563133527,0.0716012306,0.3699999955,0.2083968311,0.0936885902,0.1494954073,0.0457130011,0.5452549826,0.1972657218,0.0622708872,0.0948204436,0.0293433111,0.6947711958,0.1404928138,0.0405722358,0.0,0.0,0.0,0.0,0.0,-3.2500580561,-0.6987498466,4.5254980771,0.264456059,-0.8411462334,-2.9772526088,-0.6350966471,4.4771197436,-0.082828301,-0.7819421867
conservative-technology--purchase-legacy-indexed--tax-adopted--index-adopted--gdp-off--electricity-adopted--ets2-off,scenarios/conservative-technology--purchase-legacy-indexed--tax-adopted--index-adopted--gdp-off--electricity-adopted--ets2-off.json,conservative_technology,False,legacy_indexed,adopted,adopted,off,adopted,off,0.2563133527,0.0716012306,0.3699999955,0.2083968311,0.0936885902,0.1888003371,0.051529621,0.5107613222,0.181070901,0.0678378187,0.1329603463,0.0352896589,0.6554780963,0.1294666283,0.0468052701,0.0,0.0,0.0,0.0,0.0,0.6804349161,-0.1170878604,1.0761320407,-1.3550260126,-0.2844530838,0.8367376663,-0.0404618669,0.5478097969,-1.185446848,-0.1586387483
conservative-technology--purchase-legacy-indexed--tax-adopted--index-adopted--gdp-off--electricity-north-reduction--ets2-adopted,scenarios/conservative-technology--purchase-legacy-indexed--tax-adopted--index-adopted--gdp-off--electricity-north-reduction--ets2-adopted.json,conservative_technology,False,legacy_indexed,adopted,adopted,off,north_reduction,adopted,0.2547167098,0.0711552078,0.3720827182,0.2087789675,0.0932663966,0.1660062185,0.048070349,0.5314371005,0.1899022026,0.0645841294,0.1114702765,0.0319347954,0.6779710927,0.1352539446,0.0433698908,-0.1596642865,-0.044602278,0.2082722737,0.0382136454,-0.0422193546,-1.5989769389,-0.4630150613,3.1437098714,-0.4718958554,-0.6098220158,-1.3122693216,-0.3759482221,2.7971094341,-0.6067152123,-0.5021766781
conservative-technology--purchase-legacy-indexed--tax-adopted--index-adopted--gdp-off--electricity-north-reduction--ets2-high-market,scenarios/conservative-technology--purchase-legacy-indexed--tax-adopted--index-adopted--gdp-off--electricity-north-reduction--ets2-high-market.json,conservative_technology,False,legacy_indexed,adopted,adopted,off,north_reduction,high_market,0.2547167098,0.0711552078,0.3720827182,0.2087789675,0.0932663966,0.1482443738,0.0453304576,0.5473662814,0.1972020498,0.0618568374,0.0938947153,0.0290568335,0.6965527192,0.1402499475,0.0402457844,-0.1596642865,-0.044602278,0.2082722737,0.0382136454,-0.0422193546,-3.3751614098,-0.7370041974,4.7366279583,0.2580888617,-0.8825512128,-3.069825436,-0.6637444066,4.6552720905,-0.1071149282,-0.8145873196
conservative-technology--purchase-legacy-indexed--tax-adopted--index-adopted--gdp-off--electricity-north-reduction--ets2-off,scenarios/conservative-technology--purchase-legacy-indexed--tax-adopted--index-adopted--gdp-off--electricity-north-reduction--ets2-off.json,conservative_technology,False,legacy_indexed,adopted,adopted,off,north_reduction,off,0.2547167098,0.0711552078,0.3720827182,0.2087789675,0.0932663966,0.1873466897,0.0511328743,0.5129536487,0.1811345728,0.0674322145,0.1317656978,0.0349725814,0.6574522182,0.12934436,0.0464651426,-0.1596642865,-0.044602278,0.2082722737,0.0382136454,-0.0422193546,0.5350701782,-0.156762524,1.2953646818,-1.3486588386,-0.3250134975,0.7172728144,-0.0721696204,0.7452219831,-1.1976736732,-0.1926515038
conservative-technology--purchase-legacy-indexed--tax-adopted--index-adopted--gdp-off--electricity-industrial--ets2-adopted,scenarios/conservative-technology--purchase-legacy-indexed--tax-adopted--index-adopted--gdp-off--electricity-industrial--ets2-adopted.json,conservative_technology,False,legacy_indexed,adopted,adopted,off,industrial,adopted,0.2500623354,0.0698550066,0.3781907723,0.2098647684,0.0920271173,0.1620986355,0.0469388319,0.5377125054,0.1898658897,0.0633841376,0.1084222028,0.0310615616,0.6834169859,0.134701066,0.0423981836,-0.6251017261,-0.1746224002,0.8190776784,0.1467937335,-0.1661472856,-1.9897352367,-0.5761667728,3.7712503547,-0.4755271491,-0.7298211962,-1.6170766844,-0.4632715972,3.3416987585,-0.6620030747,-0.5993474022
conservative-technology--purchase-legacy-indexed--tax-adopted--index-adopted--gdp-off--electricity-industrial--ets2-high-market,scenarios/conservative-technology--purchase-legacy-indexed--tax-adopted--index-adopted--gdp-off--electricity-industrial--ets2-high-market.json,conservative_technology,False,legacy_indexed,adopted,adopted,off,industrial,high_market,0.2500623354,0.0698550066,0.3781907723,0.2098647684,0.0920271173,0.1446222005,0.0442228623,0.5535194422,0.1969836201,0.0606518749,0.0912264491,0.0282311069,0.7017192814,0.1395225074,0.0393006552,-0.6251017261,-0.1746224002,0.8190776784,0.1467937335,-0.1661472856,-3.7373787392,-0.8477637282,5.3519440361,0.2362458905,-1.0030474592,-3.3366520614,-0.7463170712,5.1719283043,-0.1798589342,-0.9091002375
conservative-technology--purchase-legacy-indexed--tax-adopted--index-adopted--gdp-off--electricity-industrial--ets2-off,scenarios/conservative-technology--purchase-legacy-indexed--tax-adopted--index-adopted--gdp-off--electricity-industrial--ets2-off.json,conservative_technology,False,legacy_indexed,adopted,adopted,off,industrial,off,0.2500623354,0.0698550066,0.3781907723,0.2098647684,0.0920271173,0.1831287257,0.0499816577,0.5193509165,0.1812899566,0.0662487435,0.1283139389,0.0340564331,0.6631842383,0.128967687,0.0454777027,-0.6251017261,-0.1746224002,0.8190776784,0.1467937335,-0.1661472856,0.113273777,-0.2718841865,1.9350914682,-1.3331204593,-0.4433605994,0.3720969212,-0.1637844504,1.3184239922,-1.2353409719,-0.2913954911
conservative-technology--purchase-legacy-indexed--tax-adopted--index-adopted--gdp-off--electricity-vat-reduced--ets2-adopted,scenarios/conservative-technology--purchase-legacy-indexed--tax-adopted--index-adopted--gdp-off--electricity-vat-reduced--ets2-adopted.json,conservative_technology,False,legacy_indexed,adopted,adopted,off,vat_reduced,adopted,0.2460444059,0.0687325965,0.3835082192,0.2107677087,0.0909470696,0.1587524618,0.0459698818,0.5431325299,0.1897961434,0.0623489831,0.1058277121,0.0303182735,0.6880885195,0.134199698,0.0415657969,-1.0268946721,-0.2868634094,1.3508223701,0.2370877655,-0.274152054,-2.3243526092,-0.6730617807,4.3132528038,-0.4825017715,-0.8333366425,-1.8765257603,-0.5376004085,3.8088521173,-0.7121398762,-0.6825860724
conservative-technology--purchase-legacy-indexed--tax-adopted--index-adopted--gdp-off--electricity-vat-reduced--ets2-high-market,scenarios/conservative-technology--purchase-legacy-indexed--tax-adopted--index-adopted--gdp-off--electricity-vat-reduced--ets2-high-market.json,conservative_technology,False,legacy_indexed,adopted,adopted,off,vat_reduced,high_market,0.2460444059,0.0687325965,0.3835082192,0.2107677087,0.0909470696,0.1415247843,0.0432757282,0.558829782,0.196755543,0.0596141624,0.0889589281,0.0275293956,0.7061479075,0.1388712578,0.0384925109,-1.0268946721,-0.2868634094,1.3508223701,0.2370877655,-0.274152054,-4.0471203619,-0.9424771338,5.8829780205,0.2134381829,-1.1068187078,-3.5634041538,-0.8164881961,5.6147909195,-0.2449839012,-0.9899146684
conservative-technology--purchase-legacy-indexed--tax-adopted--index-adopted--gdp-off--electricity-vat-reduced--ets2-off,scenarios/conservative-technology--purchase-legacy-indexed--tax-adopted--index-adopted--gdp-off--electricity-vat-reduced--ets2-off.json,conservative_technology,False,legacy_indexed,adopted,adopted,off,vat_reduced,off,0.2460444059,0.0687325965,0.3835082192,0.2107677087,0.0909470696,0.1795109418,0.0489942494,0.5248813844,0.1813875699,0.0652258545,0.1253707155,0.0332752577,0.6681056417,0.1286182228,0.0446301622,-1.0268946721,-0.2868634094,1.3508223701,0.2370877655,-0.274152054,-0.2485046106,-0.3706250228,2.4881382595,-1.3233591277,-0.5456494983,0.077774586,-0.2419019878,1.8105643403,-1.270287401,-0.3761495375
conservative-technology--purchase-legacy-indexed--tax-adopted--index-adopted--gdp-on--electricity-adopted--ets2-adopted,scenarios/conservative-technology--purchase-legacy-indexed--tax-adopted--index-adopted--gdp-on--electricity-adopted--ets2-adopted.json,conservative_technology,False,legacy_indexed,adopted,adopted,on,adopted,adopted,0.2549045998,0.0716316936,0.3708882061,0.2089916179,0.0935838825,0.1626516908,0.0483561661,0.5331490881,0.1914435367,0.0643995184,0.1060737054,0.0319542603,0.6823986915,0.1368382274,0.0427351153,-0.140875283,0.0030463029,0.0888210601,0.0594786864,-0.0104707664,-1.9344297124,-0.4344333517,3.3149086255,-0.3177624487,-0.6282831128,-1.8519264256,-0.3740017258,3.2398693155,-0.4482869357,-0.5656542284
conservative-technology--purchase-legacy-indexed--tax-adopted--index-adopted--gdp-on--electricity-adopted--ets2-high-market,scenarios/conservative-technology--purchase-legacy-indexed--tax-adopted--index-adopted--gdp-on--electricity-adopted--ets2-high-market.json,conservative_technology,False,legacy_indexed,adopted,adopted,on,adopted,high_market,0.2549045998,0.0716316936,0.3708882061,0.2089916179,0.0935838825,0.1455633363,0.0455918089,0.5486142408,0.1985299223,0.0617006917,0.0898904038,0.0290745044,0.6998469192,0.1414765885,0.0397115842,-0.140875283,0.0030463029,0.0888210601,0.0594786864,-0.0104707664,-3.6432651625,-0.7108690636,4.8614238923,0.3908761146,-0.8981657809,-3.4702565862,-0.6619773213,4.9846920828,0.0155491704,-0.8680073457
conservative-technology--purchase-legacy-indexed--tax-adopted--index-adopted--gdp-on--electricity-adopted--ets2-off,scenarios/conservative-technology--purchase-legacy-indexed--tax-adopted--index-adopted--gdp-on--electricity-adopted--ets2-off.json,conservative_technology,False,legacy_indexed,adopted,adopted,on,adopted,off,0.2549045998,0.0716316936,0.3708882061,0.2089916179,0.0935838825,0.1831060058,0.0514553026,0.515261993,0.1829524471,0.0672242515,0.1245706046,0.0350060508,0.66331008,0.1313792886,0.0457339759,-0.140875283,0.0030463029,0.0888210601,0.0594786864,-0.0104707664,0.111001786,-0.1245197025,1.5261991191,-1.1668714028,-0.3458097997,-0.0022365113,-0.0688226751,1.3310081719,-0.9941808133,-0.2657681721
conservative-technology--purchase-legacy-indexed--tax-adopted--index-adopted--gdp-on--electricity-north-reduction--ets2-adopted,scenarios/conservative-technology--purchase-legacy-indexed--tax-adopted--index-adopted--gdp-on--electricity-north-reduction--ets2-adopted.json,conservative_technology,False,legacy_indexed,adopted,adopted,on,north_reduction,adopted,0.2533123519,0.0711842501,0.3729716237,0.2093712244,0.0931605498,0.1613296363,0.0479631207,0.53529232,0.1914281098,0.0639868132,0.1050652805,0.0316504765,0.6842450059,0.1366370113,0.0424022258,-0.3001000702,-0.0416980493,0.2971628219,0.0974393348,-0.0528040373,-2.0666351652,-0.4737378852,3.529231813,-0.3193051341,-0.6695536285,-1.9527689182,-0.4043801052,3.4245007604,-0.4684085507,-0.5989431863
conservative-technology--purchase-legacy-indexed--tax-adopted--index-adopted--gdp-on--electricity-north-reduction--ets2-high-market,scenarios/conservative-technology--purchase-legacy-indexed--tax-adopted--index-adopted--gdp-on--electricity-north-reduction--ets2-high-market.json,conservative_technology,False,legacy_indexed,adopted,adopted,on,north_reduction,high_market,0.2533123519,0.0711842501,0.3729716237,0.2093712244,0.0931605498,0.1443360261,0.0452074038,0.5507168175,0.198453218,0.0612865346,0.0890039088,0.0287877729,0.7016022959,0.1412179026,0.0393881198,-0.3001000702,-0.0416980493,0.2971628219,0.0974393348,-0.0528040373,-3.7659961832,-0.7493095761,5.0716815687,0.3832056829,-0.9395814924,-3.5589060934,-0.6906504652,5.160229755,-0.0103194119,-0.9003537844
conservative-technology--purchase-legacy-indexed--tax-adopted--index-adopted--gdp-on--electricity-north-reduction--ets2-off,scenarios/conservative-technology--purchase-legacy-indexed--tax-adopted--index-adopted--gdp-on--electricity-north-reduction--ets2-off.json,conservative_technology,False,legacy_indexed,adopted,adopted,on,north_reduction,off,0.2533123519,0.0711842501,0.3729716237,0.2093712244,0.0931605498,0.1816810517,0.0510548709,0.5174458122,0.1830015208,0.0668167444,0.1234332819,0.0346864476,0.6652492609,0.1312360167,0.0453949929,-0.3001000702,-0.0416980493,0.2971628219,0.0974393348,-0.0528040373,-0.0314936186,-0.1645628684,1.7445810321,-1.1619640312,-0.3865605139,-0.115968774,-0.100783003,1.5249262534,-1.0085080019,-0.2996664744
conservative-technology--purchase-legacy-indexed--tax-adopted--index-adopted--gdp-on--electricity-industrial--ets2-adopted,scenarios/conservative-technology--purchase-legacy-indexed--tax-adopted--index-adopted--gdp-on--electricity-industrial--ets2-adopted.json,conservative_technology,False,legacy_indexed,adopted,adopted,on,industrial,adopted,0.2486710535,0.0698799815,0.3790814857,0.2104494544,0.0919180249,0.15749885,0.0468242322,0.5415411996,0.1913510668,0.0627846514,0.102156339,0.0307741701,0.6896013661,0.1360305314,0.0414375933,-0.7642299121,-0.1721249096,0.9081490203,0.2052623324,-0.1770565309,-2.4497137933,-0.5876267336,4.1541197754,-0.3270094388,-0.7897698097,-2.2436630645,-0.4920107507,3.96013678,-0.5290565377,-0.6954064271
conservative-technology--purchase-legacy-indexed--tax-adopted--index-adopted--gdp-on--electricity-industrial--ets2-high-market,scenarios/conservative-technology--purchase-legacy-indexed--tax-adopted--index-adopted--gdp-on--electricity-industrial--ets2-high-market.json,conservative_technology,False,legacy_indexed,adopted,adopted,on,industrial,high_market,0.2486710535,0.0698799815,0.3790814857,0.2104494544,0.0919180249,0.1407832655,0.0440946457,0.5568438563,0.1981966823,0.0600815502,0.0864495141,0.0279615695,0.7066923119,0.1404446429,0.0384519616,-0.7642299121,-0.1721249096,0.9081490203,0.2052623324,-0.1770565309,-4.1212722414,-0.8605853862,5.6843854473,0.3575521148,-1.0600799346,-3.8143455611,-0.7732708074,5.669231359,-0.0876453914,-0.9939695991
conservative-technology--purchase-legacy-indexed--tax-adopted--index-adopted--gdp-on--electricity-industrial--ets2-off,scenarios/conservative-technology--purchase-legacy-indexed--tax-adopted--index-adopted--gdp-on--electricity-industrial--ets2-off.json,conservative_technology,False,legacy_indexed,adopted,adopted,on,industrial,off,0.2486710535,0.0698799815,0.3790814857,0.2104494544,0.0919180249,0.1775474591,0.0498932746,0.523817188,0.1831139662,0.0656281121,0.1201486545,0.0337634221,0.6708783783,0.1307981555,0.0444113895,-0.7642299121,-0.1721249096,0.9081490203,0.2052623324,-0.1770565309,-0.4448528782,-0.2807224977,2.3817186176,-1.1507194946,-0.505423747,-0.4444315167,-0.1930855451,2.0878379977,-1.052294124,-0.3980268119
conservative-technology--purchase-legacy-indexed--tax-adopted--index-adopted--gdp-on--electricity-vat-reduced--ets2-adopted,scenarios/conservative-technology--purchase-legacy-indexed--tax-adopted--index-adopted--gdp-on--electricity-vat-reduced--ets2-adopted.json,conservative_technology,False,legacy_indexed,adopted,adopted,on,vat_reduced,adopted,0.2446647296,0.0687541495,0.3844002292,0.211345625,0.0908352667,0.1542195017,0.0458492857,0.546937292,0.1912458949,0.0617480256,0.0996815633,0.0300286542,0.694194895,0.1354831357,0.0406117518,-1.1648623026,-0.284708114,1.4400233671,0.2948793937,-0.2853323441,-2.7776486154,-0.6851213901,4.6937290193,-0.3375266243,-0.8934323896,-2.4911406389,-0.5665623355,4.4194896661,-0.5837961096,-0.7779905822
conservative-technology--purchase-legacy-indexed--tax-adopted--index-adopted--gdp-on--electricity-vat-reduced--ets2-high-market,scenarios/conservative-technology--purchase-legacy-indexed--tax-adopted--index-adopted--gdp-on--electricity-vat-reduced--ets2-high-market.json,conservative_technology,False,legacy_indexed,adopted,adopted,on,vat_reduced,high_market,0.2446647296,0.0687541495,0.3844002292,0.211345625,0.0908352667,0.1377460661,0.0431433662,0.5621308199,0.1979355836,0.0590441642,0.084279689,0.0272597528,0.7110544877,0.1397542008,0.0376518697,-1.1648623026,-0.284708114,1.4400233671,0.2948793937,-0.2853323441,-4.4249921797,-0.9557133336,6.2130818019,0.3314422448,-1.1638185334,-4.031328072,-0.8434524808,6.1054489329,-0.1566895922,-1.0739787878
conservative-technology--purchase-legacy-indexed--tax-adopted--index-adopted--gdp-on--electricity-vat-reduced--ets2-off,scenarios/conservative-technology--purchase-legacy-indexed--tax-adopted--index-adopted--gdp-on--electricity-vat-reduced--ets2-off.json,conservative_technology,False,legacy_indexed,adopted,adopted,on,vat_reduced,off,0.2446647296,0.0687541495,0.3844002292,0.211345625,0.0908352667,0.1740033672,0.0488973361,0.5293240013,0.1831740661,0.0646012292,0.117349707,0.0329768794,0.6757097309,0.130395932,0.0435677507,-1.1648623026,-0.284708114,1.4400233671,0.2948793937,-0.2853323441,-0.7992620659,-0.3803163473,2.9323999491,-1.1447095049,-0.608112031,-0.7243262711,-0.2717398154,2.5709732556,-1.0925164733,-0.4823906957
conservative-technology--purchase-legacy-indexed--tax-adopted--index-cpi-indexed--gdp-off--electricity-adopted--ets2-adopted,scenarios/conservative-technology--purchase-legacy-indexed--tax-adopted--index-cpi-indexed--gdp-off--electricity-adopted--ets2-adopted.json,conservative_technology,False,legacy_indexed,adopted,cpi_indexed,off,adopted,adopted,0.2647103007,0.0704102866,0.3651835181,0.2055239767,0.0941719179,0.1645602905,0.0485304088,0.531513318,0.190732886,0.0646630968,0.1074082397,0.0321018578,0.6810380447,0.1364978543,0.0429540034,0.8396948075,-0.1190943951,-0.4816477425,-0.2872854383,0.0483327684,-1.7435697446,-0.4170090828,3.1513316153,-0.3888275118,-0.6019252761,-1.7184729945,-0.3592419782,3.1038046416,-0.4823242456,-0.5437654233
conservative-technology--purchase-legacy-indexed--tax-adopted--index-cpi-indexed--gdp-off--electricity-adopted--ets2-high-market,scenarios/conservative-technology--purchase-legacy-indexed--tax-adopted--index-cpi-indexed--gdp-off--electricity-adopted--ets2-high-market.json,conservative_technology,False,legacy_indexed,adopted,cpi_indexed,off,adopted,high_market,0.2647103007,0.0704102866,0.3651835181,0.2055239767,0.0941719179,0.1471634142,0.0457530997,0.5471915939,0.1979401709,0.0619517213,0.0909156063,0.0292004562,0.6987484319,0.141230222,0.0399052836,0.8396948075,-0.1190943951,-0.4816477425,-0.2872854383,0.0483327684,-3.4832573661,-0.6947399923,4.7191592019,0.3319009773,-0.8730628208,-3.3677363423,-0.6493821374,4.8748433602,-0.0090874743,-0.8486374061
conservative-technology--purchase-legacy-indexed--tax-adopted--index-cpi-indexed--gdp-off--electricity-adopted--ets2-off,scenarios/conservative-technology--purchase-legacy-indexed--tax-adopted--index-cpi-indexed--gdp-off--electricity-adopted--ets2-off.json,conservative_technology,False,legacy_indexed,adopted,cpi_indexed,off,adopted,off,0.2647103007,0.0704102866,0.3651835181,0.2055239767,0.0941719179,0.1854096781,0.0516429529,0.5133578222,0.1820925467,0.0674970001,0.126295284,0.0351775672,0.6616252933,0.1309250064,0.0459768491,0.8396948075,-0.1190943951,-0.4816477425,-0.2872854383,0.0483327684,0.3413690216,-0.1057546695,1.3357820403,-1.2528614466,-0.3185349458,0.1702314352,-0.0516710441,1.1625294922,-1.0396090325,-0.2414808506
conservative-technology--purchase-legacy-indexed--tax-adopted--index-cpi-indexed--gdp-off--electricity-north-reduction--ets2-adopted,scenarios/conservative-technology--purchase-legacy-indexed--tax-adopted--index-cpi-indexed--gdp-off--electricity-north-reduction--ets2-adopted.json,conservative_technology,False,legacy_indexed,adopted,cpi_indexed,off,north_reduction,adopted,0.2630850321,0.0699779815,0.3672616202,0.2059193806,0.0937559855,0.1632278579,0.0481374616,0.5336604399,0.1907235168,0.0642507238,0.1063899925,0.0317975271,0.682891115,0.136300809,0.0426205564,0.6771679472,-0.1623249109,-0.2738375234,-0.247745047,0.0067395342,-1.8768130033,-0.4563037984,3.3660438072,-0.3897644376,-0.6431625679,-1.8202977184,-0.3896750513,3.2891116645,-0.5020287776,-0.5771101172
conservative-technology--purchase-legacy-indexed--tax-adopted--index-cpi-indexed--gdp-off--electricity-north-reduction--ets2-high-market,scenarios/conservative-technology--purchase-legacy-indexed--tax-adopted--index-cpi-indexed--gdp-off--electricity-north-reduction--ets2-high-market.json,conservative_technology,False,legacy_indexed,adopted,cpi_indexed,off,north_reduction,high_market,0.2630850321,0.0699779815,0.3672616202,0.2059193806,0.0937559855,0.1459266494,0.0453685895,0.5492980123,0.1978691675,0.0615375813,0.0900210097,0.0289131279,0.7005096048,0.1409751329,0.0395811248,0.6771679472,-0.1623249109,-0.2738375234,-0.247745047,0.0067395342,-3.6069338529,-0.7331910072,4.9298010442,0.3248006358,-0.9144768199,-3.4571959975,-0.6781149684,5.0509606432,-0.0345963918,-0.8810532855
conservative-technology--purchase-legacy-indexed--tax-adopted--index-cpi-indexed--gdp-off--electricity-north-reduction--ets2-off,scenarios/conservative-technology--purchase-legacy-indexed--tax-adopted--index-cpi-indexed--gdp-off--electricity-north-reduction--ets2-off.json,conservative_technology,False,legacy_indexed,adopted,cpi_indexed,off,north_reduction,off,0.2630850321,0.0699779815,0.3672616202,0.2059193806,0.0937559855,0.1839734373,0.0512429106,0.5155454263,0.1821479646,0.0670902612,0.1251462615,0.034857525,0.6635722134,0.1307864586,0.0456375415,0.6771679472,-0.1623249109,-0.2738375234,-0.247745047,0.0067395342,0.1977449422,-0.1457589004,1.5545424436,-1.2473196574,-0.359208828,0.0553291816,-0.0836752616,1.3572215061,-1.0534638125,-0.2754116136
conservative-technology--purchase-legacy-indexed--tax-adopted--index-cpi-indexed--gdp-off--electricity-industrial--ets2-adopted,scenarios/conservative-technology--purchase-legacy-indexed--tax-adopted--index-cpi-indexed--gdp-off--electricity-industrial--ets2-adopted.json,conservative_technology,False,legacy_indexed,adopted,cpi_indexed,off,industrial,adopted,0.2583458097,0.0687173958,0.3733573563,0.207044858,0.0925345801,0.1593666091,0.0469987423,0.5399210266,0.1906642377,0.0630493842,0.1034524727,0.0309195698,0.6882672939,0.1357064455,0.0416542181,0.2032457092,-0.2883834758,0.3357360803,-0.1351973078,-0.1154010059,-2.2629378769,-0.5701757288,3.992102479,-0.395692345,-0.7632965284,-2.1140496941,-0.4774707752,3.8267295521,-0.5614651307,-0.6737439521
conservative-technology--purchase-legacy-indexed--tax-adopted--index-cpi-indexed--gdp-off--electricity-industrial--ets2-high-market,scenarios/conservative-technology--purchase-legacy-indexed--tax-adopted--index-cpi-indexed--gdp-off--electricity-industrial--ets2-high-market.json,conservative_technology,False,legacy_indexed,adopted,cpi_indexed,off,industrial,high_market,0.2583458097,0.0687173958,0.3733573563,0.207044858,0.0925345801,0.142346202,0.0442554286,0.5554365436,0.1976293053,0.0603325206,0.0874430938,0.0280851477,0.7056165806,0.1402122931,0.0386428848,0.2032457092,-0.2883834758,0.3357360803,-0.1351973078,-0.1154010059,-3.9649785924,-0.8445071025,5.5436541733,0.3008144168,-1.0349828952,-3.7149875862,-0.7609129863,5.5616582261,-0.1108803702,-0.9748772835
conservative-technology--purchase-legacy-indexed--tax-adopted--index-cpi-indexed--gdp-off--electricity-industrial--ets2-off,scenarios/conservative-technology--purchase-legacy-indexed--tax-adopted--index-cpi-indexed--gdp-off--electricity-industrial--ets2-off.json,conservative_technology,False,legacy_indexed,adopted,cpi_indexed,off,industrial,off,0.2583458097,0.0687173958,0.3733573563,0.207044858,0.0925345801,0.1798066178,0.0500823084,0.5219282976,0.182279075,0.0659037012,0.121827511,0.0339331392,0.6692241062,0.1303623605,0.0446528831,0.2032457092,-0.2883834758,0.3357360803,-0.1351973078,-0.1154010059,-0.2189370153,-0.2618191132,2.1928295769,-1.2342086194,-0.4778648291,-0.2765458655,-0.176113842,1.9224107832,-1.095873627,-0.3738774487
conservative-technology--purchase-legacy-indexed--tax-adopted--index-cpi-indexed--gdp-off--electricity-vat-reduced--ets2-adopted,scenarios/conservative-technology--purchase-legacy-indexed--tax-adopted--index-cpi-indexed--gdp-off--electricity-vat-reduced--ets2-adopted.json,conservative_technology,False,legacy_indexed,adopted,cpi_indexed,off,vat_reduced,adopted,0.2542529487,0.0676287358,0.3786655678,0.2079832456,0.091469502,0.156060719,0.0460238036,0.5453276619,0.1905745216,0.062013294,0.1009530961,0.0301725635,0.6928780753,0.1351694565,0.0408268086,-0.2060403944,-0.3972494768,0.8665572357,-0.0413585504,-0.2219088141,-2.5935268887,-0.6676696006,4.5327660054,-0.4046639599,-0.8669055561,-2.3639873625,-0.5521714081,4.2878076994,-0.6151640296,-0.7564848992
conservative-technology--purchase-legacy-indexed--tax-adopted--index-cpi-indexed--gdp-off--electricity-vat-reduced--ets2-high-market,scenarios/conservative-technology--purchase-legacy-indexed--tax-adopted--index-cpi-indexed--gdp-off--electricity-vat-reduced--ets2-high-market.json,conservative_technology,False,legacy_indexed,adopted,cpi_indexed,off,vat_reduced,high_market,0.2542529487,0.0676287358,0.3786655678,0.2079832456,0.091469502,0.1392849566,0.0433036875,0.5607337764,0.1973826607,0.0592949188,0.0852530804,0.0273817548,0.709993469,0.1395307672,0.0378409285,-0.2060403944,-0.3972494768,0.8665572357,-0.0413585504,-0.2219088141,-4.2711031259,-0.9396812078,6.073377456,0.2761499507,-1.1387430729,-3.933988932,-0.8312522765,5.9993470716,-0.1790329554,-1.0550729077
conservative-technology--purchase-legacy-indexed--tax-adopted--index-cpi-indexed--gdp-off--electricity-vat-reduced--ets2-off,scenarios/conservative-technology--purchase-legacy-indexed--tax-adopted--index-cpi-indexed--gdp-off--electricity-vat-reduced--ets2-off.json,conservative_technology,False,legacy_indexed,adopted,cpi_indexed,off,vat_reduced,off,0.2542529487,0.0676287358,0.3786655678,0.2079832456,0.091469502,0.1762334592,0.0490870613,0.5274455854,0.1823554869,0.0648784072,0.1189990925,0.0331453276,0.6740753692,0.1299720052,0.0438082054,-0.2060403944,-0.3972494768,0.8665572357,-0.0413585504,-0.2219088141,-0.5762528731,-0.3613438316,2.7445583613,-1.2265674273,-0.5803942293,-0.5593877153,-0.2548949955,2.4075370892,-1.1349091607,-0.4583452176
conservative-technology--purchase-legacy-indexed--tax-adopted--index-cpi-indexed--gdp-on--electricity-adopted--ets2-adopted,scenarios/conservative-technology--purchase-legacy-indexed--tax-adopted--index-cpi-indexed--gdp-on--electricity-adopted--ets2-adopted.json,conservative_technology,False,legacy_indexed,adopted,cpi_indexed,on,adopted,adopted,0.2633633067,0.070435641,0.3660254484,0.2060962924,0.0940793115,0.1597638365,0.0484174713,0.5354791073,0.1922984812,0.0640411037,0.10064075,0.0317639694,0.6877651132,0.1379452307,0.0418849366,0.704995406,-0.1165589642,-0.397454708,-0.2300538668,0.039072133,-2.2232151373,-0.4283028279,3.5479105465,-0.2322679973,-0.664124584,-2.3952219731,-0.393030817,3.7765114903,-0.3375866018,-0.6506720985
conservative-technology--purchase-legacy-indexed--tax-adopted--index-cpi-indexed--gdp-on--electricity-adopted--ets2-high-market,scenarios/conservative-technology--purchase-legacy-indexed--tax-adopted--index-cpi-indexed--gdp-on--electricity-adopted--ets2-high-market.json,conservative_technology,False,legacy_indexed,adopted,cpi_indexed,on,adopted,high_market,0.2633633067,0.070435641,0.3660254484,0.2060962924,0.0940793115,0.1431458535,0.0456249829,0.5506449931,0.1992258676,0.061358303,0.0857058722,0.0288881932,0.7042033843,0.1422444233,0.038958127,0.704995406,-0.1165589642,-0.397454708,-0.2300538668,0.039072133,-3.8850134413,-0.7075516664,5.0644991216,0.4604706429,-0.9324046569,-3.888709745,-0.6806084416,5.4203386006,0.092332649,-0.9433530631
conservative-technology--purchase-legacy-indexed--tax-adopted--index-cpi-indexed--gdp-on--electricity-adopted--ets2-off,scenarios/conservative-technology--purchase-legacy-indexed--tax-adopted--index-cpi-indexed--gdp-on--electricity-adopted--ets2-off.json,conservative_technology,False,legacy_indexed,adopted,cpi_indexed,on,adopted,off,0.2633633067,0.070435641,0.3660254484,0.2060962924,0.0940793115,0.1796138705,0.0515581333,0.517968225,0.1840048016,0.0668549696,0.1175685877,0.0348236567,0.6699166742,0.1328992975,0.0447917839,0.704995406,-0.1165589642,-0.397454708,-0.2300538668,0.039072133,-0.2382117442,-0.1142366242,1.7968223154,-1.0616359523,-0.3827379946,-0.7024382028,-0.0870620899,1.9916675857,-0.8421799222,-0.3599873707
conservative-technology--purchase-legacy-indexed--tax-adopted--index-cpi-indexed--gdp-on--electricity-north-reduction--ets2-adopted,scenarios/conservative-technology--purchase-legacy-indexed--tax-adopted--index-cpi-indexed--gdp-on--electricity-north-reduction--ets2-adopted.json,conservative_technology,False,legacy_indexed,adopted,cpi_indexed,on,north_reduction,adopted,0.2617420115,0.0700020309,0.3681042993,0.2064894076,0.0936622506,0.1584584408,0.0480218626,0.5376170201,0.1922747172,0.0636279593,0.0996736839,0.0314587466,0.6895850241,0.1377281663,0.0415543791,0.5428658877,-0.159919965,-0.1895696145,-0.1907423494,-0.0026339589,-2.3537547109,-0.4678636959,3.7617018272,-0.2346443967,-0.7054390238,-2.4919285787,-0.4235531021,3.9585025756,-0.359293044,-0.6837278508
conservative-technology--purchase-legacy-indexed--tax-adopted--index-cpi-indexed--gdp-on--electricity-north-reduction--ets2-high-market,scenarios/conservative-technology--purchase-legacy-indexed--tax-adopted--index-cpi-indexed--gdp-on--electricity-north-reduction--ets2-high-market.json,conservative_technology,False,legacy_indexed,adopted,cpi_indexed,on,north_reduction,high_market,0.2617420115,0.0700020309,0.3681042993,0.2064894076,0.0936622506,0.1419335687,0.0452385905,0.5527423197,0.1991413775,0.0609441436,0.0848533809,0.0286008507,0.7059360962,0.1419721799,0.0386374922,0.5428658877,-0.159919965,-0.1895696145,-0.1907423494,-0.0026339589,-4.0062419235,-0.7461909095,5.2742317886,0.4520216324,-0.973820588,-3.9739588759,-0.7093426846,5.5936097897,0.0651083135,-0.9754165426
conservative-technology--purchase-legacy-indexed--tax-adopted--index-cpi-indexed--gdp-on--electricity-north-reduction--ets2-off,scenarios/conservative-technology--purchase-legacy-indexed--tax-adopted--index-cpi-indexed--gdp-on--electricity-north-reduction--ets2-off.json,conservative_technology,False,legacy_indexed,adopted,cpi_indexed,on,north_reduction,off,0.2617420115,0.0700020309,0.3681042993,0.2064894076,0.0936622506,0.1782072856,0.0511543734,0.5201468618,0.184045062,0.0664464172,0.1164807637,0.0345014447,0.6718255892,0.1327379248,0.0444542776,0.5428658877,-0.159919965,-0.1895696145,-0.1907423494,-0.0026339589,-0.378870233,-0.1546126213,2.0146860004,-1.0576099116,-0.4235932345,-0.8112206006,-0.119283289,2.1825590919,-0.8583171981,-0.3937380041
conservative-technology--purchase-legacy-indexed--tax-adopted--index-cpi-indexed--gdp-on--electricity-industrial--ets2-adopted,scenarios/conservative-technology--purchase-legacy-indexed--tax-adopted--index-cpi-indexed--gdp-on--electricity-industrial--ets2-adopted.json,conservative_technology,False,legacy_indexed,adopted,cpi_indexed,on,industrial,adopted,0.2570146311,0.0687377088,0.3742020123,0.2076080236,0.0924376241,0.1546764482,0.0468757051,0.5438498783,0.1921732515,0.0624247168,0.0968849389,0.0305785702,0.6948639423,0.1370756991,0.0405968495,0.0701278497,-0.2863521819,0.4202016868,-0.078880746,-0.1250966085,-2.7319539657,-0.5824794436,4.3849876438,-0.2447909654,-0.8257632691,-2.7708030773,-0.5115707396,4.4863943976,-0.4245397645,-0.7794808162
conservative-technology--purchase-legacy-indexed--tax-adopted--index-cpi-indexed--gdp-on--electricity-industrial--ets2-high-market,scenarios/conservative-technology--purchase-legacy-indexed--tax-adopted--index-cpi-indexed--gdp-on--electricity-industrial--ets2-high-market.json,conservative_technology,False,legacy_indexed,adopted,cpi_indexed,on,industrial,high_market,0.2570146311,0.0687377088,0.3742020123,0.2076080236,0.0924376241,0.1384247277,0.044120215,0.5588536394,0.1988620933,0.0597393246,0.0823976148,0.0277731053,0.710959797,0.1411596861,0.0377097969,0.0701278497,-0.2863521819,0.4202016868,-0.078880746,-0.1250966085,-4.3571260189,-0.8580284547,5.8853637587,0.4240932099,-1.0943024949,-4.2195354913,-0.7921172311,6.0959798689,-0.0161410702,-1.0681860763
conservative-technology--purchase-legacy-indexed--tax-adopted--index-cpi-indexed--gdp-on--electricity-industrial--ets2-off,scenarios/conservative-technology--purchase-legacy-indexed--tax-adopted--index-cpi-indexed--gdp-on--electricity-industrial--ets2-off.json,conservative_technology,False,legacy_indexed,adopted,cpi_indexed,on,industrial,off,0.2570146311,0.0687377088,0.3742020123,0.2076080236,0.0924376241,0.1741276303,0.0499833089,0.5265024843,0.1841316092,0.0652549674,0.1133402999,0.0335712436,0.6773656754,0.1322473919,0.0434753892,0.0701278497,-0.2863521819,0.4202016868,-0.078880746,-0.1250966085,-0.7868357638,-0.271719063,2.6502482441,-1.0489552009,-0.5427382165,-1.1252669795,-0.2123034018,2.7365677063,-0.9073704846,-0.4916268403
conservative-technology--purchase-legacy-indexed--tax-adopted--index-cpi-indexed--gdp-on--electricity-vat-reduced--ets2-adopted,scenarios/conservative-technology--purchase-legacy-indexed--tax-adopted--index-cpi-indexed--gdp-on--electricity-vat-reduced--ets2-adopted.json,conservative_technology,False,legacy_indexed,adopted,cpi_indexed,on,vat_reduced,adopted,0.2529323046,0.0676459041,0.3795116808,0.2085402613,0.0913698492,0.1514394913,0.0458947243,0.5492315266,0.1920468618,0.061387396,0.0945134692,0.0298300932,0.6993900738,0.1364888674,0.0397774965,-0.3381048019,-0.3955326476,0.9511685281,0.014343024,-0.2318741026,-3.05564966,-0.6805775321,4.9231524772,-0.2574299375,-0.9294953476,-3.007950046,-0.5864184436,4.9390075424,-0.4832229372,-0.8614161157
conservative-technology--purchase-legacy-indexed--tax-adopted--index-cpi-indexed--gdp-on--electricity-vat-reduced--ets2-high-market,scenarios/conservative-technology--purchase-legacy-indexed--tax-adopted--index-cpi-indexed--gdp-on--electricity-vat-reduced--ets2-high-market.json,conservative_technology,False,legacy_indexed,adopted,cpi_indexed,on,vat_reduced,high_market,0.2529323046,0.0676459041,0.3795116808,0.2085402613,0.0913698492,0.1354255781,0.0431642939,0.5641265415,0.1985813013,0.0587022852,0.0803123313,0.0270702354,0.7152644476,0.1404357253,0.0369172604,-0.3381048019,-0.3955326476,0.9511685281,0.014343024,-0.2318741026,-4.6570409781,-0.9536205697,6.4126539673,0.3960140137,-1.1980064332,-4.4280638436,-0.8624042157,6.526444924,-0.0885371429,-1.1474397217
conservative-technology--purchase-legacy-indexed--tax-adopted--index-cpi-indexed--gdp-on--electricity-vat-reduced--ets2-off,scenarios/conservative-technology--purchase-legacy-indexed--tax-adopted--index-cpi-indexed--gdp-on--electricity-vat-reduced--ets2-off.json,conservative_technology,False,legacy_indexed,adopted,cpi_indexed,on,vat_reduced,off,0.2529323046,0.0676459041,0.3795116808,0.2085402613,0.0913698492,0.1706305583,0.048979475,0.5319949273,0.1841691128,0.0642259266,0.1106656266,0.032779009,0.6821192364,0.1317998243,0.0426363038,-0.3381048019,-0.3955326476,0.9511685281,0.014343024,-0.2318741026,-1.1365429619,-0.3721024593,3.199492551,-1.0452048347,-0.6456422951,-1.3927343121,-0.2915268641,3.2119238071,-0.9521272501,-0.5755353808
conservative-technology--purchase-legacy-indexed--tax-plus30--index-adopted--gdp-off--electricity-adopted--ets2-adopted,scenarios/conservative-technology--purchase-legacy-indexed--tax-plus30--index-adopted--gdp-off--electricity-adopted--ets2-adopted.json,conservative_technology,False,legacy_indexed,plus30,adopted,off,adopted,adopted,0.2318369765,0.0719007716,0.3857668511,0.2188600116,0.0916353891,0.1512352987,0.0480043684,0.5427262484,0.1951843771,0.0628497075,0.1016477761,0.0317258698,0.6868034301,0.1377889278,0.0420339961,-2.4476376104,0.0299540979,1.5766855625,1.0463180564,-0.2053201064,-3.0760689182,-0.4696131221,4.2726246547,0.0563215921,-0.7832642065,-2.2945193602,-0.3968407758,3.6803431817,-0.3532168921,-0.6357661536
conservative-technology--purchase-legacy-indexed--tax-plus30--index-adopted--gdp-off--electricity-adopted--ets2-high-market,scenarios/conservative-technology--purchase-legacy-indexed--tax-plus30--index-adopted--gdp-off--electricity-adopted--ets2-high-market.json,conservative_technology,False,legacy_indexed,plus30,adopted,off,adopted,high_market,0.2318369765,0.0719007716,0.3857668511,0.2188600116,0.0916353891,0.1359682962,0.045218463,0.556979935,0.2016061699,0.0602271359,0.0864823681,0.0288642117,0.7034195351,0.1421434593,0.0390904258,-2.4476376104,0.0299540979,1.5766855625,1.0463180564,-0.2053201064,-4.6027691736,-0.7482036536,5.69799332,0.6985008724,-1.0455213652,-3.8110601592,-0.6830065908,5.3419536724,0.0822362582,-0.9301231807
conservative-technology--purchase-legacy-indexed--tax-plus30--index-adopted--gdp-off--electricity-adopted--ets2-off,scenarios/conservative-technology--purchase-legacy-indexed--tax-plus30--index-adopted--gdp-off--electricity-adopted--ets2-off.json,conservative_technology,False,legacy_indexed,plus30,adopted,off,adopted,off,0.2318369765,0.0719007716,0.3857668511,0.2188600116,0.0916353891,0.1693646365,0.0511499441,0.5263558664,0.1875143764,0.0656151766,0.1188649461,0.0347655746,0.6687376461,0.1326751128,0.0449567204,-2.4476376104,0.0299540979,1.5766855625,1.0463180564,-0.2053201064,-1.2631351417,-0.1550555494,2.6355864581,-0.7106784781,-0.5067172889,-0.572802358,-0.0928702999,1.8737647789,-0.8645983997,-0.3434937212
conservative-technology--purchase-legacy-indexed--tax-plus30--index-adopted--gdp-off--electricity-north-reduction--ets2-adopted,scenarios/conservative-technology--purchase-legacy-indexed--tax-plus30--index-adopted--gdp-off--electricity-north-reduction--ets2-adopted.json,conservative_technology,False,legacy_indexed,plus30,adopted,off,north_reduction,adopted,0.2303218633,0.0714308818,0.3878590735,0.2191938217,0.0911943597,0.1499789692,0.0476055904,0.5448463447,0.1951334302,0.0624356656,0.1006728366,0.0314215759,0.6886280047,0.1375745736,0.0417030091,-2.5991489399,-0.0170348753,1.785907797,1.0796990625,-0.2494230442,-3.2017018695,-0.5094909186,4.4846342819,0.0512268992,-0.8246683931,-2.3920133043,-0.4272701694,3.8628006406,-0.3746523199,-0.668864847
conservative-technology--purchase-legacy-indexed--tax-plus30--index-adopted--gdp-off--electricity-north-reduction--ets2-high-market,scenarios/conservative-technology--purchase-legacy-indexed--tax-plus30--index-adopted--gdp-off--electricity-north-reduction--ets2-high-market.json,conservative_technology,False,legacy_indexed,plus30,adopted,off,north_reduction,high_market,0.2303218633,0.0714308818,0.3878590735,0.2191938217,0.0911943597,0.1348004652,0.0448300819,0.5590598304,0.2014962576,0.059813365,0.0856234239,0.0285775319,0.705156252,0.1418735147,0.0387692775,-2.5991489399,-0.0170348753,1.785907797,1.0796990625,-0.2494230442,-4.719552273,-0.7870417681,5.9059828527,0.6875096453,-1.0868984569,-3.8969545801,-0.7116745702,5.5156253699,0.055241791,-0.9622380105
conservative-technology--purchase-legacy-indexed--tax-plus30--index-adopted--gdp-off--electricity-north-reduction--ets2-off,scenarios/conservative-technology--purchase-legacy-indexed--tax-plus30--index-adopted--gdp-off--electricity-north-reduction--ets2-off.json,conservative_technology,False,legacy_indexed,plus30,adopted,off,north_reduction,off,0.2303218633,0.0714308818,0.3878590735,0.2191938217,0.0911943597,0.1680118881,0.0507413995,0.5285168593,0.1875259084,0.0652039446,0.1177676592,0.0344446405,0.6706519085,0.1325168612,0.0446189305,-2.5991489399,-0.0170348753,1.785907797,1.0796990625,-0.2494230442,-1.3984099786,-0.1959100069,2.8516857511,-0.7095252738,-0.5478404919,-0.6825310474,-0.1249637056,2.06519102,-0.8804235581,-0.3772727088
conservative-technology--purchase-legacy-indexed--tax-plus30--index-adopted--gdp-off--electricity-industrial--ets2-adopted,scenarios/conservative-technology--purchase-legacy-indexed--tax-plus30--index-adopted--gdp-off--electricity-industrial--ets2-adopted.json,conservative_technology,False,legacy_indexed,plus30,adopted,off,industrial,adopted,0.2259096244,0.0700624919,0.3939909379,0.2201353666,0.0899015792,0.1463407392,0.0464507612,0.551025694,0.1949523628,0.0612304427,0.097861231,0.0305440295,0.6939206017,0.1369299621,0.0407441757,-3.0403728293,-0.1538738669,2.3990942447,1.1738535519,-0.3787011003,-3.565524868,-0.6249738342,5.1025692158,0.033120166,-0.9451906795,-2.6731738722,-0.5150248053,4.3920603374,-0.4391134635,-0.7647481964
conservative-technology--purchase-legacy-indexed--tax-plus30--index-adopted--gdp-off--electricity-industrial--ets2-high-market,scenarios/conservative-technology--purchase-legacy-indexed--tax-plus30--index-adopted--gdp-off--electricity-industrial--ets2-high-market.json,conservative_technology,False,legacy_indexed,plus30,adopted,off,industrial,high_market,0.2259096244,0.0700624919,0.3939909379,0.2201353666,0.0899015792,0.1314216041,0.0437063868,0.5651190729,0.2011427121,0.0586102241,0.0831489555,0.0277516574,0.7101916725,0.1410676657,0.0378400489,-3.0403728293,-0.1538738669,2.3990942447,1.1738535519,-0.3787011003,-5.0574383791,-0.8994112751,6.5119071018,0.6521550929,-1.2072125404,-4.1444014174,-0.7942620161,6.019167412,-0.0253431095,-1.0551608689
conservative-technology--purchase-legacy-indexed--tax-plus30--index-adopted--gdp-off--electricity-industrial--ets2-off,scenarios/conservative-technology--purchase-legacy-indexed--tax-plus30--index-adopted--gdp-off--electricity-industrial--ets2-off.json,conservative_technology,False,legacy_indexed,plus30,adopted,off,industrial,off,0.2259096244,0.0700624919,0.3939909379,0.2201353666,0.0899015792,0.1640903693,0.0495570586,0.5348190783,0.1875280779,0.0640054158,0.1145996646,0.0335180667,0.6762077227,0.1320354009,0.0436391451,-3.0403728293,-0.1538738669,2.3990942447,1.1738535519,-0.3787011003,-1.7905618582,-0.3143440976,3.4819076502,-0.7093083261,-0.6676933683,-0.9993305072,-0.2176210921,2.6207724385,-0.928569585,-0.4752512543
conservative-technology--purchase-legacy-indexed--tax-plus30--index-adopted--gdp-off--electricity-vat-reduced--ets2-adopted,scenarios/conservative-technology--purchase-legacy-indexed--tax-plus30--index-adopted--gdp-off--electricity-vat-reduced--ets2-adopted.json,conservative_technology,False,legacy_indexed,plus30,adopted,off,vat_reduced,adopted,0.222106086,0.0688828814,0.3993242355,0.2209097439,0.0887770533,0.1432287349,0.0454629641,0.5563592831,0.1947568493,0.0601921686,0.0954701374,0.0297977316,0.6984586378,0.136349857,0.0399236361,-3.4207266673,-0.2718349223,2.9324240043,1.2512912779,-0.4911536925,-3.8767253013,-0.7237535527,5.6359281312,0.0135688108,-1.049018088,-2.9122832244,-0.5896545953,4.845863942,-0.4971239724,-0.84680215
conservative-technology--purchase-legacy-indexed--tax-plus30--index-adopted--gdp-off--electricity-vat-reduced--ets2-high-market,scenarios/conservative-technology--purchase-legacy-indexed--tax-plus30--index-adopted--gdp-off--electricity-vat-reduced--ets2-high-market.json,conservative_technology,False,legacy_indexed,plus30,adopted,off,vat_reduced,high_market,0.222106086,0.0688828814,0.3993242355,0.2209097439,0.0887770533,0.1285351085,0.0427464359,0.5703455218,0.2007976527,0.057575281,0.081047658,0.0270503319,0.7145064906,0.140349373,0.0370461466,-3.4207266673,-0.2718349223,2.9324240043,1.2512912779,-0.4911536925,-5.3460879384,-0.9954063695,7.0345520001,0.6176491577,-1.3107068499,-4.3545311698,-0.8643945736,6.4506492256,-0.0971723758,-1.1345511065
conservative-technology--purchase-legacy-indexed--tax-plus30--index-adopted--gdp-off--electricity-vat-reduced--ets2-off,scenarios/conservative-technology--purchase-legacy-indexed--tax-plus30--index-adopted--gdp-off--electricity-vat-reduced--ets2-off.json,conservative_technology,False,legacy_indexed,plus30,adopted,off,vat_reduced,off,0.222106086,0.0688828814,0.3993242355,0.2209097439,0.0887770533,0.1607312172,0.0485425585,0.5402630744,0.1874920116,0.0629711383,0.1119012936,0.0327288481,0.6809750239,0.1315956321,0.0427992022,-3.4207266673,-0.2718349223,2.9324240043,1.2512912779,-0.4911536925,-2.1264770733,-0.41579411,4.0263072565,-0.7129149543,-0.771121119,-1.2691676061,-0.296542945,3.0975025573,-0.9725464682,-0.559245538
conservative-technology--purchase-legacy-indexed--tax-plus30--index-adopted--gdp-on--electricity-adopted--ets2-adopted,scenarios/conservative-technology--purchase-legacy-indexed--tax-plus30--index-adopted--gdp-on--electricity-adopted--ets2-adopted.json,conservative_technology,False,legacy_indexed,plus30,adopted,on,adopted,adopted,0.2302807363,0.0719024771,0.3867948543,0.2195345343,0.091487398,0.1460614875,0.047795957,0.5471663379,0.1968791428,0.0620970748,0.0945890598,0.0312985277,0.6939792845,0.1392823952,0.0408507328,-2.6032616386,0.0301246503,1.6794858815,1.1137703257,-0.2201192189,-3.5934500424,-0.4904542617,4.7166336045,0.2257981684,-0.8585274688,-3.0003909847,-0.439574992,4.3979286187,-0.2038701585,-0.7540924836
conservative-technology--purchase-legacy-indexed--tax-plus30--index-adopted--gdp-on--electricity-adopted--ets2-high-market,scenarios/conservative-technology--purchase-legacy-indexed--tax-plus30--index-adopted--gdp-on--electricity-adopted--ets2-high-market.json,conservative_technology,False,legacy_indexed,plus30,adopted,on,adopted,high_market,0.2302807363,0.0719024771,0.3867948543,0.2195345343,0.091487398,0.1315962117,0.0450093095,0.5608775181,0.2030020565,0.0595149042,0.0810007908,0.0284803228,0.7092864033,0.1431893196,0.0380431634,-2.6032616386,0.0301246503,1.6794858815,1.1137703257,-0.2201192189,-5.0399776211,-0.7691190103,6.0877516309,0.8380895364,-1.1167445359,-4.3592178847,-0.7213954746,5.9286404984,0.1868222783,-1.0348494174
conservative-technology--purchase-legacy-indexed--tax-plus30--index-adopted--gdp-on--electricity-adopted--ets2-off,scenarios/conservative-technology--purchase-legacy-indexed--tax-plus30--index-adopted--gdp-on--electricity-adopted--ets2-off.json,conservative_technology,False,legacy_indexed,plus30,adopted,on,adopted,off,0.2302807363,0.0719024771,0.3867948543,0.2195345343,0.091487398,0.1631758451,0.0509497566,0.5314699022,0.1895769566,0.0648275393,0.109847937,0.0342987386,0.6775030286,0.1347092076,0.0436410882,-2.6032616386,0.0301246503,1.6794858815,1.1137703257,-0.2201192189,-1.8820142754,-0.1750742949,3.1469900402,-0.5044204517,-0.5854810183,-1.4745032677,-0.1395539005,2.7503030225,-0.6611889171,-0.4750569372
conservative-technology--purchase-legacy-indexed--tax-plus30--index-adopted--gdp-on--electricity-north-reduction--ets2-adopted,scenarios/conservative-technology--purchase-legacy-indexed--tax-plus30--index-adopted--gdp-on--electricity-north-reduction--ets2-adopted.json,conservative_technology,False,legacy_indexed,plus30,adopted,on,north_reduction,adopted,0.2287711841,0.071431137,0.388887489,0.2198649433,0.0910452465,0.1448359679,0.047394928,0.5492750788,0.1968112169,0.0616828084,0.0936686945,0.0309939884,0.6957677046,0.139046229,0.0405233835,-2.7542168554,-0.0170093575,1.8887493559,1.1468112261,-0.2643343691,-3.7160020026,-0.5305571547,4.9275076978,0.2190055722,-0.8999541128,-3.0924275187,-0.4700289157,4.5767706306,-0.2274867802,-0.786827416
conservative-technology--purchase-legacy-indexed--tax-plus30--index-adopted--gdp-on--electricity-north-reduction--ets2-high-market,scenarios/conservative-technology--purchase-legacy-indexed--tax-plus30--index-adopted--gdp-on--electricity-north-reduction--ets2-high-market.json,conservative_technology,False,legacy_indexed,plus30,adopted,on,north_reduction,high_market,0.2287711841,0.071431137,0.388887489,0.2198649433,0.0910452465,0.1304562458,0.0446194116,0.5629463856,0.2028763191,0.0591016379,0.080186916,0.02819416,0.7109920315,0.1429006838,0.0377262088,-2.7542168554,-0.0170093575,1.8887493559,1.1468112261,-0.2643343691,-5.1539742148,-0.8081087951,6.2946383762,0.8255157924,-1.1580711587,-4.44060537,-0.7500117613,6.0992033127,0.1579587,-1.0665448813
conservative-technology--purchase-legacy-indexed--tax-plus30--index-adopted--gdp-on--electricity-north-reduction--ets2-off,scenarios/conservative-technology--purchase-legacy-indexed--tax-plus30--index-adopted--gdp-on--electricity-north-reduction--ets2-off.json,conservative_technology,False,legacy_indexed,plus30,adopted,on,north_reduction,off,0.2287711841,0.071431137,0.388887489,0.2198649433,0.0910452465,0.1618570169,0.0505379679,0.5336194959,0.1895704487,0.0644150707,0.1088157071,0.0339764368,0.6793758572,0.1345260514,0.0433059475,-2.7542168554,-0.0170093575,1.8887493559,1.1468112261,-0.2643343691,-2.0138971038,-0.2162531716,3.3619494019,-0.5050712443,-0.6267278821,-1.5777262553,-0.1717840758,2.9375858844,-0.6795045375,-0.5085710159
conservative-technology--purchase-legacy-indexed--tax-plus30--index-adopted--gdp-on--electricity-industrial--ets2-adopted,scenarios/conservative-technology--purchase-legacy-indexed--tax-plus30--index-adopted--gdp-on--electricity-industrial--ets2-adopted.json,conservative_technology,False,legacy_indexed,plus30,adopted,on,industrial,adopted,0.2243754308,0.0700586143,0.3950203019,0.2207963614,0.0897492916,0.1412879181,0.0462338935,0.5554203921,0.1965804798,0.0604773165,0.0910156225,0.0301161148,0.7009543494,0.1383383642,0.0395755491,-3.1937921852,-0.1542616331,2.5020306425,1.239953032,-0.3939298562,-4.0708069787,-0.6466606099,5.5420390246,0.1959318666,-1.0205033025,-3.3577347138,-0.5578162835,5.095435106,-0.2982732592,-0.8816108494
conservative-technology--purchase-legacy-indexed--tax-plus30--index-adopted--gdp-on--electricity-industrial--ets2-high-market,scenarios/conservative-technology--purchase-legacy-indexed--tax-plus30--index-adopted--gdp-on--electricity-industrial--ets2-high-market.json,conservative_technology,False,legacy_indexed,plus30,adopted,on,industrial,high_market,0.2243754308,0.0700586143,0.3950203019,0.2207963614,0.0897492916,0.1271587903,0.0434915965,0.5689727275,0.2024765873,0.0579002984,0.0778431283,0.0273700714,0.715936547,0.1420407711,0.0368094822,-3.1937921852,-0.1542616331,2.5020306425,1.239953032,-0.3939298562,-5.4837197614,-0.9208903042,6.8972725674,0.7855426093,-1.278205111,-4.6749841363,-0.8324206226,6.5936548719,0.0719674315,-1.1582175444
conservative-technology--purchase-legacy-indexed--tax-plus30--index-adopted--gdp-on--electricity-industrial--ets2-off,scenarios/conservative-technology--purchase-legacy-indexed--tax-plus30--index-adopted--gdp-on--electricity-industrial--ets2-off.json,conservative_technology,False,legacy_indexed,plus30,adopted,on,industrial,off,0.2243754308,0.0700586143,0.3950203019,0.2207963614,0.0897492916,0.1580350094,0.0493445906,0.5398873179,0.1895196987,0.0632133835,0.1058370837,0.0330463964,0.6848099247,0.1339721772,0.0423344181,-3.1937921852,-0.1542616331,2.5020306425,1.239953032,-0.3939298562,-2.3960978498,-0.3355909018,3.9887316085,-0.5101462509,-0.746896606,-1.8755885981,-0.2647881222,3.4809926348,-0.7348919589,-0.6057239556
conservative-technology--purchase-legacy-indexed--tax-plus30--index-adopted--gdp-on--electricity-vat-reduced--ets2-adopted,scenarios/conservative-technology--purchase-legacy-indexed--tax-plus30--index-adopted--gdp-on--electricity-vat-reduced--ets2-adopted.json,conservative_technology,False,legacy_indexed,plus30,adopted,on,vat_reduced,adopted,0.2205864526,0.06887555,0.4003541111,0.2215617437,0.0886221426,0.1382541858,0.0452411599,0.5607234905,0.1963418954,0.0594392684,0.0887607036,0.0293699858,0.7054002806,0.1377040628,0.0387649673,-3.5726900058,-0.2725680634,3.0354115639,1.3164912603,-0.506644755,-4.3741802133,-0.7459339661,6.0723488713,0.1720734248,-1.1243081167,-3.5832266038,-0.6324291845,5.5400282222,-0.3617033988,-0.9626690351
conservative-technology--purchase-legacy-indexed--tax-plus30--index-adopted--gdp-on--electricity-vat-reduced--ets2-high-market,scenarios/conservative-technology--purchase-legacy-indexed--tax-plus30--index-adopted--gdp-on--electricity-vat-reduced--ets2-high-market.json,conservative_technology,False,legacy_indexed,plus30,adopted,on,vat_reduced,high_market,0.2205864526,0.06887555,0.4003541111,0.2215617437,0.0886221426,0.1243427664,0.0425284435,0.5741698827,0.202091606,0.0568673014,0.0758537948,0.0266706108,0.7201725783,0.1412763215,0.0360266947,-3.5726900058,-0.2725680634,3.0354115639,1.3164912603,-0.506644755,-5.7653221508,-1.0172056079,7.4169880848,0.7470444887,-1.3815048148,-4.8739174888,-0.9023666817,7.0172579929,-0.0044775303,-1.2364962921
conservative-technology--purchase-legacy-indexed--tax-plus30--index-adopted--gdp-on--electricity-vat-reduced--ets2-off,scenarios/conservative-technology--purchase-legacy-indexed--tax-plus30--index-adopted--gdp-on--electricity-vat-reduced--ets2-off.json,conservative_technology,False,legacy_indexed,plus30,adopted,on,vat_reduced,off,0.2205864526,0.06887555,0.4003541111,0.2215617437,0.0886221426,0.1547624998,0.0483227876,0.5453002322,0.189437569,0.0621769115,0.1033018317,0.0322547935,0.6894710104,0.1334701346,0.0415022299,-3.5726900058,-0.2725680634,3.0354115639,1.3164912603,-0.506644755,-2.7233488109,-0.4377712019,4.5300230325,-0.5183592133,-0.8505438063,-2.1291137977,-0.3439484122,3.9471012038,-0.7850962204,-0.6889427735
conservative-technology--purchase-legacy-indexed--tax-plus30--index-cpi-indexed--gdp-off--electricity-adopted--ets2-adopted,scenarios/conservative-technology--purchase-legacy-indexed--tax-plus30--index-cpi-indexed--gdp-off--electricity-adopted--ets2-adopted.json,conservative_technology,False,legacy_indexed,plus30,cpi_indexed,off,adopted,adopted,0.2411765004,0.0706521416,0.3801816112,0.2156441445,0.0923456024,0.1481548362,0.0480397508,0.5452887277,0.1960889015,0.0624277838,0.0960367713,0.0314936564,0.6924381769,0.138915482,0.0411159134,-1.5136852295,-0.0949089046,1.0181615742,0.7247313412,-0.1342987813,-3.384115172,-0.4660748758,4.5288725871,0.1467740347,-0.825456574,-2.8556198366,-0.4200621172,4.2438178527,-0.240561476,-0.727574423
conservative-technology--purchase-legacy-indexed--tax-plus30--index-cpi-indexed--gdp-off--electricity-adopted--ets2-high-market,scenarios/conservative-technology--purchase-legacy-indexed--tax-plus30--index-cpi-indexed--gdp-off--electricity-adopted--ets2-high-market.json,conservative_technology,False,legacy_indexed,plus30,cpi_indexed,off,adopted,high_market,0.2411765004,0.0706521416,0.3801816112,0.2156441445,0.0923456024,0.1333701547,0.0452303266,0.5592287829,0.2023436273,0.0598271085,0.0821318594,0.0286447754,0.708022647,0.1429231983,0.0382775199,-1.5136852295,-0.0949089046,1.0181615742,0.7247313412,-0.1342987813,-4.862583325,-0.7470172943,5.9228781064,0.772246613,-1.0855241001,-4.2461110333,-0.7049502221,5.8022648676,0.1602101548,-1.011413767
conservative-technology--purchase-legacy-indexed--tax-plus30--index-cpi-indexed--gdp-off--electricity-adopted--ets2-off,scenarios/conservative-technology--purchase-legacy-indexed--tax-plus30--index-cpi-indexed--gdp-off--electricity-adopted--ets2-off.json,conservative_technology,False,legacy_indexed,plus30,cpi_indexed,off,adopted,off,0.2411765004,0.0706521416,0.3801816112,0.2156441445,0.0923456024,0.1656715309,0.0512200405,0.5293083495,0.1886251777,0.0651749014,0.1116851491,0.034529275,0.6756270737,0.1342217525,0.0439367497,-1.5136852295,-0.0949089046,1.0181615742,0.7247313412,-0.1342987813,-1.6324456966,-0.1480459127,2.9308347675,-0.5995983501,-0.5507448081,-1.2907820549,-0.1165002563,2.5627075336,-0.7099344307,-0.4454907917
conservative-technology--purchase-legacy-indexed--tax-plus30--index-cpi-indexed--gdp-off--electricity-north-reduction--ets2-adopted,scenarios/conservative-technology--purchase-legacy-indexed--tax-plus30--index-cpi-indexed--gdp-off--electricity-north-reduction--ets2-adopted.json,conservative_technology,False,legacy_indexed,plus30,cpi_indexed,off,north_reduction,adopted,0.2396254014,0.0701977504,0.3822704552,0.2159956298,0.0919107632,0.1469171179,0.0476384161,0.5474024831,0.1960284071,0.0620135758,0.0951052762,0.0311881881,0.6942345793,0.1386842493,0.0407877071,-1.6687951274,-0.1403480185,1.2270459684,0.759879877,-0.1777826995,-3.5078870051,-0.5062083482,4.7402481299,0.1407245941,-0.8668773708,-2.9487693527,-0.4506089465,4.4234580952,-0.2636847439,-0.7603950522
conservative-technology--purchase-legacy-indexed--tax-plus30--index-cpi-indexed--gdp-off--electricity-north-reduction--ets2-high-market,scenarios/conservative-technology--purchase-legacy-indexed--tax-plus30--index-cpi-indexed--gdp-off--electricity-north-reduction--ets2-high-market.json,conservative_technology,False,legacy_indexed,plus30,cpi_indexed,off,north_reduction,high_market,0.2396254014,0.0701977504,0.3822704552,0.2159956298,0.0919107632,0.1322190971,0.0448399641,0.5613025065,0.2022248367,0.0594135955,0.0813087381,0.0283576989,0.7097351461,0.1426388151,0.0379596017,-1.6687951274,-0.1403480185,1.2270459684,0.759879877,-0.1777826995,-4.9776890787,-0.7860535453,6.1302504673,0.760367555,-1.1268753983,-4.3284231547,-0.7336578667,5.9735147754,0.1317718344,-1.0432055883
conservative-technology--purchase-legacy-indexed--tax-plus30--index-cpi-indexed--gdp-off--electricity-north-reduction--ets2-off,scenarios/conservative-technology--purchase-legacy-indexed--tax-plus30--index-cpi-indexed--gdp-off--electricity-north-reduction--ets2-off.json,conservative_technology,False,legacy_indexed,plus30,cpi_indexed,off,north_reduction,off,0.2396254014,0.0701977504,0.3822704552,0.2159956298,0.0919107632,0.1643393626,0.050808179,0.5314630013,0.1886265426,0.0647629145,0.1106397355,0.0342060685,0.6775090472,0.1340442025,0.0436009464,-1.6687951274,-0.1403480185,1.2270459684,0.759879877,-0.1777826995,-1.765662532,-0.1892320577,3.146299946,-0.5994618576,-0.5919434987,-1.3953234194,-0.1488209145,2.7509048869,-0.7276894278,-0.4790711253
conservative-technology--purchase-legacy-indexed--tax-plus30--index-cpi-indexed--gdp-off--electricity-industrial--ets2-adopted,scenarios/conservative-technology--purchase-legacy-indexed--tax-plus30--index-cpi-indexed--gdp-off--electricity-industrial--ets2-adopted.json,conservative_technology,False,legacy_indexed,plus30,cpi_indexed,off,industrial,adopted,0.2351068199,0.0688740416,0.3883938184,0.2169897815,0.0906355386,0.1433333309,0.04647636,0.5535628071,0.1958194149,0.0608080871,0.0924198638,0.030307552,0.6994446014,0.1379906936,0.0398372892,-2.1206532747,-0.2727188993,1.839382294,0.859295039,-0.305305159,-3.8662657,-0.6224139588,5.356280524,0.1198253787,-0.987426244,-3.217310589,-0.5386725633,4.9444603102,-0.3330403192,-0.8554368387
conservative-technology--purchase-legacy-indexed--tax-plus30--index-cpi-indexed--gdp-off--electricity-industrial--ets2-high-market,scenarios/conservative-technology--purchase-legacy-indexed--tax-plus30--index-cpi-indexed--gdp-off--electricity-industrial--ets2-high-market.json,conservative_technology,False,legacy_indexed,plus30,cpi_indexed,off,industrial,high_market,0.2351068199,0.0688740416,0.3883938184,0.2169897815,0.0906355386,0.1288892133,0.043710688,0.5673433207,0.2018453846,0.0582113934,0.0789381331,0.0275309132,0.7146997414,0.1417912061,0.0370400062,-2.1206532747,-0.2727188993,1.839382294,0.859295039,-0.305305159,-5.3106774619,-0.8989811593,6.7343318903,0.7224223469,-1.2470956161,-4.56548366,-0.8163364397,6.4699743107,0.0470109303,-1.1351651414
conservative-technology--purchase-legacy-indexed--tax-plus30--index-cpi-indexed--gdp-off--electricity-industrial--ets2-off,scenarios/conservative-technology--purchase-legacy-indexed--tax-plus30--index-cpi-indexed--gdp-off--electricity-industrial--ets2-off.json,conservative_technology,False,legacy_indexed,plus30,cpi_indexed,off,industrial,off,0.2351068199,0.0688740416,0.3883938184,0.2169897815,0.0906355386,0.1604781785,0.0496144313,0.5377460601,0.188598892,0.0635624381,0.1076227246,0.0332733106,0.6829699646,0.1335066298,0.0426273704,-2.1206532747,-0.2727188993,1.839382294,0.859295039,-0.305305159,-2.1517809357,-0.3086068238,3.7746058233,-0.6022269176,-0.7119911462,-1.6970245122,-0.2420966999,3.2969966225,-0.7814466923,-0.5764287182
conservative-technology--purchase-legacy-indexed--tax-plus30--index-cpi-indexed--gdp-off--electricity-vat-reduced--ets2-adopted,scenarios/conservative-technology--purchase-legacy-indexed--tax-plus30--index-cpi-indexed--gdp-off--electricity-vat-reduced--ets2-adopted.json,conservative_technology,False,legacy_indexed,plus30,cpi_indexed,off,vat_reduced,adopted,0.2312097522,0.0677324039,0.393721409,0.2178108596,0.0895255753,0.1402685434,0.0454825914,0.5588793297,0.1955996925,0.059769843,0.0901371552,0.0295589758,0.7039108369,0.137368655,0.0390243773,-2.5103600439,-0.3868826665,2.3721413492,0.9414028488,-0.4163014876,-4.1727444486,-0.7217908208,5.8879327881,0.0978531374,-1.091250656,-3.4455814521,-0.6135301833,5.3910838533,-0.395244181,-0.9367280368
conservative-technology--purchase-legacy-indexed--tax-plus30--index-cpi-indexed--gdp-off--electricity-vat-reduced--ets2-high-market,scenarios/conservative-technology--purchase-legacy-indexed--tax-plus30--index-cpi-indexed--gdp-off--electricity-vat-reduced--ets2-high-market.json,conservative_technology,False,legacy_indexed,plus30,cpi_indexed,off,vat_reduced,high_market,0.2312097522,0.0677324039,0.393721409,0.2178108596,0.0895255753,0.1260450872,0.0427461487,0.5725533434,0.2014779387,0.0571774819,0.0769258148,0.0268290856,0.7189531626,0.1410372646,0.0362546724,-2.5103600439,-0.3868826665,2.3721413492,0.9414028488,-0.4163014876,-5.5950900663,-0.9954350851,7.2553341598,0.6856777583,-1.3504867668,-4.7667154846,-0.8865191978,6.8953164259,-0.0283832172,-1.2136985263
conservative-technology--purchase-legacy-indexed--tax-plus30--index-cpi-indexed--gdp-off--electricity-vat-reduced--ets2-off,scenarios/conservative-technology--purchase-legacy-indexed--tax-plus30--index-cpi-indexed--gdp-off--electricity-vat-reduced--ets2-off.json,conservative_technology,False,legacy_indexed,plus30,cpi_indexed,off,vat_reduced,off,0.2312097522,0.0677324039,0.393721409,0.2178108596,0.0895255753,0.1571715109,0.0485921214,0.5431727122,0.1885368749,0.0625267806,0.1050543934,0.0324792694,0.68765445,0.1330186069,0.0417932803,-2.5103600439,-0.3868826665,2.3721413492,0.9414028488,-0.4163014876,-2.4824477003,-0.4108378164,4.3172710366,-0.6084286308,-0.8155568891,-1.953857631,-0.3215008236,3.7654451695,-0.8302489822,-0.6598377327
conservative-technology--purchase-legacy-indexed--tax-plus30--index-cpi-indexed--gdp-on--electricity-adopted--ets2-adopted,scenarios/conservative-technology--purchase-legacy-indexed--tax-plus30--index-cpi-indexed--gdp-on--electricity-adopted--ets2-adopted.json,conservative_technology,False,legacy_indexed,plus30,cpi_indexed,on,adopted,adopted,0.2396706458,0.0706524279,0.3811633289,0.2163004394,0.092213158,0.1429102177,0.0478169963,0.5498272183,0.1977997387,0.061645829,0.0887583684,0.0309924796,0.7000050017,0.1404189197,0.0398252307,-1.6642706846,-0.0948802656,1.1163333408,0.7903608332,-0.1475432238,-3.9085770224,-0.4883503316,4.9827216478,0.3178577588,-0.9036520526,-3.5834601334,-0.4701798005,5.0005003409,-0.0902177103,-0.8566426967
conservative-technology--purchase-legacy-indexed--tax-plus30--index-cpi-indexed--gdp-on--electricity-adopted--ets2-high-market,scenarios/conservative-technology--purchase-legacy-indexed--tax-plus30--index-cpi-indexed--gdp-on--electricity-adopted--ets2-high-market.json,conservative_technology,False,legacy_indexed,plus30,cpi_indexed,on,adopted,high_market,0.2396706458,0.0706524279,0.3811633289,0.2163004394,0.092213158,0.1289290873,0.0450094177,0.5632201658,0.2037530457,0.0590882836,0.0764307045,0.0282025532,0.7142591906,0.1439717931,0.0371357586,-1.6642706846,-0.0948802656,1.1163333408,0.7903608332,-0.1475432238,-5.3066900635,-0.7691081923,6.3220163963,0.9131884565,-1.159406597,-4.8162265231,-0.7491724409,6.4259192282,0.2650696362,-1.1255899005
conservative-technology--purchase-legacy-indexed--tax-plus30--index-cpi-indexed--gdp-on--electricity-adopted--ets2-off,scenarios/conservative-technology--purchase-legacy-indexed--tax-plus30--index-cpi-indexed--gdp-on--electricity-adopted--ets2-off.json,conservative_technology,False,legacy_indexed,plus30,cpi_indexed,on,adopted,off,0.2396706458,0.0706524279,0.3811633289,0.2163004394,0.092213158,0.1594128274,0.051001772,0.5345245341,0.1907064186,0.0643544479,0.1024729944,0.0339678191,0.6847896374,0.1362709194,0.0424986296,-1.6642706846,-0.0948802656,1.1163333408,0.7903608332,-0.1475432238,-2.2583160541,-0.1698727607,3.45245323,-0.3914742569,-0.6327901583,-2.211997529,-0.172645845,3.4789639084,-0.5050177337,-0.5893028007
conservative-technology--purchase-legacy-indexed--tax-plus30--index-cpi-indexed--gdp-on--electricity-north-reduction--ets2-adopted,scenarios/conservative-technology--purchase-legacy-indexed--tax-plus30--index-cpi-indexed--gdp-on--electricity-north-reduction--ets2-adopted.json,conservative_technology,False,legacy_indexed,plus30,cpi_indexed,on,north_reduction,adopted,0.2381246413,0.0701966818,0.3832526855,0.2166488182,0.0917771733,0.1417041364,0.0474134479,0.5519291436,0.1977217249,0.0612315472,0.0878843879,0.0306873047,0.7017625382,0.1401643216,0.0395014476,-1.8188711388,-0.1404548808,1.3252690035,0.8251987099,-0.1911416938,-4.0291851524,-0.5287051683,5.1929141806,0.3100563705,-0.9450802304,-3.6708581832,-0.5006972867,5.1762539886,-0.1156775149,-0.8890210038
conservative-technology--purchase-legacy-indexed--tax-plus30--index-cpi-indexed--gdp-on--electricity-north-reduction--ets2-high-market,scenarios/conservative-technology--purchase-legacy-indexed--tax-plus30--index-cpi-indexed--gdp-on--electricity-north-reduction--ets2-high-market.json,conservative_technology,False,legacy_indexed,plus30,cpi_indexed,on,north_reduction,high_market,0.2381246413,0.0701966818,0.3832526855,0.2166488182,0.0917771733,0.1278066391,0.0446175686,0.5652824344,0.2036179429,0.058675415,0.0756552733,0.0279164229,0.7159381936,0.1436673846,0.0368227256,-1.8188711388,-0.1404548808,1.3252690035,0.8251987099,-0.1911416938,-5.418934883,-0.8082930967,6.5282432603,0.8996781712,-1.2006934519,-4.8937696375,-0.7777854679,6.5938195231,0.2346287842,-1.1568932019
conservative-technology--purchase-legacy-indexed--tax-plus30--index-cpi-indexed--gdp-on--electricity-north-reduction--ets2-off,scenarios/conservative-technology--purchase-legacy-indexed--tax-plus30--index-cpi-indexed--gdp-on--electricity-north-reduction--ets2-off.json,conservative_technology,False,legacy_indexed,plus30,cpi_indexed,on,north_reduction,off,0.2381246413,0.0701966818,0.3832526855,0.2166488182,0.0917771733,0.1581155118,0.0505867151,0.5366672461,0.1906891372,0.0639413898,0.1014959113,0.033643935,0.6866271082,0.1360666638,0.0421663817,-1.8188711388,-0.1404548808,1.3252690035,0.8251987099,-0.1911416938,-2.3880476151,-0.2113784513,3.6667244303,-0.3932023958,-0.6740959681,-2.309705838,-0.2050342629,3.6627109918,-0.5254433004,-0.6225275904
conservative-technology--purchase-legacy-indexed--tax-plus30--index-cpi-indexed--gdp-on--electricity-industrial--ets2-adopted,scenarios/conservative-technology--purchase-legacy-indexed--tax-plus30--index-cpi-indexed--gdp-on--electricity-industrial--ets2-adopted.json,conservative_technology,False,legacy_indexed,plus30,cpi_indexed,on,industrial,adopted,0.233621186,0.0688691097,0.3893773009,0.2176337043,0.0904986991,0.1382129166,0.0462453044,0.5580540399,0.1974615032,0.060026236,0.0853659412,0.0298079183,0.7068587541,0.1394030657,0.0385643207,-2.2692166681,-0.2732120858,1.9377305428,0.923687318,-0.3189891069,-4.3783071322,-0.6455195198,5.8054038081,0.2840341993,-1.0656113554,-3.9227028466,-0.588635931,5.6858755748,-0.1918031065,-0.9827336907
conservative-technology--purchase-legacy-indexed--tax-plus30--index-cpi-indexed--gdp-on--electricity-industrial--ets2-high-market,scenarios/conservative-technology--purchase-legacy-indexed--tax-plus30--index-cpi-indexed--gdp-on--electricity-industrial--ets2-high-market.json,conservative_technology,False,legacy_indexed,plus30,cpi_indexed,on,industrial,high_market,0.233621186,0.0688691097,0.3893773009,0.2176337043,0.0904986991,0.1245603093,0.043484268,0.5712890958,0.2031908997,0.0574754271,0.0734228742,0.0270926786,0.720804904,0.1427618959,0.0359176473,-2.2692166681,-0.2732120858,1.9377305428,0.923687318,-0.3189891069,-5.7435678594,-0.9216231569,7.1289093996,0.8569738574,-1.3206922407,-5.1170095501,-0.8601598952,7.0804905641,0.1440799088,-1.2474010277
conservative-technology--purchase-legacy-indexed--tax-plus30--index-cpi-indexed--gdp-on--electricity-industrial--ets2-off,scenarios/conservative-technology--purchase-legacy-indexed--tax-plus30--index-cpi-indexed--gdp-on--electricity-industrial--ets2-off.json,conservative_technology,False,legacy_indexed,plus30,cpi_indexed,on,industrial,off,0.233621186,0.0688691097,0.3893773009,0.2176337043,0.0904986991,0.1543565295,0.0493840844,0.5429143246,0.1906068155,0.062738246,0.0986776376,0.0327097317,0.691957404,0.1354515182,0.0412037085,-2.2692166681,-0.2732120858,1.9377305428,0.923687318,-0.3189891069,-2.7639458395,-0.3316415182,4.291432276,-0.401434571,-0.7944103473,-2.5915332042,-0.2984545935,4.1957405649,-0.5869578562,-0.718794911
conservative-technology--purchase-legacy-indexed--tax-plus30--index-cpi-indexed--gdp-on--electricity-vat-reduced--ets2-adopted,scenarios/conservative-technology--purchase-legacy-indexed--tax-plus30--index-cpi-indexed--gdp-on--electricity-vat-reduced--ets2-adopted.json,conservative_technology,False,legacy_indexed,plus30,cpi_indexed,on,vat_reduced,adopted,0.2297375065,0.0677242412,0.3947056788,0.218446534,0.0893860395,0.1352284323,0.0452467119,0.563338862,0.1971973825,0.0589886114,0.08322652,0.0290608792,0.7112261651,0.1387230896,0.037763346,-2.6575846127,-0.3876989397,2.4705683345,1.0049702905,-0.4302550725,-4.6767555559,-0.7453787698,6.3338860119,0.2576221305,-1.1693738166,-4.1366449654,-0.6633398364,6.1226166745,-0.2598007147,-1.0628311579
conservative-technology--purchase-legacy-indexed--tax-plus30--index-cpi-indexed--gdp-on--electricity-vat-reduced--ets2-high-market,scenarios/conservative-technology--purchase-legacy-indexed--tax-plus30--index-cpi-indexed--gdp-on--electricity-vat-reduced--ets2-high-market.json,conservative_technology,False,legacy_indexed,plus30,cpi_indexed,on,vat_reduced,high_market,0.2297375065,0.0677242412,0.3947056788,0.218446534,0.0893860395,0.1217884841,0.042516618,0.5764687354,0.2027823379,0.0564438246,0.0715288806,0.0263938043,0.7249735576,0.1419585907,0.0351451668,-2.6575846127,-0.3876989397,2.4705683345,1.0049702905,-0.4302550725,-6.0207503786,-1.0183881619,7.6468733596,0.8161176703,-1.4238524894,-5.3064089117,-0.930047326,7.497355927,0.0637493931,-1.3246490825
conservative-technology--purchase-legacy-indexed--tax-plus30--index-cpi-indexed--gdp-on--electricity-vat-reduced--ets2-off,scenarios/conservative-technology--purchase-legacy-indexed--tax-plus30--index-cpi-indexed--gdp-on--electricity-vat-reduced--ets2-off.json,conservative_technology,False,legacy_indexed,plus30,cpi_indexed,on,vat_reduced,off,0.2297375065,0.0677242412,0.3947056788,0.218446534,0.0893860395,0.1511387925,0.0483546171,0.5483085193,0.1904972426,0.0617008285,0.0962803008,0.0319150608,0.6965280987,0.1348968776,0.0403796621,-2.6575846127,-0.3876989397,2.4705683345,1.0049702905,-0.4302550725,-3.0857195361,-0.4345882445,4.8308517449,-0.4123918603,-0.8981521041,-2.8312668872,-0.3779216807,4.6528100418,-0.6424219217,-0.8011995522
conservative-technology--purchase-high-indexed--tax-adopted--index-adopted--gdp-off--electricity-adopted--ets2-adopted,scenarios/conservative-technology--purchase-high-indexed--tax-adopted--index-adopted--gdp-off--electricity-adopted--ets2-adopted.json,conservative_technology,False,high_indexed,adopted,adopted,off,adopted,adopted,0.2563133527,0.0716012306,0.3699999955,0.2083968311,0.0936885902,0.1602382988,0.046400135,0.5438255453,0.187303773,0.0622322479,0.1067958235,0.0305956249,0.6887196048,0.1324096647,0.041479282,0.0,0.0,0.0,0.0,0.0,-2.1757689087,-0.6300364628,4.3825543447,-0.7317388153,-0.8450101579,-1.7797146156,-0.5098652652,3.871960646,-0.8911432054,-0.6912375598
conservative-technology--purchase-high-indexed--tax-adopted--index-adopted--gdp-off--electricity-adopted--ets2-high-market,scenarios/conservative-technology--purchase-high-indexed--tax-adopted--index-adopted--gdp-off--electricity-adopted--ets2-high-market.json,conservative_technology,False,high_indexed,adopted,adopted,off,adopted,high_market,0.2563133527,0.0716012306,0.3699999955,0.2083968311,0.0936885902,0.1429124135,0.0437000402,0.559601279,0.1942574634,0.0595288038,0.0898218905,0.0277964496,0.7068542748,0.1370939547,0.0384334304,0.0,0.0,0.0,0.0,0.0,-3.908357442,-0.9000459339,5.9601277183,-0.0363697737,-1.1153545687,-3.477107914,-0.789782801,5.6854276456,-0.422714208,-0.9958227226
conservative-technology--purchase-high-indexed--tax-adopted--index-adopted--gdp-off--electricity-adopted--ets2-off,scenarios/conservative-technology--purchase-high-indexed--tax-adopted--index-adopted--gdp-off--electricity-adopted--ets2-off.json,conservative_technology,False,high_indexed,adopted,adopted,off,adopted,off,0.2563133527,0.0716012306,0.3699999955,0.2083968311,0.0936885902,0.1811003146,0.0494280398,0.5254845591,0.1789159617,0.0650711248,0.1264451778,0.033560436,0.6686526242,0.1268299894,0.0445117726,0.0,0.0,0.0,0.0,0.0,-0.0895673322,-0.327245981,2.5484557304,-1.5705199496,-0.5611224675,0.185220807,-0.2133841583,1.8652625846,-1.449110732,-0.3879885013
conservative-technology--purchase-high-indexed--tax-adopted--index-adopted--gdp-off--electricity-north-reduction--ets2-adopted,scenarios/conservative-technology--purchase-high-indexed--tax-adopted--index-adopted--gdp-off--electricity-north-reduction--ets2-adopted.json,conservative_technology,False,high_indexed,adopted,adopted,off,north_reduction,adopted,0.2547167098,0.0711552078,0.3720827182,0.2087789675,0.0932663966,0.1589210664,0.0460187045,0.5459613067,0.1872712463,0.0618276761,0.1057780603,0.0303040489,0.6905508088,0.1322118693,0.0411552126,-0.1596642865,-0.044602278,0.2082722737,0.0382136454,-0.0422193546,-2.3074921517,-0.6681795053,4.5961304848,-0.7349914863,-0.8854673414,-1.8814909356,-0.5390228672,4.055081044,-0.9109227419,-0.7236444993
conservative-technology--purchase-high-indexed--tax-adopted--index-adopted--gdp-off--electricity-north-reduction--ets2-high-market,scenarios/conservative-technology--purchase-high-indexed--tax-adopted--index-adopted--gdp-off--electricity-north-reduction--ets2-high-market.json,conservative_technology,False,high_indexed,adopted,adopted,off,north_reduction,high_market,0.2547167098,0.0711552078,0.3720827182,0.2087789675,0.0932663966,0.1416934569,0.0433273053,0.5616926241,0.194163229,0.0591233846,0.0889326915,0.0275212764,0.7085890214,0.1368380823,0.0381189284,-0.1596642865,-0.044602278,0.2082722737,0.0382136454,-0.0422193546,-4.0302530958,-0.9373194278,6.1692622292,-0.0457932125,-1.155896493,-3.5660278162,-0.8173001196,5.8589023082,-0.4483014512,-1.0272729213
conservative-technology--purchase-high-indexed--tax-adopted--index-adopted--gdp-off--electricity-north-reduction--ets2-off,scenarios/conservative-technology--purchase-high-indexed--tax-adopted--index-adopted--gdp-off--electricity-north-reduction--ets2-off.json,conservative_technology,False,high_indexed,adopted,adopted,off,north_reduction,off,0.2547167098,0.0711552078,0.3720827182,0.2087789675,0.0932663966,0.1796756657,0.0490392077,0.5276652538,0.1789487112,0.0646711616,0.1252901531,0.0332538752,0.6705832454,0.1266910848,0.0441816415,-0.1596642865,-0.044602278,0.2082722737,0.0382136454,-0.0422193546,-0.2320322194,-0.366129183,2.7665251919,-1.5672449947,-0.6011187948,0.0697183387,-0.244040236,2.0583247042,-1.4630011974,-0.4210016096
conservative-technology--purchase-high-indexed--tax-adopted--index-adopted--gdp-off--electricity-industrial--ets2-adopted,scenarios/conservative-technology--purchase-high-indexed--tax-adopted--index-adopted--gdp-off--electricity-industrial--ets2-adopted.json,conservative_technology,False,high_indexed,adopted,adopted,off,industrial,adopted,0.2500623354,0.0698550066,0.3781907723,0.2098647684,0.0920271173,0.1551053663,0.0449137939,0.5521861515,0.1871450731,0.0606496152,0.1028424382,0.0294630311,0.6958621561,0.1316161416,0.040216233,-0.6251017261,-0.1746224002,0.8190776784,0.1467937335,-0.1661472856,-2.6890621608,-0.778670568,5.218614964,-0.7476088055,-1.0032734298,-2.1750531529,-0.6231246532,4.5862157776,-0.9704955121,-0.8175424594
conservative-technology--purchase-high-indexed--tax-adopted--index-adopted--gdp-off--electricity-industrial--ets2-high-market,scenarios/conservative-technology--purchase-high-indexed--tax-adopted--index-adopted--gdp-off--electricity-industrial--ets2-high-market.json,conservative_technology,False,high_indexed,adopted,adopted,off,industrial,high_market,0.2500623354,0.0698550066,0.3781907723,0.2098647684,0.0920271173,0.1381659646,0.0422486617,0.567784696,0.1938564286,0.0579442491,0.0863708366,0.02672848,0.7136180107,0.1360738314,0.0372088414,-0.6251017261,-0.1746224002,0.8190776784,0.1467937335,-0.1661472856,-4.38300233,-1.0451837858,6.7784694186,-0.0764732558,-1.2738100471,-3.8222133095,-0.8965797596,6.3618012341,-0.5247265398,-1.1182816252
conservative-technology--purchase-high-indexed--tax-adopted--index-adopted--gdp-off--electricity-industrial--ets2-off,scenarios/conservative-technology--purchase-high-indexed--tax-adopted--index-adopted--gdp-off--electricity-industrial--ets2-off.json,conservative_technology,False,high_indexed,adopted,adopted,off,industrial,off,0.2500623354,0.0698550066,0.3781907723,0.2098647684,0.0920271173,0.1755440684,0.0479115633,0.5340252816,0.1790141727,0.0635049139,0.1219545104,0.0323685459,0.6761864553,0.1262667279,0.0432237605,-0.6251017261,-0.1746224002,0.8190776784,0.1467937335,-0.1661472856,-0.645191951,-0.4788936235,3.402527974,-1.5606988419,-0.7177435576,-0.2638459326,-0.3325731685,2.6186457013,-1.5054368902,-0.5167897101
conservative-technology--purchase-high-indexed--tax-adopted--index-adopted--gdp-off--electricity-vat-reduced--ets2-adopted,scenarios/conservative-technology--purchase-high-indexed--tax-adopted--index-adopted--gdp-off--electricity-vat-reduced--ets2-adopted.json,conservative_technology,False,high_indexed,adopted,adopted,off,vat_reduced,adopted,0.2460444059,0.0687325965,0.3835082192,0.2107677087,0.0909470696,0.1518402573,0.0439683177,0.5575587905,0.1869983742,0.0596342603,0.1003452651,0.0287476232,0.7004156833,0.1310789642,0.0394124641,-1.0268946721,-0.2868634094,1.3508223701,0.2370877655,-0.274152054,-3.0155730643,-0.8732181892,5.75587887,-0.7622786959,-1.1048089206,-2.4247704592,-0.6946654381,5.0415684966,-1.0242132522,-0.8979193472
conservative-technology--purchase-high-indexed--tax-adopted--index-adopted--gdp-off--electricity-vat-reduced--ets2-high-market,scenarios/conservative-technology--purchase-high-indexed--tax-adopted--index-adopted--gdp-off--electricity-vat-reduced--ets2-high-market.json,conservative_technology,False,high_indexed,adopted,adopted,off,vat_reduced,high_market,0.2460444059,0.0687325965,0.3835082192,0.2107677087,0.0909470696,0.1351516563,0.0413269406,0.5730388125,0.1935529664,0.0569296242,0.0841950625,0.0260551609,0.7179264546,0.1353921348,0.0364311872,-1.0268946721,-0.2868634094,1.3508223701,0.2370877655,-0.274152054,-4.6844331648,-1.1373559022,7.3038810684,-0.1068194736,-1.3752725278,-4.0397907175,-0.9639116697,6.7926456243,-0.5928961951,-1.196047042
conservative-technology--purchase-high-indexed--tax-adopted--index-adopted--gdp-off--electricity-vat-reduced--ets2-off,scenarios/conservative-technology--purchase-high-indexed--tax-adopted--index-adopted--gdp-off--electricity-vat-reduced--ets2-off.json,conservative_technology,False,high_indexed,adopted,adopted,off,vat_reduced,off,0.2460444059,0.0687325965,0.3835082192,0.2107677087,0.0909470696,0.1720030107,0.046945096,0.5395196086,0.1790344601,0.0624978246,0.1191122179,0.0316141591,0.6809943049,0.1258770905,0.0424022276,-1.0268946721,-0.2868634094,1.3508223701,0.2370877655,-0.274152054,-0.9992977176,-0.5755403574,3.9519606758,-1.5586701107,-0.8184524901,-0.5480751773,-0.4080118491,3.099430661,-1.5444006293,-0.5989430053
conservative-technology--purchase-high-indexed--tax-adopted--index-adopted--gdp-on--electricity-adopted--ets2-adopted,scenarios/conservative-technology--purchase-high-indexed--tax-adopted--index-adopted--gdp-on--electricity-adopted--ets2-adopted.json,conservative_technology,False,high_indexed,adopted,adopted,on,adopted,adopted,0.2549045998,0.0716316936,0.3708882061,0.2089916179,0.0935838825,0.1556780622,0.0462829141,0.5476477551,0.1887528547,0.0616384139,0.1006102243,0.0303084095,0.6948491111,0.1336982743,0.0405339808,-0.140875283,0.0030463029,0.0888210601,0.0594786864,-0.0104707664,-2.6317925671,-0.6417585498,4.7647753253,-0.5868306428,-0.9043935656,-2.3982745409,-0.5385868116,4.4849112816,-0.7622822463,-0.7857676827
conservative-technology--purchase-high-indexed--tax-adopted--index-adopted--gdp-on--electricity-adopted--ets2-high-market,scenarios/conservative-technology--purchase-high-indexed--tax-adopted--index-adopted--gdp-on--electricity-adopted--ets2-high-market.json,conservative_technology,False,high_indexed,adopted,adopted,on,adopted,high_market,0.2549045998,0.0716316936,0.3708882061,0.2089916179,0.0935838825,0.1391085377,0.0435701052,0.5629174649,0.1954392296,0.0589646625,0.0851091158,0.0275280258,0.7117787213,0.1379848198,0.0375993173,-0.140875283,0.0030463029,0.0888210601,0.0594786864,-0.0104707664,-4.2887450182,-0.9130394384,6.2917463091,0.0818068465,-1.1717686991,-3.948385391,-0.8166251751,6.1778722928,-0.3336276932,-1.0792340335
conservative-technology--purchase-high-indexed--tax-adopted--index-adopted--gdp-on--electricity-adopted--ets2-off,scenarios/conservative-technology--purchase-high-indexed--tax-adopted--index-adopted--gdp-on--electricity-adopted--ets2-off.json,conservative_technology,False,high_indexed,adopted,adopted,on,adopted,off,0.2549045998,0.0716316936,0.3708882061,0.2089916179,0.0935838825,0.1755635368,0.0493357652,0.5299472882,0.1806982473,0.0644551625,0.1183787955,0.0332660674,0.676286008,0.1286083704,0.0434607586,-0.140875283,0.0030463029,0.0888210601,0.0594786864,-0.0104707664,-0.6432451106,-0.3364734399,2.9947286411,-1.3922913884,-0.6227187022,-0.6214174211,-0.2428210151,2.6286009669,-1.271272633,-0.4930898978
conservative-technology--purchase-high-indexed--tax-adopted--index-adopted--gdp-on--electricity-north-reduction--ets2-adopted,scenarios/conservative-technology--purchase-high-indexed--tax-adopted--index-adopted--gdp-on--electricity-north-reduction--ets2-adopted.json,conservative_technology,False,high_indexed,adopted,adopted,on,north_reduction,adopted,0.2533123519,0.0711842501,0.3729716237,0.2093712244,0.0931605498,0.1543872282,0.0458991506,0.5497737941,0.1887065226,0.0612333045,0.0996395386,0.0300159945,0.6966493104,0.1334826507,0.0402125059,-0.3001000702,-0.0416980493,0.2971628219,0.0974393348,-0.0528040373,-2.7608759659,-0.6801349001,4.9773792239,-0.5914638548,-0.9449045032,-2.4953431095,-0.5678283122,4.6649312035,-0.7838446074,-0.8179151744
conservative-technology--purchase-high-indexed--tax-adopted--index-adopted--gdp-on--electricity-north-reduction--ets2-high-market,scenarios/conservative-technology--purchase-high-indexed--tax-adopted--index-adopted--gdp-on--electricity-north-reduction--ets2-high-market.json,conservative_technology,False,high_indexed,adopted,adopted,on,north_reduction,high_market,0.2533123519,0.0711842501,0.3729716237,0.2093712244,0.0931605498,0.137913351,0.0431957615,0.5649993503,0.1953321353,0.0585594019,0.0842583052,0.0272528363,0.7134871013,0.1377137744,0.0372879828,-0.3001000702,-0.0416980493,0.2971628219,0.0974393348,-0.0528040373,-4.4082636881,-0.9504738124,6.4999348465,0.0710974165,-1.2122947625,-4.03346645,-0.8441441262,6.3487102927,-0.3607322324,-1.1103674842
conservative-technology--purchase-high-indexed--tax-adopted--index-adopted--gdp-on--electricity-north-reduction--ets2-off,scenarios/conservative-technology--purchase-high-indexed--tax-adopted--index-adopted--gdp-on--electricity-north-reduction--ets2-off.json,conservative_technology,False,high_indexed,adopted,adopted,on,north_reduction,off,0.2533123519,0.0711842501,0.3729716237,0.2093712244,0.0931605498,0.1741680277,0.048943608,0.5321183158,0.1807163651,0.0640536835,0.1172805621,0.0329574488,0.6781807611,0.1284490177,0.0431322103,-0.3001000702,-0.0416980493,0.2971628219,0.0974393348,-0.0528040373,-0.7827960197,-0.3756891621,3.2118313928,-1.3904796099,-0.662866601,-0.7312407626,-0.2736828825,2.8180762808,-1.2872079072,-0.5259447285
conservative-technology--purchase-high-indexed--tax-adopted--index-adopted--gdp-on--electricity-industrial--ets2-adopted,scenarios/conservative-technology--purchase-high-indexed--tax-adopted--index-adopted--gdp-on--electricity-industrial--ets2-adopted.json,conservative_technology,False,high_indexed,adopted,adopted,on,industrial,adopted,0.2486710535,0.0698799815,0.3790814857,0.2104494544,0.0919180249,0.1506488602,0.0447877379,0.5559694729,0.1885399275,0.0600540015,0.0968407349,0.0291728666,0.7018697811,0.1328351882,0.0392814291,-0.7642299121,-0.1721249096,0.9081490203,0.2052623324,-0.1770565309,-3.1347127746,-0.7912761659,5.5969471071,-0.6081233644,-1.0628348021,-2.7752234743,-0.652141102,5.1869782768,-0.8485908534,-0.911022847
conservative-technology--purchase-high-indexed--tax-adopted--index-adopted--gdp-on--electricity-industrial--ets2-high-market,scenarios/conservative-technology--purchase-high-indexed--tax-adopted--index-adopted--gdp-on--electricity-industrial--ets2-high-market.json,conservative_technology,False,high_indexed,adopted,adopted,on,industrial,high_market,0.2486710535,0.0698799815,0.3790814857,0.2104494544,0.0919180249,0.1344553417,0.0421126804,0.5710631935,0.1949877787,0.0573810057,0.0818077893,0.0264602319,0.7184389983,0.136905616,0.0363873645,-0.7642299121,-0.1721249096,0.9081490203,0.2052623324,-0.1770565309,-4.7540646156,-1.0587819222,7.106319168,0.0366617506,-1.3301343807,-4.2785180343,-0.9234045707,6.843899999,-0.4415480789,-1.2004293152
conservative-technology--purchase-high-indexed--tax-adopted--index-adopted--gdp-on--electricity-industrial--ets2-off,scenarios/conservative-technology--purchase-high-indexed--tax-adopted--index-adopted--gdp-on--electricity-industrial--ets2-off.json,conservative_technology,False,high_indexed,adopted,adopted,on,industrial,off,0.2486710535,0.0698799815,0.3790814857,0.2104494544,0.0919180249,0.1701220173,0.0478066235,0.5384491144,0.1807388509,0.0628833939,0.1141103454,0.0320665744,0.6836785224,0.1279651509,0.042179407,-0.7642299121,-0.1721249096,0.9081490203,0.2052623324,-0.1770565309,-1.1873970603,-0.4893876117,3.8449112538,-1.388231023,-0.7798955588,-1.0482624272,-0.3627703245,3.3678524075,-1.3355945912,-0.6212250647
conservative-technology--purchase-high-indexed--tax-adopted--index-adopted--gdp-on--electricity-vat-reduced--ets2-adopted,scenarios/conservative-technology--purchase-high-indexed--tax-adopted--index-adopted--gdp-on--electricity-vat-reduced--ets2-adopted.json,conservative_technology,False,high_indexed,adopted,adopted,on,vat_reduced,adopted,0.2446647296,0.0687541495,0.3844002292,0.211345625,0.0908352667,0.1474509476,0.0438370021,0.5613159558,0.1883581338,0.0590379607,0.094461157,0.0284560287,0.7063442905,0.1322536433,0.0384848806,-1.1648623026,-0.284708114,1.4400233671,0.2948793937,-0.2853323441,-3.454504032,-0.8863497497,6.1315953929,-0.6263027333,-1.1644388779,-3.013181272,-0.7238248939,5.6344292156,-0.9067453475,-0.9906777022
conservative-technology--purchase-high-indexed--tax-adopted--index-adopted--gdp-on--electricity-vat-reduced--ets2-high-market,scenarios/conservative-technology--purchase-high-indexed--tax-adopted--index-adopted--gdp-on--electricity-vat-reduced--ets2-high-market.json,conservative_technology,False,high_indexed,adopted,adopted,on,vat_reduced,high_market,0.2446647296,0.0687541495,0.3844002292,0.211345625,0.0908352667,0.1315012329,0.0411874256,0.5762921685,0.1946518254,0.0563673476,0.0797274433,0.0257873566,0.7226806326,0.1361864092,0.0356181584,-1.1648623026,-0.284708114,1.4400233671,0.2948793937,-0.2853323441,-5.0494755014,-1.1513073961,7.6292166663,0.0030664257,-1.4315001945,-4.486552643,-0.9906920995,7.2680634254,-0.5134687572,-1.2773499257
conservative-technology--purchase-high-indexed--tax-adopted--index-adopted--gdp-on--electricity-vat-reduced--ets2-off,scenarios/conservative-technology--purchase-high-indexed--tax-adopted--index-adopted--gdp-on--electricity-vat-reduced--ets2-off.json,conservative_technology,False,high_indexed,adopted,adopted,on,vat_reduced,off,0.2446647296,0.0687541495,0.3844002292,0.211345625,0.0908352667,0.1666555969,0.0468325117,0.5439169605,0.1807216661,0.0618732648,0.1114106827,0.031307932,0.6883943098,0.1275242723,0.0413628033,-1.1648623026,-0.284708114,1.4400233671,0.2948793937,-0.2853323441,-1.5340391004,-0.586798786,4.3916958655,-1.3899495053,-0.8809084738,-1.3182287009,-0.4386345553,3.839431142,-1.3796824513,-0.7028854344
conservative-technology--purchase-high-indexed--tax-adopted--index-cpi-indexed--gdp-off--electricity-adopted--ets2-adopted,scenarios/conservative-technology--purchase-high-indexed--tax-adopted--index-cpi-indexed--gdp-off--electricity-adopted--ets2-adopted.json,conservative_technology,False,high_indexed,adopted,cpi_indexed,off,adopted,adopted,0.2647103007,0.0704102866,0.3651835181,0.2055239767,0.0941719179,0.1575298851,0.0464570747,0.5460303994,0.1880821047,0.0619005361,0.1018897328,0.0304525027,0.6935270253,0.1333836611,0.0407470781,0.8396948075,-0.1190943951,-0.4816477425,-0.2872854383,0.0483327684,-2.4466102844,-0.6243424842,4.603039752,-0.6539056413,-0.878181342,-2.2703236877,-0.5241774853,4.3527026985,-0.7937435688,-0.7644579567
conservative-technology--purchase-high-indexed--tax-adopted--index-cpi-indexed--gdp-off--electricity-adopted--ets2-high-market,scenarios/conservative-technology--purchase-high-indexed--tax-adopted--index-cpi-indexed--gdp-off--electricity-adopted--ets2-high-market.json,conservative_technology,False,high_indexed,adopted,cpi_indexed,off,adopted,high_market,0.2647103007,0.0704102866,0.3651835181,0.2055239767,0.0941719179,0.1406572899,0.0437303459,0.5615136872,0.1948858539,0.0592128232,0.0860893383,0.0276503458,0.7107135929,0.1377598171,0.0377869059,0.8396948075,-0.1190943951,-0.4816477425,-0.2872854383,0.0483327684,-4.1338698011,-0.8970153726,6.1513685354,0.0264692738,-1.1469526355,-3.8503631372,-0.8043931765,6.0713594534,-0.3561279657,-1.060475174
conservative-technology--purchase-high-indexed--tax-adopted--index-cpi-indexed--gdp-off--electricity-adopted--ets2-off,scenarios/conservative-technology--purchase-high-indexed--tax-adopted--index-cpi-indexed--gdp-off--electricity-adopted--ets2-off.json,conservative_technology,False,high_indexed,adopted,cpi_indexed,off,adopted,off,0.2647103007,0.0704102866,0.3651835181,0.2055239767,0.0941719179,0.1778048601,0.0495247503,0.528060001,0.1798818654,0.0647285232,0.120037277,0.0334344976,0.6746450341,0.1281845225,0.0436986687,0.8396948075,-0.1190943951,-0.4816477425,-0.2872854383,0.0483327684,-0.4191127831,-0.3175749283,2.8059999202,-1.4739295767,-0.5953826321,-0.4555692672,-0.2259779979,2.4645035818,-1.3136574229,-0.4692988938
conservative-technology--purchase-high-indexed--tax-adopted--index-cpi-indexed--gdp-off--electricity-north-reduction--ets2-adopted,scenarios/conservative-technology--purchase-high-indexed--tax-adopted--index-cpi-indexed--gdp-off--electricity-north-reduction--ets2-adopted.json,conservative_technology,False,high_indexed,adopted,cpi_indexed,off,north_reduction,adopted,0.2630850321,0.0699779815,0.3672616202,0.2059193806,0.0937559855,0.1562285644,0.0460733028,0.5481607161,0.1880417966,0.0614956202,0.1009093731,0.0301594957,0.695334079,0.1331720693,0.0404249829,0.6771679472,-0.1623249109,-0.2738375234,-0.247745047,0.0067395342,-2.5767423519,-0.6627196797,4.8160714224,-0.6579364543,-0.9186729365,-2.3683596623,-0.5534781882,4.5334080634,-0.8149027439,-0.7966674691
conservative-technology--purchase-high-indexed--tax-adopted--index-cpi-indexed--gdp-off--electricity-north-reduction--ets2-high-market,scenarios/conservative-technology--purchase-high-indexed--tax-adopted--index-cpi-indexed--gdp-off--electricity-north-reduction--ets2-high-market.json,conservative_technology,False,high_indexed,adopted,cpi_indexed,off,north_reduction,high_market,0.2630850321,0.0699779815,0.3672616202,0.2059193806,0.0937559855,0.1394526103,0.043355811,0.5635997241,0.1947843895,0.0588074651,0.0852305951,0.027374533,0.7124278086,0.1374922246,0.0374748387,0.6771679472,-0.1623249109,-0.2738375234,-0.247745047,0.0067395342,-4.2543377642,-0.9344688575,6.3599722225,0.0163228384,-1.1874884392,-3.9362374539,-0.8319744613,6.2427810261,-0.3828872208,-1.0916818901
conservative-technology--purchase-high-indexed--tax-adopted--index-cpi-indexed--gdp-off--electricity-north-reduction--ets2-off,scenarios/conservative-technology--purchase-high-indexed--tax-adopted--index-cpi-indexed--gdp-off--electricity-north-reduction--ets2-off.json,conservative_technology,False,high_indexed,adopted,cpi_indexed,off,north_reduction,off,0.2630850321,0.0699779815,0.3672616202,0.2059193806,0.0937559855,0.1763978546,0.049132851,0.5302353021,0.1799063463,0.064327646,0.1189274431,0.0331253708,0.6765477134,0.1280297704,0.0433697024,0.6771679472,-0.1623249109,-0.2738375234,-0.247745047,0.0067395342,-0.5598133336,-0.3567648562,3.0235300308,-1.4714814865,-0.6354703545,-0.5665526628,-0.2568906791,2.654771505,-1.3291326398,-0.5021955233
conservative-technology--purchase-high-indexed--tax-adopted--index-cpi-indexed--gdp-off--electricity-industrial--ets2-adopted,scenarios/conservative-technology--purchase-high-indexed--tax-adopted--index-cpi-indexed--gdp-off--electricity-industrial--ets2-adopted.json,conservative_technology,False,high_indexed,adopted,cpi_indexed,off,industrial,adopted,0.2583458097,0.0687173958,0.3733573563,0.207044858,0.0925345801,0.152459449,0.0449617545,0.5543692123,0.187892844,0.0603167403,0.0980824457,0.029314592,0.7005746291,0.1325363088,0.0394920245,0.2032457092,-0.2883834758,0.3357360803,-0.1351973078,-0.1154010059,-2.9536538943,-0.7738745103,5.4369210454,-0.6728317202,-1.0365609206,-2.6510523987,-0.6379685592,5.0574630739,-0.8784788007,-0.8899633153
conservative-technology--purchase-high-indexed--tax-adopted--index-cpi-indexed--gdp-off--electricity-industrial--ets2-high-market,scenarios/conservative-technology--purchase-high-indexed--tax-adopted--index-cpi-indexed--gdp-off--electricity-industrial--ets2-high-market.json,conservative_technology,False,high_indexed,adopted,cpi_indexed,off,industrial,high_market,0.2583458097,0.0687173958,0.3733573563,0.207044858,0.0925345801,0.1359668301,0.0422720821,0.5696759439,0.194456479,0.0576286649,0.0827570657,0.0265800798,0.7173967603,0.1366940608,0.0365720335,0.2032457092,-0.2883834758,0.3357360803,-0.1351973078,-0.1154010059,-4.6029157782,-1.0428417483,6.9675942028,-0.0164682151,-1.3053684612,-4.1835904032,-0.9114197761,6.7396761961,-0.4627036007,-1.181962416
conservative-technology--purchase-high-indexed--tax-adopted--index-cpi-indexed--gdp-off--electricity-industrial--ets2-off,scenarios/conservative-technology--purchase-high-indexed--tax-adopted--index-cpi-indexed--gdp-off--electricity-industrial--ets2-off.json,conservative_technology,False,high_indexed,adopted,cpi_indexed,off,industrial,off,0.2583458097,0.0687173958,0.3733573563,0.207044858,0.0925345801,0.1723180418,0.0479964833,0.5365790014,0.1799475259,0.0631589476,0.1157234243,0.0322329417,0.6820687604,0.1275592935,0.04241558,0.2032457092,-0.2883834758,0.3357360803,-0.1351973078,-0.1154010059,-0.9677946074,-0.4704016302,3.657899958,-1.4673635264,-0.752340194,-0.8869545366,-0.3461335872,3.206876207,-1.3761803224,-0.5976077607
conservative-technology--purchase-high-indexed--tax-adopted--index-cpi-indexed--gdp-off--electricity-vat-reduced--ets2-adopted,scenarios/conservative-technology--purchase-high-indexed--tax-adopted--index-cpi-indexed--gdp-off--electricity-vat-reduced--ets2-adopted.json,conservative_technology,False,high_indexed,adopted,cpi_indexed,off,vat_reduced,adopted,0.2542529487,0.0676287358,0.3786655678,0.2079832456,0.091469502,0.1492347868,0.0440107707,0.5597271721,0.1877263729,0.0593008975,0.0956786855,0.0285961633,0.7050665842,0.1319648019,0.0386937651,-0.2060403944,-0.3972494768,0.8665572357,-0.0413585504,-0.2219088141,-3.2761201091,-0.8689728914,5.9727170277,-0.689478826,-1.1381452012,-2.8914284142,-0.7098114335,5.5066585878,-0.9356294875,-0.9697892526
conservative-technology--purchase-high-indexed--tax-adopted--index-cpi-indexed--gdp-off--electricity-vat-reduced--ets2-high-market,scenarios/conservative-technology--purchase-high-indexed--tax-adopted--index-cpi-indexed--gdp-off--electricity-vat-reduced--ets2-high-market.json,conservative_technology,False,high_indexed,adopted,cpi_indexed,off,vat_reduced,high_market,0.2542529487,0.0676287358,0.3786655678,0.2079832456,0.091469502,0.1329886357,0.0413461616,0.574915928,0.1941347591,0.0566145156,0.0806569871,0.0259055724,0.7216531648,0.1359833959,0.0358008798,-0.2060403944,-0.3972494768,0.8665572357,-0.0413585504,-0.2219088141,-4.9007352208,-1.1354338012,7.4915926159,-0.0486402039,-1.4067833899,-4.3935982572,-0.9788705186,7.1653166422,-0.5337700881,-1.2590777784
conservative-technology--purchase-high-indexed--tax-adopted--index-cpi-indexed--gdp-off--electricity-vat-reduced--ets2-off,scenarios/conservative-technology--purchase-high-indexed--tax-adopted--index-cpi-indexed--gdp-off--electricity-vat-reduced--ets2-off.json,conservative_technology,False,high_indexed,adopted,cpi_indexed,off,vat_reduced,off,0.2542529487,0.0676287358,0.3786655678,0.2079832456,0.091469502,0.1688221014,0.047022744,0.542058511,0.1799466461,0.0621499975,0.1129946047,0.0314728719,0.6868048583,0.1271299458,0.0415977194,-0.2060403944,-0.3972494768,0.8665572357,-0.0413585504,-0.2219088141,-1.3173886456,-0.5677755571,4.2058509155,-1.4674515105,-0.8532352022,-1.1598364988,-0.4221405706,3.6804859947,-1.4191151005,-0.6793938249
conservative-technology--purchase-high-indexed--tax-adopted--index-cpi-indexed--gdp-on--electricity-adopted--ets2-adopted,scenarios/conservative-technology--purchase-high-indexed--tax-adopted--index-cpi-indexed--gdp-on--electricity-adopted--ets2-adopted.json,conservative_technology,False,high_indexed,adopted,cpi_indexed,on,adopted,adopted,0.2633633067,0.070435641,0.3660254484,0.2060962924,0.0940793115,0.1528804233,0.0463314081,0.5499521485,0.1895541227,0.0612818974,0.0954074987,0.0301122644,0.7000634488,0.1347098401,0.0397069481,0.704995406,-0.1165589642,-0.397454708,-0.2300538668,0.039072133,-2.9115564623,-0.63690915,4.9952146708,-0.506703846,-0.9400452124,-2.9185471031,-0.5582013213,5.0063450477,-0.6611256717,-0.8684709516
conservative-technology--purchase-high-indexed--tax-adopted--index-cpi-indexed--gdp-on--electricity-adopted--ets2-high-market,scenarios/conservative-technology--purchase-high-indexed--tax-adopted--index-cpi-indexed--gdp-on--electricity-adopted--ets2-high-market.json,conservative_technology,False,high_indexed,adopted,cpi_indexed,on,adopted,high_market,0.2633633067,0.070435641,0.3660254484,0.2060962924,0.0940793115,0.1367718974,0.0435934072,0.5649219841,0.1960865526,0.0586261587,0.08111234,0.027339888,0.7160034899,0.1386741732,0.0368701089,0.704995406,-0.1165589642,-0.397454708,-0.2300538668,0.039072133,-4.5224090483,-0.9107092359,6.4921982244,0.1465391466,-1.2056190868,-4.3480629677,-0.8354389601,6.6003491598,-0.2646923597,-1.1521548723
conservative-technology--purchase-high-indexed--tax-adopted--index-cpi-indexed--gdp-on--electricity-adopted--ets2-off,scenarios/conservative-technology--purchase-high-indexed--tax-adopted--index-cpi-indexed--gdp-on--electricity-adopted--ets2-off.json,conservative_technology,False,high_indexed,adopted,cpi_indexed,on,adopted,off,0.2633633067,0.070435641,0.3660254484,0.2060962924,0.0940793115,0.1721716718,0.0494218514,0.532629956,0.1816916489,0.0640848719,0.1116547757,0.0330719936,0.6827197521,0.1300147642,0.0425387145,0.704995406,-0.1165589642,-0.397454708,-0.2300538668,0.039072133,-0.9824316061,-0.3278648188,3.2629954116,-1.2929512261,-0.6597477606,-1.2938194021,-0.2622284015,3.2719753726,-1.130633257,-0.5852943121
conservative-technology--purchase-high-indexed--tax-adopted--index-cpi-indexed--gdp-on--electricity-north-reduction--ets2-adopted,scenarios/conservative-technology--purchase-high-indexed--tax-adopted--index-cpi-indexed--gdp-on--electricity-north-reduction--ets2-adopted.json,conservative_technology,False,high_indexed,adopted,cpi_indexed,on,north_reduction,adopted,0.2617420115,0.0700020309,0.3681042993,0.2064894076,0.0936622506,0.1516063305,0.045945286,0.5520723203,0.1894995244,0.0608765388,0.0944774263,0.0298187174,0.7018368735,0.1344789454,0.0393880374,0.5428658877,-0.159919965,-0.1895696145,-0.1907423494,-0.0026339589,-3.038965738,-0.6755213609,5.2072318474,-0.5121636805,-0.9805810681,-3.0115543367,-0.5875560203,5.1836875162,-0.6842151388,-0.9003620203
conservative-technology--purchase-high-indexed--tax-adopted--index-cpi-indexed--gdp-on--electricity-north-reduction--ets2-high-market,scenarios/conservative-technology--purchase-high-indexed--tax-adopted--index-cpi-indexed--gdp-on--electricity-north-reduction--ets2-high-market.json,conservative_technology,False,high_indexed,adopted,cpi_indexed,on,north_reduction,high_market,0.2617420115,0.0700020309,0.3681042993,0.2064894076,0.0936622506,0.1355917271,0.0432172507,0.566998179,0.1959717911,0.0582210521,0.0802947424,0.0270643069,0.7176890535,0.1383901544,0.0365617427,0.5428658877,-0.159919965,-0.1895696145,-0.1907423494,-0.0026339589,-4.6404260797,-0.9483248909,6.6998177169,0.1350629979,-1.2461297441,-4.4298227252,-0.8629970679,6.7689055178,-0.2930942366,-1.1829914881
conservative-technology--purchase-high-indexed--tax-adopted--index-cpi-indexed--gdp-on--electricity-north-reduction--ets2-off,scenarios/conservative-technology--purchase-high-indexed--tax-adopted--index-cpi-indexed--gdp-on--electricity-north-reduction--ets2-off.json,conservative_technology,False,high_indexed,adopted,cpi_indexed,on,north_reduction,off,0.2617420115,0.0700020309,0.3681042993,0.2064894076,0.0936622506,0.1707947484,0.0490266057,0.5347951132,0.1817009561,0.0636825765,0.110605441,0.0327611821,0.684583543,0.1298378427,0.0422119912,0.5428658877,-0.159919965,-0.1895696145,-0.1907423494,-0.0026339589,-1.1201239495,-0.3673893844,3.4795111405,-1.2920205088,-0.6999772977,-1.3987528681,-0.2933095523,3.4583544631,-1.1483254047,-0.6179666379
conservative-technology--purchase-high-indexed--tax-adopted--index-cpi-indexed--gdp-on--electricity-industrial--ets2-adopted,scenarios/conservative-technology--purchase-high-indexed--tax-adopted--index-cpi-indexed--gdp-on--electricity-industrial--ets2-adopted.json,conservative_technology,False,high_indexed,adopted,cpi_indexed,on,industrial,adopted,0.2570146311,0.0687377088,0.3742020123,0.2076080236,0.0924376241,0.1479169506,0.0448271954,0.5582504071,0.1893087454,0.0596967015,0.0917965622,0.0289725901,0.7069789246,0.1337872116,0.0384647114,0.0701278497,-0.2863521819,0.4202016868,-0.078880746,-0.1250966085,-3.4079037262,-0.7873304214,5.8250405239,-0.5312415731,-1.0985648033,-3.279640744,-0.6721687488,5.6978926319,-0.7533885213,-0.9926946179
conservative-technology--purchase-high-indexed--tax-adopted--index-cpi-indexed--gdp-on--electricity-industrial--ets2-high-market,scenarios/conservative-technology--purchase-high-indexed--tax-adopted--index-cpi-indexed--gdp-on--electricity-industrial--ets2-high-market.json,conservative_technology,False,high_indexed,adopted,cpi_indexed,on,industrial,high_market,0.2570146311,0.0687377088,0.3742020123,0.2076080236,0.0924376241,0.132177572,0.0421290545,0.5730450458,0.1956050594,0.0570432683,0.0779404943,0.0262707793,0.7225742733,0.137544486,0.0356699671,0.0701278497,-0.2863521819,0.4202016868,-0.078880746,-0.1250966085,-4.9818415857,-1.0571445057,7.3045043952,0.0983898218,-1.3639081256,-4.665247537,-0.9423498271,7.2574274951,-0.3776610785,-1.2721690526
conservative-technology--purchase-high-indexed--tax-adopted--index-cpi-indexed--gdp-on--electricity-industrial--ets2-off,scenarios/conservative-technology--purchase-high-indexed--tax-adopted--index-cpi-indexed--gdp-on--electricity-industrial--ets2-off.json,conservative_technology,False,high_indexed,adopted,cpi_indexed,on,industrial,off,0.2570146311,0.0687377088,0.3742020123,0.2076080236,0.0924376241,0.1668032539,0.0478808479,0.5411081798,0.181697588,0.0625101305,0.1075775208,0.0318643162,0.6899903738,0.1293029029,0.0412648863,0.0701278497,-0.2863521819,0.4202016868,-0.078880746,-0.1250966085,-1.5192734034,-0.4819651725,4.1108177994,-1.2923573183,-0.8172219052,-1.701544888,-0.3829961392,3.9990375481,-1.2018193887,-0.7126771322
conservative-technology--purchase-high-indexed--tax-adopted--index-cpi-indexed--gdp-on--electricity-vat-reduced--ets2-adopted,scenarios/conservative-technology--purchase-high-indexed--tax-adopted--index-cpi-indexed--gdp-on--electricity-vat-reduced--ets2-adopted.json,conservative_technology,False,high_indexed,adopted,cpi_indexed,on,vat_reduced,adopted,0.2529323046,0.0676459041,0.3795116808,0.2085402613,0.0913698492,0.1447615422,0.0438709283,0.5635811235,0.1891059783,0.0586804277,0.0895182439,0.0282535132,0.7113853157,0.1331677507,0.0376751764,-0.3381048019,-0.3955326476,0.9511685281,0.014343024,-0.2318741026,-3.7234445749,-0.8829571309,6.3581121713,-0.5515182834,-1.2001921821,-3.5074725788,-0.7440764347,6.1385317412,-0.8153346108,-1.071648117
conservative-technology--purchase-high-indexed--tax-adopted--index-cpi-indexed--gdp-on--electricity-vat-reduced--ets2-high-market,scenarios/conservative-technology--purchase-high-indexed--tax-adopted--index-cpi-indexed--gdp-on--electricity-vat-reduced--ets2-high-market.json,conservative_technology,False,high_indexed,adopted,cpi_indexed,on,vat_reduced,high_market,0.2529323046,0.0676459041,0.3795116808,0.2085402613,0.0913698492,0.1292614097,0.0411995839,0.578258906,0.1952497682,0.0560303322,0.075942587,0.0255973607,0.7267581642,0.1367932731,0.0349086151,-0.3381048019,-0.3955326476,0.9511685281,0.014343024,-0.2318741026,-5.2734578239,-1.1500915632,7.8258904172,0.0628606995,-1.4652017296,-4.8650382735,-1.0096916934,7.6758165837,-0.4527823633,-1.3483042536
conservative-technology--purchase-high-indexed--tax-adopted--index-cpi-indexed--gdp-on--electricity-vat-reduced--ets2-off,scenarios/conservative-technology--purchase-high-indexed--tax-adopted--index-cpi-indexed--gdp-on--electricity-vat-reduced--ets2-off.json,conservative_technology,False,high_indexed,adopted,cpi_indexed,on,vat_reduced,off,0.2529323046,0.0676459041,0.3795116808,0.2085402613,0.0913698492,0.1633842894,0.0468994346,0.546559981,0.1816578889,0.0614984061,0.1050003806,0.0311009708,0.6946268865,0.1288181157,0.0404536464,-0.3381048019,-0.3955326476,0.9511685281,0.014343024,-0.2318741026,-1.8611698547,-0.5801064952,4.655997919,-1.2963272297,-0.9183943394,-1.9592589081,-0.4593306834,4.4626888165,-1.2502981049,-0.79380112
conservative-technology--purchase-high-indexed--tax-plus30--index-adopted--gdp-off--electricity-adopted--ets2-adopted,scenarios/conservative-technology--purchase-high-indexed--tax-plus30--index-adopted--gdp-off--electricity-adopted--ets2-adopted.json,conservative_technology,False,high_indexed,plus30,adopted,off,adopted,adopted,0.2318369765,0.0719007716,0.3857668511,0.2188600116,0.0916353891,0.1446184002,0.0459040648,0.557113008,0.1922646415,0.0600998856,0.096370924,0.0300788813,0.6991288733,0.1345694408,0.0398518807,-2.4476376104,0.0299540979,1.5766855625,1.0463180564,-0.2053201064,-3.7377587708,-0.6796434767,5.7113006124,-0.2356519684,-1.0582463965,-2.8222045677,-0.5615396296,4.9128874938,-0.6751656011,-0.8539776955
conservative-technology--purchase-high-indexed--tax-plus30--index-adopted--gdp-off--electricity-adopted--ets2-high-market,scenarios/conservative-technology--purchase-high-indexed--tax-plus30--index-adopted--gdp-off--electricity-adopted--ets2-high-market.json,conservative_technology,False,high_indexed,plus30,adopted,off,adopted,high_market,0.2318369765,0.0719007716,0.3857668511,0.2188600116,0.0916353891,0.1298341907,0.0431784668,0.5711697692,0.1983075385,0.0575100348,0.0818533678,0.0273192442,0.7152431364,0.138586155,0.0369980965,-2.4476376104,0.0299540979,1.5766855625,1.0463180564,-0.2053201064,-5.2161797167,-0.9522032826,7.1169767364,0.3686377338,-1.3172314709,-4.2739601857,-0.8375033356,6.5243138113,-0.2734941806,-1.1393561092
conservative-technology--purchase-high-indexed--tax-plus30--index-adopted--gdp-off--electricity-adopted--ets2-off,scenarios/conservative-technology--purchase-high-indexed--tax-plus30--index-adopted--gdp-off--electricity-adopted--ets2-off.json,conservative_technology,False,high_indexed,plus30,adopted,off,adopted,off,0.2318369765,0.0719007716,0.3857668511,0.2188600116,0.0916353891,0.1622172704,0.0489913626,0.5409361969,0.1850090231,0.0628461471,0.1128983041,0.0330204534,0.681571529,0.1298096774,0.0427000361,-2.4476376104,0.0299540979,1.5766855625,1.0463180564,-0.2053201064,-1.9778717483,-0.3709137015,4.0936195022,-0.9612138063,-0.7836202461,-1.1694665631,-0.2673824216,3.1571530712,-1.1511419346,-0.5691621519
conservative-technology--purchase-high-indexed--tax-plus30--index-adopted--gdp-off--electricity-north-reduction--ets2-adopted,scenarios/conservative-technology--purchase-high-indexed--tax-plus30--index-adopted--gdp-off--electricity-north-reduction--ets2-adopted.json,conservative_technology,False,high_indexed,plus30,adopted,off,north_reduction,adopted,0.2303218633,0.0714308818,0.3878590735,0.2191938217,0.0911943597,0.1433936519,0.0455153112,0.5592137002,0.1921831134,0.0596942234,0.0954331383,0.0297861836,0.7009070274,0.1343411495,0.0395325012,-2.5991489399,-0.0170348753,1.785907797,1.0796990625,-0.2494230442,-3.8602336046,-0.718518839,5.9213698344,-0.2438047801,-1.0988126108,-2.915983142,-0.5908093978,5.0907029047,-0.6979947259,-0.8859156391
conservative-technology--purchase-high-indexed--tax-plus30--index-adopted--gdp-off--electricity-north-reduction--ets2-high-market,scenarios/conservative-technology--purchase-high-indexed--tax-plus30--index-adopted--gdp-off--electricity-north-reduction--ets2-high-market.json,conservative_technology,False,high_indexed,plus30,adopted,off,north_reduction,high_market,0.2303218633,0.0714308818,0.3878590735,0.2191938217,0.0911943597,0.1286984775,0.0428007669,0.5732271967,0.1981677543,0.0571058045,0.0810294798,0.0270442647,0.7169327331,0.1383043287,0.0366891937,-2.5991489399,-0.0170348753,1.785907797,1.0796990625,-0.2494230442,-5.3297510356,-0.9899732674,7.3227194913,0.3546593171,-1.3576545054,-4.356348993,-0.8650012873,6.6932734749,-0.3016768065,-1.1702463881
conservative-technology--purchase-high-indexed--tax-plus30--index-adopted--gdp-off--electricity-north-reduction--ets2-off,scenarios/conservative-technology--purchase-high-indexed--tax-plus30--index-adopted--gdp-off--electricity-north-reduction--ets2-off.json,conservative_technology,False,high_indexed,plus30,adopted,off,north_reduction,off,0.2303218633,0.0714308818,0.3878590735,0.2191938217,0.0911943597,0.1608948606,0.0485919806,0.5430816239,0.1849896464,0.0624418885,0.1118396475,0.0327108179,0.6834407887,0.1296357761,0.0423729698,-2.5991489399,-0.0170348753,1.785907797,1.0796990625,-0.2494230442,-2.1101127297,-0.410851902,4.3081622096,-0.9631514719,-0.8240461061,-1.275332218,-0.2983459683,3.3440790345,-1.1685320624,-0.6018687858
conservative-technology--purchase-high-indexed--tax-plus30--index-adopted--gdp-off--electricity-industrial--ets2-adopted,scenarios/conservative-technology--purchase-high-indexed--tax-plus30--index-adopted--gdp-off--electricity-industrial--ets2-adopted.json,conservative_technology,False,high_indexed,plus30,adopted,off,industrial,adopted,0.2259096244,0.0700624919,0.3939909379,0.2201353666,0.0899015792,0.1398487047,0.0443900914,0.5653335207,0.1919135733,0.0585141099,0.0927298941,0.0289424586,0.7060629306,0.133656955,0.0386077618,-3.0403728293,-0.1538738669,2.3990942447,1.1738535519,-0.3787011003,-4.2147283239,-0.8310408179,6.5333518864,-0.2707587849,-1.2168239597,-3.1863075584,-0.6751819003,5.606293223,-0.7664141817,-0.9783895826
conservative-technology--purchase-high-indexed--tax-plus30--index-adopted--gdp-off--electricity-industrial--ets2-high-market,scenarios/conservative-technology--purchase-high-indexed--tax-plus30--index-adopted--gdp-off--electricity-industrial--ets2-high-market.json,conservative_technology,False,high_indexed,plus30,adopted,off,industrial,high_market,0.2259096244,0.0700624919,0.3939909379,0.2201353666,0.0899015792,0.1254141913,0.0417085242,0.5792181778,0.1977280143,0.0559310922,0.0786570121,0.0262524339,0.72182974,0.1374649923,0.0357958217,-3.0403728293,-0.1538738669,2.3990942447,1.1738535519,-0.3787011003,-5.6581796556,-1.0991975339,7.9218176009,0.3106853164,-1.4751257278,-4.5935957542,-0.9441843726,7.1829741635,-0.3856104474,-1.2595835893
conservative-technology--purchase-high-indexed--tax-plus30--index-adopted--gdp-off--electricity-industrial--ets2-off,scenarios/conservative-technology--purchase-high-indexed--tax-plus30--index-adopted--gdp-off--electricity-industrial--ets2-off.json,conservative_technology,False,high_indexed,plus30,adopted,off,industrial,off,0.2259096244,0.0700624919,0.3939909379,0.2201353666,0.0899015792,0.1570633151,0.0474348125,0.5493352961,0.1849021472,0.0612644291,0.1087846281,0.031817287,0.6888636784,0.1291096067,0.0414247998,-3.0403728293,-0.1538738669,2.3990942447,1.1738535519,-0.3787011003,-2.4932672839,-0.5265687035,4.9335294301,-0.9719013984,-0.9417920444,-1.5808341596,-0.387699061,3.8863680057,-1.2211490064,-0.6966857788
conservative-technology--purchase-high-indexed--tax-plus30--index-adopted--gdp-off--electricity-vat-reduced--ets2-adopted,scenarios/conservative-technology--purchase-high-indexed--tax-plus30--index-adopted--gdp-off--electricity-vat-reduced--ets2-adopted.json,conservative_technology,False,high_indexed,plus30,adopted,off,vat_reduced,adopted,0.222106086,0.0688828814,0.3993242355,0.2209097439,0.0887770533,0.1368186582,0.0434283089,0.5706121819,0.1916425302,0.0574983208,0.0904323835,0.0282253694,0.7104813542,0.1330439412,0.0378169517,-3.4207266673,-0.2718349223,2.9324240043,1.2512912779,-0.4911536925,-4.5177329689,-0.9272190694,7.0612180063,-0.2978630973,-1.3184028707,-3.4160586188,-0.7468908203,6.0481355906,-0.8277155551,-1.0574705964
conservative-technology--purchase-high-indexed--tax-plus30--index-adopted--gdp-off--electricity-vat-reduced--ets2-high-market,scenarios/conservative-technology--purchase-high-indexed--tax-plus30--index-adopted--gdp-off--electricity-vat-reduced--ets2-high-market.json,conservative_technology,False,high_indexed,plus30,adopted,off,vat_reduced,high_market,0.222106086,0.0688828814,0.3993242355,0.2209097439,0.0887770533,0.122610443,0.0407760922,0.5843824022,0.1973096424,0.0549214202,0.0766435183,0.0255804135,0.7260238401,0.1367191737,0.0350330544,-3.4207266673,-0.2718349223,2.9324240043,1.2512912779,-0.4911536925,-5.9385544951,-1.192440736,8.438240032,0.2688481282,-1.5760929292,-4.7949451375,-1.0113864087,7.6023841758,-0.4601923083,-1.3358603213
conservative-technology--purchase-high-indexed--tax-plus30--index-adopted--gdp-off--electricity-vat-reduced--ets2-off,scenarios/conservative-technology--purchase-high-indexed--tax-plus30--index-adopted--gdp-off--electricity-vat-reduced--ets2-off.json,conservative_technology,False,high_indexed,plus30,adopted,off,vat_reduced,off,0.222106086,0.0688828814,0.3993242355,0.2209097439,0.0887770533,0.1537836403,0.0464443154,0.554733591,0.1847892306,0.0602492226,0.1061841869,0.0310567109,0.6935141894,0.1286323483,0.0406125644,-3.4207266673,-0.2718349223,2.9324240043,1.2512912779,-0.4911536925,-2.8212347601,-0.6256184131,5.4733589153,-0.9831930528,-1.0433126893,-1.8408782747,-0.4637566657,4.3514191093,-1.2688748449,-0.777909324
conservative-technology--purchase-high-indexed--tax-plus30--index-adopted--gdp-on--electricity-adopted--ets2-adopted,scenarios/conservative-technology--purchase-high-indexed--tax-plus30--index-adopted--gdp-on--electricity-adopted--ets2-adopted.json,conservative_technology,False,high_indexed,plus30,adopted,on,adopted,adopted,0.2302807363,0.0719024771,0.3867948543,0.2195345343,0.091487398,0.1396113487,0.0456852667,0.5614972522,0.1938512913,0.059354841,0.0896156095,0.0296528651,0.7060963118,0.135932394,0.0387028196,-2.6032616386,0.0301246503,1.6794858815,1.1137703257,-0.2201192189,-4.2384639185,-0.7015232847,6.1497250368,-0.0769869839,-1.1327508498,-3.4977360192,-0.6041412468,5.6096313498,-0.5388702792,-0.9688838046
conservative-technology--purchase-high-indexed--tax-plus30--index-adopted--gdp-on--electricity-adopted--ets2-high-market,scenarios/conservative-technology--purchase-high-indexed--tax-plus30--index-adopted--gdp-on--electricity-adopted--ets2-high-market.json,conservative_technology,False,high_indexed,plus30,adopted,on,adopted,high_market,0.2302807363,0.0719024771,0.3867948543,0.2195345343,0.091487398,0.1256120035,0.0429625554,0.5750115685,0.1996053501,0.0568085225,0.0766204118,0.0269401575,0.7209292802,0.1395242938,0.0359858567,-2.6032616386,0.0301246503,1.6794858815,1.1137703257,-0.2201192189,-5.6383984453,-0.9737944164,7.5011566706,0.4984188977,-1.3873827066,-4.7972557881,-0.8754120068,7.0929281864,-0.1796802969,-1.2405800946
conservative-technology--purchase-high-indexed--tax-plus30--index-adopted--gdp-on--electricity-adopted--ets2-off,scenarios/conservative-technology--purchase-high-indexed--tax-plus30--index-adopted--gdp-on--electricity-adopted--ets2-off.json,conservative_technology,False,high_indexed,plus30,adopted,on,adopted,off,0.2302807363,0.0719024771,0.3867948543,0.2195345343,0.091487398,0.156213444,0.048775828,0.5459964151,0.1869528407,0.0620614722,0.1042460436,0.0325496126,0.6900999803,0.1316888311,0.0414155323,-2.6032616386,0.0301246503,1.6794858815,1.1137703257,-0.2201192189,-2.5782543928,-0.3924671602,4.5996413269,-0.766832046,-0.8620877278,-2.0346926079,-0.3144664957,4.0099981977,-0.9632265669,-0.6976125272
conservative-technology--purchase-high-indexed--tax-plus30--index-adopted--gdp-on--electricity-north-reduction--ets2-adopted,scenarios/conservative-technology--purchase-high-indexed--tax-plus30--index-adopted--gdp-on--electricity-north-reduction--ets2-adopted.json,conservative_technology,False,high_indexed,plus30,adopted,on,north_reduction,adopted,0.2287711841,0.071431137,0.388887489,0.2198649433,0.0910452465,0.1384175008,0.0452946018,0.5635856004,0.1937529882,0.0589493087,0.088731348,0.0293602723,0.7078378969,0.135683117,0.0383873658,-2.7542168554,-0.0170093575,1.8887493559,1.1468112261,-0.2643343691,-4.3578487078,-0.7405897788,6.3585598602,-0.0868172918,-1.1733040818,-3.5861621683,-0.633400532,5.7837898563,-0.5637979744,-1.0004291816
conservative-technology--purchase-high-indexed--tax-plus30--index-adopted--gdp-on--electricity-north-reduction--ets2-high-market,scenarios/conservative-technology--purchase-high-indexed--tax-plus30--index-adopted--gdp-on--electricity-north-reduction--ets2-high-market.json,conservative_technology,False,high_indexed,plus30,adopted,on,north_reduction,high_market,0.2287711841,0.071431137,0.388887489,0.2198649433,0.0910452465,0.124504094,0.0425836217,0.577057171,0.1994500262,0.056405087,0.0758405032,0.0266659374,0.7225876411,0.1392246027,0.0356813156,-2.7542168554,-0.0170093575,1.8887493559,1.1468112261,-0.2643343691,-5.7491893853,-1.0116877847,7.7057169182,0.4828865068,-1.427726255,-4.8752466469,-0.902834021,7.2587642754,-0.2096494106,-1.2710341969
conservative-technology--purchase-high-indexed--tax-plus30--index-adopted--gdp-on--electricity-north-reduction--ets2-off,scenarios/conservative-technology--purchase-high-indexed--tax-plus30--index-adopted--gdp-on--electricity-north-reduction--ets2-off.json,conservative_technology,False,high_indexed,plus30,adopted,on,north_reduction,off,0.2287711841,0.071431137,0.388887489,0.2198649433,0.0910452465,0.1549252662,0.0483736095,0.548129207,0.186915511,0.0616564062,0.1032515526,0.0322390944,0.6919269964,0.1314908044,0.0410915522,-2.7542168554,-0.0170093575,1.8887493559,1.1468112261,-0.2643343691,-2.7070721656,-0.4326890091,4.8129205196,-0.770565013,-0.9025943319,-2.1341417098,-0.3455183192,4.1926998073,-0.9830292379,-0.7300105403
conservative-technology--purchase-high-indexed--tax-plus30--index-adopted--gdp-on--electricity-industrial--ets2-adopted,scenarios/conservative-technology--purchase-high-indexed--tax-plus30--index-adopted--gdp-on--electricity-industrial--ets2-adopted.json,conservative_technology,False,high_indexed,plus30,adopted,on,industrial,adopted,0.2243754308,0.0700586143,0.3950203019,0.2207963614,0.0897492916,0.1349629122,0.0441641507,0.5696685601,0.1934344356,0.0577699414,0.0861834707,0.0285172064,0.7128867768,0.1349381204,0.0374744256,-3.1937921852,-0.1542616331,2.5020306425,1.239953032,-0.3939298562,-4.7033075733,-0.8536348899,6.9668558278,-0.1186725557,-1.2912408089,-3.8409498978,-0.717707119,6.2886778483,-0.6382976331,-1.0917231985
conservative-technology--purchase-high-indexed--tax-plus30--index-adopted--gdp-on--electricity-industrial--ets2-high-market,scenarios/conservative-technology--purchase-high-indexed--tax-plus30--index-adopted--gdp-on--electricity-industrial--ets2-high-market.json,conservative_technology,False,high_indexed,plus30,adopted,on,industrial,high_market,0.2243754308,0.0700586143,0.3950203019,0.2207963614,0.0897492916,0.1213009619,0.0414880677,0.5830129816,0.1989649854,0.0552330034,0.0735954683,0.0258765708,0.727393421,0.138333638,0.034800902,-3.1937921852,-0.1542616331,2.5020306425,1.239953032,-0.3939298562,-6.0695025976,-1.1212431914,8.3012979794,0.4343824242,-1.5449346146,-5.0997501398,-0.9817706819,7.7393422637,-0.2987458775,-1.3590755645
conservative-technology--purchase-high-indexed--tax-plus30--index-adopted--gdp-on--electricity-industrial--ets2-off,scenarios/conservative-technology--purchase-high-indexed--tax-plus30--index-adopted--gdp-on--electricity-industrial--ets2-off.json,conservative_technology,False,high_indexed,plus30,adopted,on,industrial,off,0.2243754308,0.0700586143,0.3950203019,0.2207963614,0.0897492916,0.1511940426,0.0472085784,0.5543449383,0.1867754171,0.0604770236,0.100383155,0.0313434707,0.6972259527,0.1308945537,0.040152868,-3.1937921852,-0.1542616331,2.5020306425,1.239953032,-0.3939298562,-3.0801945283,-0.5491921199,5.4344936495,-0.7845744091,-1.0205325923,-2.4209814734,-0.4350806937,4.7225954404,-1.0426543084,-0.823878965
conservative-technology--purchase-high-indexed--tax-plus30--index-adopted--gdp-on--electricity-vat-reduced--ets2-adopted,scenarios/conservative-technology--purchase-high-indexed--tax-plus30--index-adopted--gdp-on--electricity-vat-reduced--ets2-adopted.json,conservative_technology,False,high_indexed,plus30,adopted,on,vat_reduced,adopted,0.2205864526,0.06887555,0.4003541111,0.2215617437,0.0886221426,0.1320111891,0.0431982532,0.5749143621,0.193120963,0.0567552328,0.0840192762,0.0278010972,0.7172123339,0.1342730761,0.0366942167,-3.5726900058,-0.2725680634,3.0354115639,1.3164912603,-0.506644755,-4.9984798826,-0.9502246428,7.4914360218,-0.1500198202,-1.3927116762,-4.0573693466,-0.7893180444,6.7212335545,-0.7048020699,-1.1697440937
conservative-technology--purchase-high-indexed--tax-plus30--index-adopted--gdp-on--electricity-vat-reduced--ets2-high-market,scenarios/conservative-technology--purchase-high-indexed--tax-plus30--index-adopted--gdp-on--electricity-vat-reduced--ets2-high-market.json,conservative_technology,False,high_indexed,plus30,adopted,on,vat_reduced,high_market,0.2205864526,0.06887555,0.4003541111,0.2215617437,0.0886221426,0.1185673811,0.0405531123,0.5881460182,0.1985075194,0.054225969,0.0716910521,0.0252069676,0.7315085813,0.1375437955,0.0340496036,-3.5726900058,-0.2725680634,3.0354115639,1.3164912603,-0.506644755,-6.3428606788,-1.2147387284,8.8146016386,0.3886358216,-1.6456380529,-5.2901917626,-1.0487310022,8.1508582924,-0.3777301266,-1.434205401
conservative-technology--purchase-high-indexed--tax-plus30--index-adopted--gdp-on--electricity-vat-reduced--ets2-off,scenarios/conservative-technology--purchase-high-indexed--tax-plus30--index-adopted--gdp-on--electricity-vat-reduced--ets2-off.json,conservative_technology,False,high_indexed,plus30,adopted,on,vat_reduced,off,0.2205864526,0.06887555,0.4003541111,0.2215617437,0.0886221426,0.148001591,0.0462117726,0.5597091642,0.1866168029,0.0594606693,0.0979432819,0.0305816487,0.7017685673,0.1303571069,0.0393493952,-3.5726900058,-0.2725680634,3.0354115639,1.3164912603,-0.506644755,-3.3994396899,-0.6488727024,5.9709162367,-0.8004358218,-1.1221680226,-2.6649687807,-0.5112628879,5.1768569012,-1.09639899,-0.9042262426
conservative-technology--purchase-high-indexed--tax-plus30--index-cpi-indexed--gdp-off--electricity-adopted--ets2-adopted,scenarios/conservative-technology--purchase-high-indexed--tax-plus30--index-cpi-indexed--gdp-off--electricity-adopted--ets2-adopted.json,conservative_technology,False,high_indexed,plus30,cpi_indexed,off,adopted,adopted,0.2411765004,0.0706521416,0.3801816112,0.2156441445,0.0923456024,0.1416383466,0.0459267551,0.5596441805,0.1931087775,0.0596819402,0.0910012837,0.0298423523,0.7046009883,0.1355952895,0.0389600863,-1.5136852295,-0.0949089046,1.0181615742,0.7247313412,-0.1342987813,-4.0357641254,-0.677374447,5.9644178643,-0.1512383641,-1.1000409279,-3.3591686026,-0.5851925314,5.460098994,-0.5725807267,-0.9431571333
conservative-technology--purchase-high-indexed--tax-plus30--index-cpi-indexed--gdp-off--electricity-adopted--ets2-high-market,scenarios/conservative-technology--purchase-high-indexed--tax-plus30--index-cpi-indexed--gdp-off--electricity-adopted--ets2-high-market.json,conservative_technology,False,high_indexed,plus30,cpi_indexed,off,adopted,high_market,0.2411765004,0.0706521416,0.3801816112,0.2156441445,0.0923456024,0.1273260177,0.0431805555,0.5733872432,0.1989903507,0.057115833,0.0777003497,0.0270992168,0.7197052431,0.1392829736,0.0362122167,-1.5136852295,-0.0949089046,1.0181615742,0.7247313412,-0.1342987813,-5.4669970222,-0.9519944049,7.3387241316,0.4369189499,-1.3566516545,-4.6892619939,-0.8595060769,6.9705244818,-0.2038123173,-1.2179440936
conservative-technology--purchase-high-indexed--tax-plus30--index-cpi-indexed--gdp-off--electricity-adopted--ets2-off,scenarios/conservative-technology--purchase-high-indexed--tax-plus30--index-cpi-indexed--gdp-off--electricity-adopted--ets2-off.json,conservative_technology,False,high_indexed,plus30,cpi_indexed,off,adopted,off,0.2411765004,0.0706521416,0.3801816112,0.2156441445,0.0923456024,0.1586359781,0.0490448852,0.5438586781,0.1860533319,0.0624071268,0.1060091303,0.0327744417,0.6882760864,0.1312365282,0.0417038134,-1.5136852295,-0.0949089046,1.0181615742,0.7247313412,-0.1342987813,-2.3360009844,-0.3655614393,4.3858676254,-0.8567829274,-0.8275222742,-1.8583839435,-0.2919835849,3.8276088067,-1.0084568589,-0.6687844194
conservative-technology--purchase-high-indexed--tax-plus30--index-cpi-indexed--gdp-off--electricity-north-reduction--ets2-adopted,scenarios/conservative-technology--purchase-high-indexed--tax-plus30--index-cpi-indexed--gdp-off--electricity-north-reduction--ets2-adopted.json,conservative_technology,False,high_indexed,plus30,cpi_indexed,off,north_reduction,adopted,0.2396254014,0.0701977504,0.3822704552,0.2159956298,0.0919107632,0.1404322372,0.0455356697,0.5617379573,0.1930178219,0.0592763139,0.0901060997,0.0295487917,0.7063506312,0.1353507622,0.0386437152,-1.6687951274,-0.1403480185,1.2270459684,0.759879877,-0.1777826995,-4.1563750665,-0.7164829885,6.1737955434,-0.1603339232,-1.1406035652,-3.448686994,-0.6145485939,5.6350632897,-0.597033458,-0.9747942438
conservative-technology--purchase-high-indexed--tax-plus30--index-cpi-indexed--gdp-off--electricity-north-reduction--ets2-high-market,scenarios/conservative-technology--purchase-high-indexed--tax-plus30--index-cpi-indexed--gdp-off--electricity-north-reduction--ets2-high-market.json,conservative_technology,False,high_indexed,plus30,cpi_indexed,off,north_reduction,high_market,0.2396254014,0.0701977504,0.3822704552,0.2159956298,0.0919107632,0.12620702,0.0428010656,0.5754380349,0.1988418538,0.0567120257,0.0769114132,0.0268240628,0.7213704959,0.138987351,0.0359066772,-1.6687951274,-0.1403480185,1.2270459684,0.759879877,-0.1777826995,-5.578896794,-0.9899433992,7.5438033085,0.4220692634,-1.3970323787,-4.7681556513,-0.8870214785,7.1370497531,-0.2333745802,-1.2484980431
conservative-technology--purchase-high-indexed--tax-plus30--index-cpi-indexed--gdp-off--electricity-north-reduction--ets2-off,scenarios/conservative-technology--purchase-high-indexed--tax-plus30--index-cpi-indexed--gdp-off--electricity-north-reduction--ets2-off.json,conservative_technology,False,high_indexed,plus30,cpi_indexed,off,north_reduction,off,0.2396254014,0.0701977504,0.3822704552,0.2159956298,0.0919107632,0.1573343023,0.048642451,0.5459970467,0.1860238421,0.0620023579,0.1050016276,0.032462956,0.6901124037,0.131043934,0.0413790788,-1.6687951274,-0.1403480185,1.2270459684,0.759879877,-0.1777826995,-2.4661685592,-0.405804856,4.5997044875,-0.859731909,-0.8679991634,-1.9591342113,-0.323132164,4.0112405388,-1.0277162806,-0.7012578829
conservative-technology--purchase-high-indexed--tax-plus30--index-cpi-indexed--gdp-off--electricity-industrial--ets2-adopted,scenarios/conservative-technology--purchase-high-indexed--tax-plus30--index-cpi-indexed--gdp-off--electricity-industrial--ets2-adopted.json,conservative_technology,False,high_indexed,plus30,cpi_indexed,off,industrial,adopted,0.2351068199,0.0688740416,0.3883938184,0.2169897815,0.0906355386,0.1369417643,0.044403871,0.5678371096,0.192720742,0.0580965131,0.0875265093,0.028702858,0.7114230792,0.1346195291,0.0377280243,-2.1206532747,-0.2727188993,1.839382294,0.859295039,-0.305305159,-4.5054223567,-0.8296628567,6.7837107738,-0.1900419143,-1.2585836461,-3.7066460338,-0.699141956,6.1423080874,-0.6701567671,-1.0663633305
conservative-technology--purchase-high-indexed--tax-plus30--index-cpi-indexed--gdp-off--electricity-industrial--ets2-high-market,scenarios/conservative-technology--purchase-high-indexed--tax-plus30--index-cpi-indexed--gdp-off--electricity-industrial--ets2-high-market.json,conservative_technology,False,high_indexed,plus30,cpi_indexed,off,industrial,high_market,0.2351068199,0.0688740416,0.3883938184,0.2169897815,0.0906355386,0.1229714998,0.0417037914,0.5814092654,0.1983767201,0.0555387233,0.0746402128,0.026031946,0.7261963935,0.1381081474,0.0350233004,-2.1206532747,-0.2727188993,1.839382294,0.859295039,-0.305305159,-5.9024488056,-1.0996708206,8.1409263561,0.3755558947,-1.5143626246,-4.99527569,-0.9662331577,7.6196395154,-0.3212949416,-1.3368357261
conservative-technology--purchase-high-indexed--tax-plus30--index-cpi-indexed--gdp-off--electricity-industrial--ets2-off,scenarios/conservative-technology--purchase-high-indexed--tax-plus30--index-cpi-indexed--gdp-off--electricity-industrial--ets2-off.json,conservative_technology,False,high_indexed,plus30,cpi_indexed,off,industrial,off,0.2351068199,0.0688740416,0.3883938184,0.2169897815,0.0906355386,0.153563483,0.0474766411,0.5522295004,0.1859067204,0.0608236551,0.102095376,0.0315644412,0.695438628,0.1304634649,0.0404380899,-2.1206532747,-0.2727188993,1.839382294,0.859295039,-0.305305159,-2.8432504883,-0.5223858494,5.2229498615,-0.8714440782,-0.9858694455,-2.2497593686,-0.4129836444,4.5438629708,-1.0857631872,-0.7953567705
conservative-technology--purchase-high-indexed--tax-plus30--index-cpi-indexed--gdp-off--electricity-vat-reduced--ets2-adopted,scenarios/conservative-technology--purchase-high-indexed--tax-plus30--index-cpi-indexed--gdp-off--electricity-vat-reduced--ets2-adopted.json,conservative_technology,False,high_indexed,plus30,cpi_indexed,off,vat_reduced,adopted,0.2312097522,0.0677324039,0.393721409,0.2178108596,0.0895255753,0.1339589023,0.043436667,0.5730973254,0.1924258642,0.0570812411,0.0853350933,0.0279842197,0.71576907,0.1339662656,0.0369453514,-2.5103600439,-0.3868826665,2.3721413492,0.9414028488,-0.4163014876,-4.8037085636,-0.926383257,7.309732358,-0.2195296997,-1.3601108377,-3.9257876408,-0.7710057889,6.5769071666,-0.7354831162,-1.1446306208
conservative-technology--purchase-high-indexed--tax-plus30--index-cpi-indexed--gdp-off--electricity-vat-reduced--ets2-high-market,scenarios/conservative-technology--purchase-high-indexed--tax-plus30--index-cpi-indexed--gdp-off--electricity-vat-reduced--ets2-high-market.json,conservative_technology,False,high_indexed,plus30,cpi_indexed,off,vat_reduced,high_market,0.2312097522,0.0677324039,0.393721409,0.2178108596,0.0895255753,0.1202098885,0.0407672356,0.5865559589,0.1979364401,0.0545304769,0.0727133925,0.0253599372,0.7303289495,0.1373283378,0.0342693831,-2.5103600439,-0.3868826665,2.3721413492,0.9414028488,-0.4163014876,-6.1786099407,-1.1933263943,8.6555957032,0.331527894,-1.6151872621,-5.1879577217,-1.0334340412,8.0328951152,-0.3992759015,-1.4122274508
conservative-technology--purchase-high-indexed--tax-plus30--index-cpi-indexed--gdp-off--electricity-vat-reduced--ets2-off,scenarios/conservative-technology--purchase-high-indexed--tax-plus30--index-cpi-indexed--gdp-off--electricity-vat-reduced--ets2-off.json,conservative_technology,False,high_indexed,plus30,cpi_indexed,off,vat_reduced,off,0.2312097522,0.0677324039,0.393721409,0.2178108596,0.0895255753,0.1503365614,0.0464789859,0.557608715,0.1857680719,0.0598076658,0.0996229218,0.0308000419,0.7000049588,0.1299395732,0.0396325043,-2.5103600439,-0.3868826665,2.3721413492,0.9414028488,-0.4163014876,-3.1659426505,-0.6221513644,5.760871318,-0.8853089296,-1.0874683734,-2.4970047839,-0.4894235741,5.0004960455,-1.1381523548,-0.8759153328
conservative-technology--purchase-high-indexed--tax-plus30--index-cpi-indexed--gdp-on--electricity-adopted--ets2-adopted,scenarios/conservative-technology--purchase-high-indexed--tax-plus30--index-cpi-indexed--gdp-on--electricity-adopted--ets2-adopted.json,conservative_technology,False,high_indexed,plus30,cpi_indexed,on,adopted,adopted,0.2396706458,0.0706524279,0.3811633289,0.2163004394,0.092213158,0.1365647732,0.0456938444,0.5641241404,0.1947085873,0.0589086546,0.0840418054,0.029345559,0.711943084,0.1369606082,0.0377089434,-1.6642706846,-0.0948802656,1.1163333408,0.7903608332,-0.1475432238,-4.5431214676,-0.700665517,6.4124138593,0.0087426139,-1.1773694886,-4.0551164291,-0.6348718559,6.1943085718,-0.4360488602,-1.0682714266
conservative-technology--purchase-high-indexed--tax-plus30--index-cpi-indexed--gdp-on--electricity-adopted--ets2-high-market,scenarios/conservative-technology--purchase-high-indexed--tax-plus30--index-cpi-indexed--gdp-on--electricity-adopted--ets2-high-market.json,conservative_technology,False,high_indexed,plus30,cpi_indexed,on,adopted,high_market,0.2396706458,0.0706524279,0.3811633289,0.2163004394,0.092213158,0.123038708,0.0429530738,0.577320422,0.2002990772,0.056388719,0.0722617242,0.02666422,0.7257465174,0.1402173826,0.0351101559,-1.6642706846,-0.0948802656,1.1163333408,0.7903608332,-0.1475432238,-5.8957279857,-0.9747425795,7.7320420193,0.5677916011,-1.4293630553,-5.2331245517,-0.9030057584,7.5746519065,-0.1103714204,-1.328150176
conservative-technology--purchase-high-indexed--tax-plus30--index-cpi-indexed--gdp-on--electricity-adopted--ets2-off,scenarios/conservative-technology--purchase-high-indexed--tax-plus30--index-cpi-indexed--gdp-on--electricity-adopted--ets2-off.json,conservative_technology,False,high_indexed,plus30,cpi_indexed,on,adopted,off,0.2396706458,0.0706524279,0.3811633289,0.2163004394,0.092213158,0.1525670643,0.0488115715,0.5490179872,0.1880125416,0.0615908353,0.0971788622,0.0322129165,0.6971833132,0.1331219142,0.0403029939,-1.6642706846,-0.0948802656,1.1163333408,0.7903608332,-0.1475432238,-2.9428923569,-0.3888928049,4.9017985335,-0.6608619521,-0.9091514197,-2.741410751,-0.3481361065,4.7183314832,-0.8199182555,-0.8088663702
conservative-technology--purchase-high-indexed--tax-plus30--index-cpi-indexed--gdp-on--electricity-north-reduction--ets2-adopted,scenarios/conservative-technology--purchase-high-indexed--tax-plus30--index-cpi-indexed--gdp-on--electricity-north-reduction--ets2-adopted.json,conservative_technology,False,high_indexed,plus30,cpi_indexed,on,north_reduction,adopted,0.2381246413,0.0701966818,0.3832526855,0.2166488182,0.0917771733,0.1353903624,0.0453008928,0.5662050906,0.1946003417,0.0585033125,0.0832029278,0.0290526413,0.7136535115,0.1366936503,0.037397269,-1.8188711388,-0.1404548808,1.3252690035,0.8251987099,-0.1911416938,-4.6605625504,-0.7399606766,6.6205088765,-0.0020819437,-1.2179037057,-4.1390041867,-0.6641636248,6.3653513195,-0.4627446441,-1.0994388638
conservative-technology--purchase-high-indexed--tax-plus30--index-cpi-indexed--gdp-on--electricity-north-reduction--ets2-high-market,scenarios/conservative-technology--purchase-high-indexed--tax-plus30--index-cpi-indexed--gdp-on--electricity-north-reduction--ets2-high-market.json,conservative_technology,False,high_indexed,plus30,cpi_indexed,on,north_reduction,high_market,0.2381246413,0.0701966818,0.3832526855,0.2166488182,0.0917771733,0.1219482331,0.0425723867,0.5793589541,0.2001345773,0.0559858489,0.0715192572,0.0263902534,0.7273781775,0.1399026566,0.0348096553,-1.8188711388,-0.1404548808,1.3252690035,0.8251987099,-0.1911416938,-6.0047754826,-1.0128112918,7.9358952223,0.5513416134,-1.4696500613,-5.3073712471,-0.930402423,7.7378179167,-0.1418440121,-1.3582002346
conservative-technology--purchase-high-indexed--tax-plus30--index-cpi-indexed--gdp-on--electricity-north-reduction--ets2-off,scenarios/conservative-technology--purchase-high-indexed--tax-plus30--index-cpi-indexed--gdp-on--electricity-north-reduction--ets2-off.json,conservative_technology,False,high_indexed,plus30,cpi_indexed,on,north_reduction,off,0.2381246413,0.0701966818,0.3832526855,0.2166488182,0.0917771733,0.1513005193,0.0484063592,0.5511431723,0.1879645197,0.0611854295,0.0962386009,0.0319012381,0.6989744068,0.1329035173,0.039982237,-1.8188711388,-0.1404548808,1.3252690035,0.8251987099,-0.1911416938,-3.0695468575,-0.4294140356,5.1143170415,-0.6656641414,-0.949692007,-2.835436882,-0.3793039535,4.8974408497,-0.8417579517,-0.8409420625
conservative-technology--purchase-high-indexed--tax-plus30--index-cpi-indexed--gdp-on--electricity-industrial--ets2-adopted,scenarios/conservative-technology--purchase-high-indexed--tax-plus30--index-cpi-indexed--gdp-on--electricity-industrial--ets2-adopted.json,conservative_technology,False,high_indexed,plus30,cpi_indexed,on,industrial,adopted,0.233621186,0.0688691097,0.3893773009,0.2176337043,0.0904986991,0.1319925491,0.0441640026,0.5722659697,0.1942527646,0.0573247139,0.0807866761,0.0282089391,0.7186112769,0.135897484,0.0364956239,-2.2692166681,-0.2732120858,1.9377305428,0.923687318,-0.3189891069,-5.000343876,-0.8536496951,7.2265967846,-0.0368396517,-1.3357635618,-4.380629361,-0.7485338473,6.8611278562,-0.5423612769,-1.189603371
conservative-technology--purchase-high-indexed--tax-plus30--index-cpi-indexed--gdp-on--electricity-industrial--ets2-high-market,scenarios/conservative-technology--purchase-high-indexed--tax-plus30--index-cpi-indexed--gdp-on--electricity-industrial--ets2-high-market.json,conservative_technology,False,high_indexed,plus30,cpi_indexed,on,industrial,high_market,0.233621186,0.0688691097,0.3893773009,0.2176337043,0.0904986991,0.1187959407,0.0414719147,0.5852937415,0.1996228084,0.0548155947,0.0693826356,0.0256018505,0.7321060194,0.1389682867,0.0339412079,-2.2692166681,-0.2732120858,1.9377305428,0.923687318,-0.3189891069,-6.3200047231,-1.1228584879,8.5293739704,0.5001647237,-1.5866754831,-5.5210334132,-1.0092427091,8.210602103,-0.2352810063,-1.4450449744
conservative-technology--purchase-high-indexed--tax-plus30--index-cpi-indexed--gdp-on--electricity-industrial--ets2-off,scenarios/conservative-technology--purchase-high-indexed--tax-plus30--index-cpi-indexed--gdp-on--electricity-industrial--ets2-off.json,conservative_technology,False,high_indexed,plus30,cpi_indexed,on,industrial,off,0.233621186,0.0688691097,0.3893773009,0.2176337043,0.0904986991,0.1476326115,0.0472328665,0.5573360812,0.1877931328,0.060005308,0.093527763,0.0310026476,0.7041680878,0.1322481682,0.0390533334,-2.2692166681,-0.2732120858,1.9377305428,0.923687318,-0.3189891069,-3.4363376444,-0.5467633129,5.7336079413,-0.6828028367,-1.0677041473,-3.1065206723,-0.469162996,5.4168089498,-0.9072928602,-0.9338324213
conservative-technology--purchase-high-indexed--tax-plus30--index-cpi-indexed--gdp-on--electricity-vat-reduced--ets2-adopted,scenarios/conservative-technology--purchase-high-indexed--tax-plus30--index-cpi-indexed--gdp-on--electricity-vat-reduced--ets2-adopted.json,conservative_technology,False,high_indexed,plus30,cpi_indexed,on,vat_reduced,adopted,0.2297375065,0.0677242412,0.3947056788,0.218446534,0.0893860395,0.1290899661,0.0431928138,0.577492101,0.1939141961,0.056310923,0.078735294,0.0274926414,0.7228578555,0.1351887198,0.0357254893,-2.6575846127,-0.3876989397,2.4705683345,1.0049702905,-0.4302550725,-5.2906021812,-0.9507685752,7.7492099121,-0.0706965023,-1.4371426533,-4.5857675691,-0.8201636197,7.2857857135,-0.613237695,-1.2666168297
conservative-technology--purchase-high-indexed--tax-plus30--index-cpi-indexed--gdp-on--electricity-vat-reduced--ets2-high-market,scenarios/conservative-technology--purchase-high-indexed--tax-plus30--index-cpi-indexed--gdp-on--electricity-vat-reduced--ets2-high-market.json,conservative_technology,False,high_indexed,plus30,cpi_indexed,on,vat_reduced,high_market,0.2297375065,0.0677242412,0.3947056788,0.218446534,0.0893860395,0.1161062603,0.0405329416,0.5904081427,0.1991423018,0.0538103536,0.0675709281,0.0249333394,0.7361537906,0.1381414848,0.0332004572,-2.6575846127,-0.3876989397,2.4705683345,1.0049702905,-0.4302550725,-6.5889727601,-1.2167557997,9.0408140832,0.4521140689,-1.6871995923,-5.7022041625,-1.0760938225,8.6153792246,-0.3179611966,-1.519120043
conservative-technology--purchase-high-indexed--tax-plus30--index-cpi-indexed--gdp-on--electricity-vat-reduced--ets2-off,scenarios/conservative-technology--purchase-high-indexed--tax-plus30--index-cpi-indexed--gdp-on--electricity-vat-reduced--ets2-off.json,conservative_technology,False,high_indexed,plus30,cpi_indexed,on,vat_reduced,off,0.2297375065,0.0677242412,0.3947056788,0.218446534,0.0893860395,0.1444951119,0.04622907,0.5626798367,0.187607366,0.0589886155,0.0912232594,0.0302387492,0.7086191827,0.1316600542,0.0382587545,-2.6575846127,-0.3876989397,2.4705683345,1.0049702905,-0.4302550725,-3.7500876016,-0.6471429626,6.2679834877,-0.7013795176,-1.1693734059,-3.3369710244,-0.5455528383,5.8619184367,-0.9661042617,-1.0132903123
central-technology--purchase-adopted--tax-adopted--index-adopted--gdp-off--electricity-adopted--ets2-adopted,scenarios/central-technology--purchase-adopted--tax-adopted--index-adopted--gdp-off--electricity-adopted--ets2-adopted.json,central_technology,True,adopted,adopted,adopted,off,adopted,adopted,0.2522448855,0.0704647028,0.3799999985,0.2050889439,0.0922014693,0.1637963895,0.0474304497,0.5500000006,0.1751590455,0.0636141147,0.0889949782,0.0254959125,0.7499999993,0.1009436403,0.0345654697,0.0,0.0,0.0,0.0,0.0,0.0,0.0,0.0,0.0,0.0,0.0,0.0,0.0,0.0,0.0
central-technology--purchase-adopted--tax-adopted--index-adopted--gdp-off--electricity-adopted--ets2-high-market,scenarios/central-technology--purchase-adopted--tax-adopted--index-adopted--gdp-off--electricity-adopted--ets2-high-market.json,central_technology,False,adopted,adopted,adopted,off,adopted,high_market,0.2522448855,0.0704647028,0.3799999985,0.2050889439,0.0922014693,0.1463108822,0.0447392307,0.5660637058,0.1819417778,0.0609444036,0.074636496,0.0230971491,0.7661142856,0.1042162399,0.0319358294,0.0,0.0,0.0,0.0,0.0,-1.7485507323,-0.2691219019,1.6063705199,0.6782732282,-0.2669711139,-1.4358482157,-0.2398763415,1.6114286218,0.3272599597,-0.2629640243
central-technology--purchase-adopted--tax-adopted--index-adopted--gdp-off--electricity-adopted--ets2-off,scenarios/central-technology--purchase-adopted--tax-adopted--index-adopted--gdp-off--electricity-adopted--ets2-off.json,central_technology,False,adopted,adopted,adopted,off,adopted,off,0.2522448855,0.0704647028,0.3799999985,0.2050889439,0.0922014693,0.1848046795,0.0504390789,0.5313254826,0.1670286194,0.0664021396,0.1057249516,0.028060979,0.7319799039,0.0970164156,0.0372177499,0.0,0.0,0.0,0.0,0.0,2.1008289998,0.3008629121,-1.8674517932,-0.8130426075,0.2788024887,1.6729973426,0.2565066446,-1.80200954,-0.3927224732,0.2652280261
central-technology--purchase-adopted--tax-adopted--index-adopted--gdp-off--electricity-north-reduction--ets2-adopted,scenarios/central-technology--purchase-adopted--tax-adopted--index-adopted--gdp-off--electricity-north-reduction--ets2-adopted.json,central_technology,False,adopted,adopted,adopted,off,north_reduction,adopted,0.2506511908,0.0700195036,0.3821048704,0.2054466582,0.091777777,0.1624605739,0.0470436382,0.5521509529,0.1751401261,0.0632047089,0.0881098677,0.0252423398,0.7516162138,0.1007505536,0.0342810251,-0.1593694734,-0.0445199218,0.21048719,0.0357714357,-0.0423692305,-0.1335815653,-0.0386811561,0.2150952355,-0.0018919327,-0.0409405813,-0.0885110425,-0.0253572712,0.1616214442,-0.0193086749,-0.0284444556
central-technology--purchase-adopted--tax-adopted--index-adopted--gdp-off--electricity-north-reduction--ets2-high-market,scenarios/central-technology--purchase-adopted--tax-adopted--index-adopted--gdp-off--electricity-north-reduction--ets2-high-market.json,central_technology,False,adopted,adopted,adopted,off,north_reduction,high_market,0.2506511908,0.0700195036,0.3821048704,0.2054466582,0.091777777,0.1450723489,0.0443605095,0.5681685573,0.1818653144,0.0605332699,0.0738686762,0.0228595382,0.7676287173,0.1039809795,0.0316620888,-0.1593694734,-0.0445199218,0.21048719,0.0357714357,-0.0423692305,-1.8724040655,-0.3069940189,1.8168556752,0.6706268898,-0.3080844805,-1.5126301927,-0.2636374351,1.7628717942,0.303733914,-0.2903380804
central-technology--purchase-adopted--tax-adopted--index-adopted--gdp-off--electricity-north-reduction--ets2-off,scenarios/central-technology--purchase-adopted--tax-adopted--index-adopted--gdp-off--electricity-north-reduction--ets2-off.json,central_technology,False,adopted,adopted,adopted,off,north_reduction,off,0.2506511908,0.0700195036,0.3821048704,0.2054466582,0.091777777,0.1833629361,0.0500455812,0.5335229826,0.167070169,0.0659983311,0.1047120515,0.0277921402,0.733704168,0.0968665492,0.0369250912,-0.1593694734,-0.0445199218,0.21048719,0.0357714357,-0.0423692305,1.956654661,0.2615131463,-1.6477017936,-0.8088876471,0.2384216334,1.5717073364,0.2296227663,-1.6295831357,-0.4077091174,0.2359621504
central-technology--purchase-adopted--tax-adopted--index-adopted--gdp-off--electricity-industrial--ets2-adopted,scenarios/central-technology--purchase-adopted--tax-adopted--index-adopted--gdp-off--electricity-industrial--ets2-adopted.json,central_technology,False,adopted,adopted,adopted,off,industrial,adopted,0.2460066478,0.0687220488,0.3882757136,0.2064610333,0.0905345565,0.1585902509,0.0459229104,0.5584189175,0.1750556392,0.0620122819,0.0855606347,0.0245120174,0.7562942326,0.1001748807,0.0334582346,-0.6238237728,-0.1742654034,0.8275715022,0.1372089469,-0.1666912729,-0.5206138595,-0.1507539303,0.841891696,-0.0103406221,-0.1601832841,-0.3434343436,-0.0983895065,0.6294233215,-0.0768759671,-0.1107235044
central-technology--purchase-adopted--tax-adopted--index-adopted--gdp-off--electricity-industrial--ets2-high-market,scenarios/central-technology--purchase-adopted--tax-adopted--index-adopted--gdp-off--electricity-industrial--ets2-high-market.json,central_technology,False,adopted,adopted,adopted,off,industrial,high_market,0.2460066478,0.0687220488,0.3882757136,0.2064610333,0.0905345565,0.1414874703,0.0432643183,0.5742987253,0.1816122591,0.0593372271,0.0716595272,0.0221758908,0.7720102723,0.103283149,0.0308711608,-0.6238237728,-0.1742654034,0.8275715022,0.1372089469,-0.1666912729,-2.230891926,-0.4166131454,2.4298724712,0.6453213664,-0.4276887663,-1.733545094,-0.3320021721,2.2010272923,0.2339508641,-0.3694308902
central-technology--purchase-adopted--tax-adopted--index-adopted--gdp-off--electricity-industrial--ets2-off,scenarios/central-technology--purchase-adopted--tax-adopted--index-adopted--gdp-off--electricity-industrial--ets2-off.json,central_technology,False,adopted,adopted,adopted,off,industrial,off,0.2460066478,0.0687220488,0.3882757136,0.2064610333,0.0905345565,0.1791809175,0.0489041752,0.539930978,0.1671633469,0.0648205824,0.1017915464,0.0270169946,0.7386975837,0.0964163788,0.0360774965,-0.6238237728,-0.1742654034,0.8275715022,0.1372089469,-0.1666912729,1.5384528033,0.1473725492,-1.0069022601,-0.7995698596,0.1206467671,1.2796568216,0.1521082039,-1.1302415601,-0.452726152,0.1512026866
central-technology--purchase-adopted--tax-adopted--index-adopted--gdp-off--electricity-vat-reduced--ets2-adopted,scenarios/central-technology--purchase-adopted--tax-adopted--index-adopted--gdp-off--electricity-vat-reduced--ets2-adopted.json,central_technology,False,adopted,adopted,adopted,off,vat_reduced,adopted,0.2419986989,0.0676024267,0.3936451907,0.2073020563,0.0894516274,0.1552774616,0.0449636275,0.5638273616,0.1749473497,0.0609841997,0.0833965528,0.0238920359,0.7602932572,0.099662611,0.032755543,-1.0246186625,-0.2862276053,1.3645192156,0.2213112386,-0.2749841864,-0.8518927924,-0.2466822278,1.3827361056,-0.0211695792,-0.2629915063,-0.5598425336,-0.1603876595,1.0293257849,-0.1281029289,-0.180992663
central-technology--purchase-adopted--tax-adopted--index-adopted--gdp-off--electricity-vat-reduced--ets2-high-market,scenarios/central-technology--purchase-adopted--tax-adopted--index-adopted--gdp-off--electricity-vat-reduced--ets2-high-market.json,central_technology,False,adopted,adopted,adopted,off,vat_reduced,high_market,0.2419986989,0.0676024267,0.3936451907,0.2073020563,0.0894516274,0.1384232557,0.0423273367,0.5795841768,0.1813575182,0.0583077126,0.0697868138,0.0215963574,0.7757537131,0.102666375,0.0301967408,-1.0246186625,-0.2862276053,1.3645192156,0.2213112386,-0.2749841864,-2.5373133821,-0.5103113038,2.9584176194,0.619847277,-0.5306402104,-1.9208164387,-0.3899555113,2.5753713767,0.172273462,-0.4368728887
central-technology--purchase-adopted--tax-adopted--index-adopted--gdp-off--electricity-vat-reduced--ets2-off,scenarios/central-technology--purchase-adopted--tax-adopted--index-adopted--gdp-off--electricity-vat-reduced--ets2-off.json,central_technology,False,adopted,adopted,adopted,off,vat_reduced,off,0.2419986989,0.0676024267,0.3936451907,0.2073020563,0.0894516274,0.1755956398,0.0479256388,0.5454654623,0.1672100416,0.0638032175,0.099308495,0.0263579557,0.7429693126,0.0960118482,0.0353523885,-1.0246186625,-0.2862276053,1.3645192156,0.2213112386,-0.2749841864,1.1799250293,0.0495189087,-0.4534538224,-0.7949003911,0.0189102755,1.0313516811,0.0862043163,-0.7030686692,-0.4931792129,0.0786918847
central-technology--purchase-adopted--tax-adopted--index-adopted--gdp-on--electricity-adopted--ets2-adopted,scenarios/central-technology--purchase-adopted--tax-adopted--index-adopted--gdp-on--electricity-adopted--ets2-adopted.json,central_technology,False,adopted,adopted,adopted,on,adopted,adopted,0.2508489354,0.0704919962,0.380897701,0.2056664529,0.0920949144,0.1591875352,0.0473262765,0.5538856902,0.1765725606,0.0630279375,0.0837525684,0.0252301111,0.7554557316,0.101819243,0.033742346,-0.1395950086,0.0027293441,0.0897702466,0.0577509026,-0.0106554848,-0.460885427,-0.0104173248,0.3885689607,0.1413515115,-0.0586177205,-0.5242409791,-0.0265801407,0.545573224,0.0875602624,-0.0823123667
central-technology--purchase-adopted--tax-adopted--index-adopted--gdp-on--electricity-adopted--ets2-high-market,scenarios/central-technology--purchase-adopted--tax-adopted--index-adopted--gdp-on--electricity-adopted--ets2-high-market.json,central_technology,False,adopted,adopted,adopted,on,adopted,high_market,0.2508489354,0.0704919962,0.380897701,0.2056664529,0.0920949144,0.1424587205,0.044619414,0.5694343202,0.1831028234,0.060384722,0.0706637128,0.0228557481,0.7704536018,0.1048092782,0.0312176591,-0.1395950086,0.0027293441,0.0897702466,0.0577509026,-0.0106554848,-2.1337669049,-0.2811035729,1.9434319622,0.7943777891,-0.3229392735,-1.8331265317,-0.2640164389,2.0453602463,0.3865637833,-0.334781059
central-technology--purchase-adopted--tax-adopted--index-adopted--gdp-on--electricity-adopted--ets2-off,scenarios/central-technology--purchase-adopted--tax-adopted--index-adopted--gdp-on--electricity-adopted--ets2-off.json,central_technology,False,adopted,adopted,adopted,on,adopted,off,0.2508489354,0.0704919962,0.380897701,0.2056664529,0.0920949144,0.1792210198,0.0503635681,0.5358624831,0.1687549839,0.0657979451,0.0988445788,0.0277766843,0.7388478541,0.0982417792,0.0362891037,-0.1395950086,0.0027293441,0.0897702466,0.0577509026,-0.0106554848,1.5424630244,0.2933118389,-1.4137517429,-0.6404061557,0.2183830353,0.9849600638,0.2280771744,-1.115214523,-0.2701861174,0.1723634022
central-technology--purchase-adopted--tax-adopted--index-adopted--gdp-on--electricity-north-reduction--ets2-adopted,scenarios/central-technology--purchase-adopted--tax-adopted--index-adopted--gdp-on--electricity-north-reduction--ets2-adopted.json,central_technology,False,adopted,adopted,adopted,on,north_reduction,adopted,0.2492597434,0.0700454114,0.3830031147,0.2060216064,0.0916701241,0.1578779459,0.046936937,0.5560265336,0.1765407851,0.0626177984,0.0829104784,0.024976435,0.7570387859,0.1016133058,0.033460995,-0.298514214,-0.0419291353,0.3003116128,0.0932662526,-0.0531345162,-0.5918443641,-0.0493512706,0.602653301,0.1381739675,-0.0996316337,-0.6084499794,-0.05194775,0.703878655,0.0669665441,-0.1104474697
central-technology--purchase-adopted--tax-adopted--index-adopted--gdp-on--electricity-north-reduction--ets2-high-market,scenarios/central-technology--purchase-adopted--tax-adopted--index-adopted--gdp-on--electricity-north-reduction--ets2-high-market.json,central_technology,False,adopted,adopted,adopted,on,north_reduction,high_market,0.2492597434,0.0700454114,0.3830031147,0.2060216064,0.0916701241,0.1412438754,0.0442389131,0.571529322,0.1830143133,0.0599735762,0.0699304188,0.0226185686,0.7719405528,0.1045631929,0.0309472668,-0.298514214,-0.0419291353,0.3003116128,0.0932662526,-0.0531345162,-2.2552514126,-0.3191536658,2.1529321479,0.7855267847,-0.3640538542,-1.9064559371,-0.2877343891,2.1940553497,0.3619552612,-0.3618202847
central-technology--purchase-adopted--tax-adopted--index-adopted--gdp-on--electricity-north-reduction--ets2-off,scenarios/central-technology--purchase-adopted--tax-adopted--index-adopted--gdp-on--electricity-north-reduction--ets2-off.json,central_technology,False,adopted,adopted,adopted,on,north_reduction,off,0.2492597434,0.0700454114,0.3830031147,0.2060216064,0.0916701241,0.1778081268,0.0499665258,0.5380499472,0.1687829994,0.0653924008,0.0978845922,0.0275069148,0.7405325379,0.0980769902,0.0359989648,-0.298514214,-0.0419291353,0.3003116128,0.0932662526,-0.0531345162,1.4011737268,0.2536076057,-1.1950053375,-0.637604605,0.17782861,0.8889614075,0.2011002334,-0.94674614,-0.2866650114,0.1433495105
central-technology--purchase-adopted--tax-adopted--index-adopted--gdp-on--electricity-industrial--ets2-adopted,scenarios/central-technology--purchase-adopted--tax-adopted--index-adopted--gdp-on--electricity-industrial--ets2-adopted.json,central_technology,False,adopted,adopted,adopted,on,industrial,adopted,0.2446285863,0.0687439927,0.3891753132,0.2070283284,0.0904237794,0.1540844844,0.0458091452,0.5622641787,0.176418628,0.0614235637,0.0804859486,0.0242460556,0.7616201275,0.1010004179,0.0326474504,-0.7616299176,-0.1720710089,0.9175314645,0.1939384491,-0.1777689872,-0.9711905084,-0.1621304557,1.2264178111,0.1259582549,-0.2190551019,-0.8509029551,-0.1249856954,1.1620128198,0.0056777593,-0.1918019286
central-technology--purchase-adopted--tax-adopted--index-adopted--gdp-on--electricity-industrial--ets2-high-market,scenarios/central-technology--purchase-adopted--tax-adopted--index-adopted--gdp-on--electricity-industrial--ets2-high-market.json,central_technology,False,adopted,adopted,adopted,on,industrial,high_market,0.2446285863,0.0687439927,0.3891753132,0.2070283284,0.0904237794,0.1377282707,0.0431377925,0.5776301036,0.1827260518,0.0587777814,0.0678211769,0.0219363472,0.7762421372,0.1038340929,0.0301662458,-0.7616299176,-0.1720710089,0.9175314645,0.1939384491,-0.1777689872,-2.6068118828,-0.4292657188,2.7630103001,0.7567006325,-0.483633331,-2.1173801262,-0.3559565351,2.624213786,0.28904526,-0.4399223847
central-technology--purchase-adopted--tax-adopted--index-adopted--gdp-on--electricity-industrial--ets2-off,scenarios/central-technology--purchase-adopted--tax-adopted--index-adopted--gdp-on--electricity-industrial--ets2-off.json,central_technology,False,adopted,adopted,adopted,on,industrial,off,0.2446285863,0.0687439927,0.3891753132,0.2070283284,0.0904237794,0.1737108844,0.0488151444,0.5444276046,0.1688363946,0.064209972,0.0951177617,0.0267293975,0.7454103027,0.0975834931,0.0351590451,-0.7616299176,-0.1720710089,0.9175314645,0.1939384491,-0.1777689872,0.991449489,0.1384694674,-0.5572395973,-0.6322650908,0.0595857316,0.6122783524,0.1233484948,-0.458969665,-0.3360147263,0.0593575441
central-technology--purchase-adopted--tax-adopted--index-adopted--gdp-on--electricity-vat-reduced--ets2-adopted,scenarios/central-technology--purchase-adopted--tax-adopted--index-adopted--gdp-on--electricity-vat-reduced--ets2-adopted.json,central_technology,False,adopted,adopted,adopted,on,vat_reduced,adopted,0.2406325056,0.0676210391,0.394545689,0.2078625201,0.0893382461,0.1508385231,0.0448441245,0.5676454392,0.1762775994,0.0603943138,0.0784286674,0.0236263082,0.7655356985,0.1004563201,0.0319530058,-1.1612379937,-0.2843663668,1.454569048,0.2773576267,-0.2863223143,-1.2957866457,-0.2586325249,1.7645438683,0.111855392,-0.3219800897,-1.0566310755,-0.1869604317,1.5535699116,-0.0487320232,-0.2612463812
central-technology--purchase-adopted--tax-adopted--index-adopted--gdp-on--electricity-vat-reduced--ets2-high-market,scenarios/central-technology--purchase-adopted--tax-adopted--index-adopted--gdp-on--electricity-vat-reduced--ets2-high-market.json,central_technology,False,adopted,adopted,adopted,on,vat_reduced,high_market,0.2406325056,0.0676210391,0.394545689,0.2078625201,0.0893382461,0.1347241093,0.0421968609,0.5828893895,0.1824408228,0.0577488175,0.0660338248,0.021358239,0.7799167192,0.1031906695,0.0295005475,-1.1612379937,-0.2843663668,1.454569048,0.2773576267,-0.2863223143,-2.907228022,-0.5233588852,3.288938896,0.7281777364,-0.5865297253,-2.2961153371,-0.413767352,2.9916719889,0.2247029135,-0.5064922134
central-technology--purchase-adopted--tax-adopted--index-adopted--gdp-on--electricity-vat-reduced--ets2-off,scenarios/central-technology--purchase-adopted--tax-adopted--index-adopted--gdp-on--electricity-vat-reduced--ets2-off.json,central_technology,False,adopted,adopted,adopted,on,vat_reduced,off,0.2406325056,0.0676210391,0.394545689,0.2078625201,0.0893382461,0.1701995837,0.0478284207,0.5499346112,0.168848364,0.0631890204,0.0927666706,0.0260687086,0.7495818981,0.0971417747,0.0344409481,-1.1612379937,-0.2843663668,1.454569048,0.2773576267,-0.2863223143,0.6403194218,0.0397970958,-0.0065389337,-0.6310681502,-0.0425094337,0.3771692397,0.0572796049,-0.0418101268,-0.3801865666,-0.0124521512
central-technology--purchase-adopted--tax-adopted--index-cpi-indexed--gdp-off--electricity-adopted--ets2-adopted,scenarios/central-technology--purchase-adopted--tax-adopted--index-cpi-indexed--gdp-off--electricity-adopted--ets2-adopted.json,central_technology,False,adopted,adopted,cpi_indexed,off,adopted,adopted,0.2605623879,0.0693069834,0.3751308582,0.2023034918,0.0926962786,0.1610571546,0.0474973004,0.5522400521,0.175918935,0.063286558,0.084836123,0.0253555701,0.7542794754,0.1016017219,0.0339271095,0.831750241,-0.1157719369,-0.4869140311,-0.2785452111,0.0494809382,-0.2739234942,0.0066850626,0.2240051509,0.075988951,-0.0327556703,-0.415885518,-0.0140342366,0.427947609,0.0658081583,-0.0638360128
central-technology--purchase-adopted--tax-adopted--index-cpi-indexed--gdp-off--electricity-adopted--ets2-high-market,scenarios/central-technology--purchase-adopted--tax-adopted--index-cpi-indexed--gdp-off--electricity-adopted--ets2-high-market.json,central_technology,False,adopted,adopted,cpi_indexed,off,adopted,high_market,0.2605623879,0.0693069834,0.3751308582,0.2023034918,0.0926962786,0.1440255401,0.0447775347,0.5680061613,0.1825600006,0.0606307632,0.0714894266,0.022961117,0.7695151026,0.1046557385,0.0313786154,0.831750241,-0.1157719369,-0.4869140311,-0.2785452111,0.0494809382,-1.9770849394,-0.2652915022,1.8006160788,0.7400955134,-0.2983351505,-1.7505551551,-0.2534795521,1.9515103218,0.3712098137,-0.3186854283
central-technology--purchase-adopted--tax-adopted--index-cpi-indexed--gdp-off--electricity-adopted--ets2-off,scenarios/central-technology--purchase-adopted--tax-adopted--index-cpi-indexed--gdp-off--electricity-adopted--ets2-off.json,central_technology,False,adopted,adopted,cpi_indexed,off,adopted,off,0.2605623879,0.0693069834,0.3751308582,0.2023034918,0.0926962786,0.1814789102,0.0505480992,0.5339422786,0.1679646784,0.0660660336,0.1002579666,0.0279252814,0.7373726631,0.0979459295,0.0364981594,0.831750241,-0.1157719369,-0.4869140311,-0.2785452111,0.0494809382,1.7682520722,0.3117649509,-1.6057721952,-0.7194367107,0.2451918829,1.1262988431,0.2429368935,-1.262733625,-0.2997710814,0.1932689698
central-technology--purchase-adopted--tax-adopted--index-cpi-indexed--gdp-off--electricity-north-reduction--ets2-adopted,scenarios/central-technology--purchase-adopted--tax-adopted--index-cpi-indexed--gdp-off--electricity-north-reduction--ets2-adopted.json,central_technology,False,adopted,adopted,cpi_indexed,off,north_reduction,adopted,0.2589394973,0.0688753108,0.377231929,0.2026746275,0.0922786354,0.159737171,0.0471080245,0.5543853375,0.1758927681,0.0628766988,0.0839851923,0.0251012465,0.7558698159,0.1013987045,0.0336450407,0.6694611757,-0.1589392015,-0.2768069531,-0.2414316352,0.0077166141,-0.4059218505,-0.0322425193,0.4385336925,0.0733722656,-0.0737415883,-0.5009785833,-0.0394666009,0.5869816606,0.0455064167,-0.0920428932
central-technology--purchase-adopted--tax-adopted--index-cpi-indexed--gdp-off--electricity-north-reduction--ets2-high-market,scenarios/central-technology--purchase-adopted--tax-adopted--index-cpi-indexed--gdp-off--electricity-north-reduction--ets2-high-market.json,central_technology,False,adopted,adopted,cpi_indexed,off,north_reduction,high_market,0.2589394973,0.0688753108,0.377231929,0.2026746275,0.0922786354,0.142801255,0.0443969045,0.570105481,0.1824767637,0.0602195958,0.0707489986,0.0227233048,0.7710081057,0.1044121311,0.0311074598,0.6694611757,-0.1589392015,-0.2768069531,-0.2414316352,0.0077166141,-2.0995134555,-0.303354523,2.0105480476,0.7317718246,-0.3394518937,-1.8245979557,-0.2772607668,2.1008106355,0.3468490726,-0.3458009857
central-technology--purchase-adopted--tax-adopted--index-cpi-indexed--gdp-off--electricity-north-reduction--ets2-off,scenarios/central-technology--purchase-adopted--tax-adopted--index-cpi-indexed--gdp-off--electricity-north-reduction--ets2-off.json,central_technology,False,adopted,adopted,cpi_indexed,off,north_reduction,off,0.2589394973,0.0688753108,0.377231929,0.2026746275,0.0922786354,0.180054664,0.0501513978,0.5361341723,0.1679985779,0.0656611879,0.0992871701,0.0276548814,0.739066026,0.0977845097,0.0362074128,0.6694611757,-0.1589392015,-0.2768069531,-0.2414316352,0.0077166141,1.6258274493,0.2720948098,-1.3865828223,-0.7160467592,0.2047073225,1.0292191984,0.2158968837,-1.0933973335,-0.3159130597,0.164194311
central-technology--purchase-adopted--tax-adopted--index-cpi-indexed--gdp-off--electricity-industrial--ets2-adopted,scenarios/central-technology--purchase-adopted--tax-adopted--index-cpi-indexed--gdp-off--electricity-industrial--ets2-adopted.json,central_technology,False,adopted,adopted,cpi_indexed,off,industrial,adopted,0.2542084675,0.0676169043,0.3833928784,0.2037290874,0.0910526624,0.1559132186,0.0459803043,0.5606362905,0.1757870493,0.0616831373,0.0815350299,0.0243689492,0.7604723915,0.1007942747,0.0328293547,0.1963581967,-0.2847798518,0.3392879866,-0.1359856479,-0.1148806837,-0.7883170905,-0.145014545,1.0636289971,0.0628003837,-0.1930977453,-0.7459948274,-0.1126963331,1.0472392204,-0.0149365597,-0.1736115002
central-technology--purchase-adopted--tax-adopted--index-cpi-indexed--gdp-off--electricity-industrial--ets2-high-market,scenarios/central-technology--purchase-adopted--tax-adopted--index-cpi-indexed--gdp-off--electricity-industrial--ets2-high-market.json,central_technology,False,adopted,adopted,cpi_indexed,off,industrial,high_market,0.2542084675,0.0676169043,0.3833928784,0.2037290874,0.0910526624,0.1392580212,0.0432953133,0.5762191332,0.1822039173,0.059023615,0.0686191083,0.0220392224,0.7753272958,0.1036901916,0.030324182,0.1963581967,-0.2847798518,0.3392879866,-0.1359856479,-0.1148806837,-2.4538368308,-0.4135136463,2.6219132611,0.704487184,-0.4590499679,-2.0375869908,-0.345669011,2.5327296425,0.2746551221,-0.4241287628
central-technology--purchase-adopted--tax-adopted--index-cpi-indexed--gdp-off--electricity-industrial--ets2-off,scenarios/central-technology--purchase-adopted--tax-adopted--index-cpi-indexed--gdp-off--electricity-industrial--ets2-off.json,central_technology,False,adopted,adopted,cpi_indexed,off,industrial,off,0.2542084675,0.0676169043,0.3833928784,0.2037290874,0.0910526624,0.1759240229,0.0490008727,0.5425251999,0.1680692731,0.0644806314,0.096488937,0.0268754775,0.7439691381,0.0973007966,0.0353656509,0.1963581967,-0.2847798518,0.3392879866,-0.1359856479,-0.1148806837,1.2127633407,0.1570422919,-0.7474800666,-0.7089772354,0.0866516694,0.7493958793,0.1379564944,-0.6030861257,-0.3642843726,0.0800181246
central-technology--purchase-adopted--tax-adopted--index-cpi-indexed--gdp-off--electricity-vat-reduced--ets2-adopted,scenarios/central-technology--purchase-adopted--tax-adopted--index-cpi-indexed--gdp-off--electricity-vat-reduced--ets2-adopted.json,central_technology,False,adopted,adopted,cpi_indexed,off,vat_reduced,adopted,0.2501242019,0.0665305306,0.3887552545,0.2046058603,0.0899841528,0.152640713,0.045015211,0.5660294652,0.1756603124,0.0606542983,0.0794557886,0.0237475117,0.7644062818,0.1002574137,0.0321330043,-0.2120683668,-0.3934172237,0.8755255948,-0.0483083606,-0.2217316437,-1.1155676463,-0.2415238742,1.6029464658,0.0501266942,-0.2959816395,-0.9539189606,-0.1748400845,1.4406282413,-0.0686226644,-0.2432465318
central-technology--purchase-adopted--tax-adopted--index-cpi-indexed--gdp-off--electricity-vat-reduced--ets2-high-market,scenarios/central-technology--purchase-adopted--tax-adopted--index-cpi-indexed--gdp-off--electricity-vat-reduced--ets2-high-market.json,central_technology,False,adopted,adopted,cpi_indexed,off,vat_reduced,high_market,0.2501242019,0.0665305306,0.3887552545,0.2046058603,0.0899841528,0.136229882,0.0423538649,0.5814898655,0.1819320429,0.0579943447,0.0668141082,0.0214594889,0.7790170297,0.1030528741,0.029656499,-0.2120683668,-0.3934172237,0.8755255948,-0.0483083606,-0.2217316437,-2.7566507481,-0.5076584812,3.1489864902,0.677299738,-0.5619769988,-2.2180869927,-0.4036423626,2.9017030401,0.2109233776,-0.4908970625
central-technology--purchase-adopted--tax-adopted--index-cpi-indexed--gdp-off--electricity-vat-reduced--ets2-off,scenarios/central-technology--purchase-adopted--tax-adopted--index-cpi-indexed--gdp-off--electricity-vat-reduced--ets2-off.json,central_technology,False,adopted,adopted,cpi_indexed,off,vat_reduced,off,0.2501242019,0.0665305306,0.3887552545,0.2046058603,0.0899841528,0.1723835341,0.0480147251,0.5480442925,0.1680963486,0.0634610997,0.0941108712,0.0262131046,0.7481626651,0.0968674782,0.0346458809,-0.2120683668,-0.3934172237,0.8755255948,-0.0483083606,-0.2217316437,0.8587144611,0.058427539,-0.1955708103,-0.7062696891,-0.0153015006,0.5115893078,0.0717192101,-0.1837334214,-0.4076162163,0.0080411199
central-technology--purchase-adopted--tax-adopted--index-cpi-indexed--gdp-on--electricity-adopted--ets2-adopted,scenarios/central-technology--purchase-adopted--tax-adopted--index-cpi-indexed--gdp-on--electricity-adopted--ets2-adopted.json,central_technology,False,adopted,adopted,cpi_indexed,on,adopted,adopted,0.2592271359,0.0693294358,0.3759821393,0.2028595109,0.092601778,0.1563567956,0.0473849453,0.556226749,0.1773561139,0.0626753962,0.079351215,0.0250446223,0.7600808429,0.1024987188,0.033024601,0.6982250371,-0.113526697,-0.4017859233,-0.2229432941,0.0400308774,-0.7439593959,-0.0045504397,0.622674841,0.2197068456,-0.093871851,-0.9643763132,-0.045129024,1.008084359,0.155507842,-0.1540868639
central-technology--purchase-adopted--tax-adopted--index-cpi-indexed--gdp-on--electricity-adopted--ets2-high-market,scenarios/central-technology--purchase-adopted--tax-adopted--index-cpi-indexed--gdp-on--electricity-adopted--ets2-high-market.json,central_technology,False,adopted,adopted,cpi_indexed,on,adopted,high_market,0.2592271359,0.0693294358,0.3759821393,0.2028595109,0.092601778,0.1400897993,0.0446509245,0.5714701707,0.1837407554,0.0600483502,0.0672989989,0.0226839355,0.7741654253,0.1052604697,0.0305911705,0.6982250371,-0.113526697,-0.4017859233,-0.2229432941,0.0400308774,-2.3706590255,-0.277952523,2.1470170093,0.8581709893,-0.3565764501,-2.1695979228,-0.2811976966,2.4165425987,0.4316829408,-0.39742992
central-technology--purchase-adopted--tax-adopted--index-cpi-indexed--gdp-on--electricity-adopted--ets2-off,scenarios/central-technology--purchase-adopted--tax-adopted--index-cpi-indexed--gdp-on--electricity-adopted--ets2-off.json,central_technology,False,adopted,adopted,cpi_indexed,on,adopted,off,0.2592271359,0.0693294358,0.3759821393,0.2028595109,0.092601778,0.1757962903,0.0504622976,0.5385881854,0.1697192176,0.0654340091,0.0931233793,0.027583019,0.7446126665,0.0992023914,0.0354785438,0.6982250371,-0.113526697,-0.4017859233,-0.2229432941,0.0400308774,1.199990079,0.3031847815,-1.1411815108,-0.5439827902,0.1819894406,0.4128401106,0.2087106509,-0.5387332817,-0.1741248896,0.0913074098
central-technology--purchase-adopted--tax-adopted--index-cpi-indexed--gdp-on--electricity-north-reduction--ets2-adopted,scenarios/central-technology--purchase-adopted--tax-adopted--index-cpi-indexed--gdp-on--electricity-north-reduction--ets2-adopted.json,central_technology,False,adopted,adopted,cpi_indexed,on,north_reduction,adopted,0.2576083253,0.0688964903,0.3780838152,0.2032283246,0.0921830446,0.1550638754,0.0469931175,0.5583614843,0.1773166292,0.0622648936,0.0785460239,0.02479049,0.7616354873,0.1022818303,0.0327461686,0.5363439782,-0.1568212481,-0.1916183348,-0.1860619282,-0.001842467,-0.8732514105,-0.0437332269,0.8361483758,0.2157583775,-0.1349221158,-1.0448954259,-0.0705422551,1.1635487932,0.1338189963,-0.1819301086
central-technology--purchase-adopted--tax-adopted--index-cpi-indexed--gdp-on--electricity-north-reduction--ets2-high-market,scenarios/central-technology--purchase-adopted--tax-adopted--index-cpi-indexed--gdp-on--electricity-north-reduction--ets2-high-market.json,central_technology,False,adopted,adopted,cpi_indexed,on,north_reduction,high_market,0.2576083253,0.0688964903,0.3780838152,0.2032283246,0.0921830446,0.1388899499,0.0442684957,0.5735592411,0.1836450538,0.0596372595,0.06659545,0.0224467959,0.7756287329,0.1050051713,0.0303238498,0.5363439782,-0.1568212481,-0.1916183348,-0.1860619282,-0.001842467,-2.4906439573,-0.3161954083,2.3559240588,0.8486008341,-0.3976855273,-2.2399528135,-0.3049116572,2.5628733602,0.4061530935,-0.424161983
central-technology--purchase-adopted--tax-adopted--index-cpi-indexed--gdp-on--electricity-north-reduction--ets2-off,scenarios/central-technology--purchase-adopted--tax-adopted--index-cpi-indexed--gdp-on--electricity-north-reduction--ets2-off.json,central_technology,False,adopted,adopted,cpi_indexed,on,north_reduction,off,0.2576083253,0.0688964903,0.3780838152,0.2032283246,0.0921830446,0.1744018436,0.0500620218,0.5407695464,0.1697390691,0.065027519,0.0922085923,0.0273120604,0.7462635579,0.0990248598,0.0351909296,0.5363439782,-0.1568212481,-0.1916183348,-0.1860619282,-0.001842467,1.0605454065,0.2631572101,-0.9230454138,-0.5419976338,0.141340431,0.3213614134,0.1816147845,-0.3736441416,-0.1918780529,0.0625459966
central-technology--purchase-adopted--tax-adopted--index-cpi-indexed--gdp-on--electricity-industrial--ets2-adopted,scenarios/central-technology--purchase-adopted--tax-adopted--index-cpi-indexed--gdp-on--electricity-industrial--ets2-adopted.json,central_technology,False,adopted,adopted,cpi_indexed,on,industrial,adopted,0.252889445,0.0676344415,0.3842463166,0.204275833,0.0909539638,0.1513192114,0.0458582726,0.5645808198,0.1771719016,0.0610697946,0.0762283821,0.0240590019,0.7661340468,0.1016372562,0.0319413129,0.0644559528,-0.283026132,0.4246318089,-0.0813110846,-0.1247505451,-1.2477178144,-0.1572177097,1.4580819253,0.2012856131,-0.2544320144,-1.2766596028,-0.1436910565,1.6134047452,0.0693615848,-0.2624156707
central-technology--purchase-adopted--tax-adopted--index-cpi-indexed--gdp-on--electricity-industrial--ets2-high-market,scenarios/central-technology--purchase-adopted--tax-adopted--index-cpi-indexed--gdp-on--electricity-industrial--ets2-high-market.json,central_technology,False,adopted,adopted,cpi_indexed,on,industrial,high_market,0.252889445,0.0676344415,0.3842463166,0.204275833,0.0909539638,0.1354181565,0.0431619284,0.5796423319,0.1833357908,0.0584417924,0.0645722353,0.0217648471,0.7798615407,0.1042494793,0.0295518976,0.0644559528,-0.283026132,0.4246318089,-0.0813110846,-0.1247505451,-2.8378232982,-0.4268521344,2.9642331329,0.817674528,-0.5172322283,-2.4422742883,-0.3731065392,2.9861541389,0.3305838935,-0.5013572049
central-technology--purchase-adopted--tax-adopted--index-cpi-indexed--gdp-on--electricity-industrial--ets2-off,scenarios/central-technology--purchase-adopted--tax-adopted--index-cpi-indexed--gdp-on--electricity-industrial--ets2-off.json,central_technology,False,adopted,adopted,cpi_indexed,on,industrial,off,0.252889445,0.0676344415,0.3842463166,0.204275833,0.0909539638,0.1703587311,0.048901447,0.5471287735,0.1697684898,0.0638425586,0.0895729257,0.0265313795,0.7510426593,0.0984944021,0.0343586334,0.0644559528,-0.283026132,0.4246318089,-0.0813110846,-0.1247505451,0.6562341564,0.1470997292,-0.2871227082,-0.5390555628,0.0228443854,0.057794756,0.1035466969,0.1042659959,-0.2449238193,-0.0206836295
central-technology--purchase-adopted--tax-adopted--index-cpi-indexed--gdp-on--electricity-vat-reduced--ets2-adopted,scenarios/central-technology--purchase-adopted--tax-adopted--index-cpi-indexed--gdp-on--electricity-vat-reduced--ets2-adopted.json,central_technology,False,adopted,adopted,cpi_indexed,on,vat_reduced,adopted,0.2488159751,0.0665450055,0.3896097755,0.2051463871,0.0898828568,0.1481156123,0.0448874011,0.5699456764,0.1770112793,0.060040031,0.0742625608,0.0234385546,0.7699782123,0.1010660927,0.0312545796,-0.3428910389,-0.3919697308,0.9609776955,0.0057443209,-0.2318612467,-1.5680777244,-0.2543048671,1.9945675809,0.1852233842,-0.3574083735,-1.4732417396,-0.2057357947,1.9978212995,0.0122452395,-0.3310890047
central-technology--purchase-adopted--tax-adopted--index-cpi-indexed--gdp-on--electricity-vat-reduced--ets2-high-market,scenarios/central-technology--purchase-adopted--tax-adopted--index-cpi-indexed--gdp-on--electricity-vat-reduced--ets2-high-market.json,central_technology,False,adopted,adopted,cpi_indexed,on,vat_reduced,high_market,0.2488159751,0.0665450055,0.3896097755,0.2051463871,0.0898828568,0.1324519251,0.0422164993,0.5848858723,0.1830323935,0.0574133099,0.0628583308,0.0211871551,0.7834769345,0.1035834194,0.0288941602,-0.3428910389,-0.3919697308,0.9609776955,0.0057443209,-0.2318612467,-3.1344464427,-0.5213950469,3.4885871766,0.787334799,-0.6200804861,-2.6136647329,-0.4308757462,3.3476935111,0.2639779104,-0.5671309424
central-technology--purchase-adopted--tax-adopted--index-cpi-indexed--gdp-on--electricity-vat-reduced--ets2-off,scenarios/central-technology--purchase-adopted--tax-adopted--index-cpi-indexed--gdp-on--electricity-vat-reduced--ets2-off.json,central_technology,False,adopted,adopted,cpi_indexed,on,vat_reduced,off,0.2488159751,0.0665450055,0.3896097755,0.2051463871,0.0898828568,0.1668945777,0.0479070623,0.5526191092,0.1697595601,0.0628196907,0.0873343385,0.025868313,0.7551289187,0.0980210046,0.0336474252,-0.3428910389,-0.3919697308,0.9609776955,0.0057443209,-0.2318612467,0.3098188149,0.0476612597,0.2619108688,-0.5399485378,-0.0794424056,-0.166063962,0.0372400474,0.5128919329,-0.2922635719,-0.0918044464
central-technology--purchase-adopted--tax-plus30--index-adopted--gdp-off--electricity-adopted--ets2-adopted,scenarios/central-technology--purchase-adopted--tax-plus30--index-adopted--gdp-off--electricity-adopted--ets2-adopted.json,central_technology,False,adopted,plus30,adopted,off,adopted,adopted,0.2280028026,0.0707116599,0.3959251821,0.2152404537,0.0901199017,0.1480014778,0.0469779047,0.56350757,0.1800072372,0.0615058102,0.0801657234,0.0250209833,0.7592539058,0.1024087783,0.0331506092,-2.4242082948,0.0246957064,1.5925183599,1.0151509856,-0.2081567572,-1.5794911721,-0.0452544991,1.3507569448,0.4848191764,-0.21083045,-0.8829254788,-0.0474929242,0.9253906474,0.1465137999,-0.1414860444
central-technology--purchase-adopted--tax-plus30--index-adopted--gdp-off--electricity-adopted--ets2-high-market,scenarios/central-technology--purchase-adopted--tax-plus30--index-adopted--gdp-off--electricity-adopted--ets2-high-market.json,central_technology,False,adopted,plus30,adopted,off,adopted,high_market,0.2280028026,0.0707116599,0.3959251821,0.2152404537,0.0901199017,0.1330600914,0.0442512923,0.5778211499,0.1859285194,0.058938947,0.0679226348,0.0226697459,0.7734989809,0.1052072969,0.0307013415,-2.4242082948,0.0246957064,1.5925183599,1.0151509856,-0.2081567572,-3.0736298146,-0.3179157387,2.7821149318,1.076947394,-0.4675167725,-2.1072343315,-0.2826166603,2.3498981526,0.4263656526,-0.3864128134
central-technology--purchase-adopted--tax-plus30--index-adopted--gdp-off--electricity-adopted--ets2-off,scenarios/central-technology--purchase-adopted--tax-plus30--index-adopted--gdp-off--electricity-adopted--ets2-off.json,central_technology,False,adopted,plus30,adopted,off,adopted,off,0.2280028026,0.0707116599,0.3959251821,0.2152404537,0.0901199017,0.1657506669,0.0500584864,0.547034321,0.1729414716,0.0642150541,0.0941803458,0.027545832,0.7435864681,0.0990667643,0.0356205897,-2.4242082948,0.0246957064,1.5925183599,1.0151509856,-0.2081567572,0.1954277435,0.2628036629,-0.2965679545,-0.221757386,0.0600939341,0.5185367669,0.2049919505,-0.6413531218,-0.1876876003,0.1055120047
central-technology--purchase-adopted--tax-plus30--index-adopted--gdp-off--electricity-north-reduction--ets2-adopted,scenarios/central-technology--purchase-adopted--tax-plus30--index-adopted--gdp-off--electricity-north-reduction--ets2-adopted.json,central_technology,False,adopted,plus30,adopted,off,north_reduction,adopted,0.2264924312,0.0702432407,0.3980367964,0.2155494093,0.0896781224,0.1467576238,0.0465830867,0.5656220474,0.1799426101,0.0610946319,0.0793535541,0.0247674925,0.7608135685,0.1021937374,0.0328716474,-2.5752454362,-0.0221462046,1.8036797846,1.0460465415,-0.2523346853,-1.7038765712,-0.0847363038,1.5622046856,0.4783564677,-0.2519482784,-0.9641424035,-0.0728420039,1.0813569192,0.125009709,-0.1693822208
central-technology--purchase-adopted--tax-plus30--index-adopted--gdp-off--electricity-north-reduction--ets2-high-market,scenarios/central-technology--purchase-adopted--tax-plus30--index-adopted--gdp-off--electricity-north-reduction--ets2-high-market.json,central_technology,False,adopted,plus30,adopted,off,north_reduction,high_market,0.2264924312,0.0702432407,0.3980367964,0.2155494093,0.0896781224,0.1319045814,0.0438670088,0.5798906759,0.1858093241,0.0585284098,0.0672134694,0.022433056,0.7749664701,0.1049535374,0.030433467,-2.5752454362,-0.0221462046,1.8036797846,1.0460465415,-0.2523346853,-3.1891808107,-0.3563440973,2.9890675356,1.0650278653,-0.5085704927,-2.1781508732,-0.3062856476,2.4966470727,0.4009897093,-0.4132002612
central-technology--purchase-adopted--tax-plus30--index-adopted--gdp-off--electricity-north-reduction--ets2-off,scenarios/central-technology--purchase-adopted--tax-plus30--index-adopted--gdp-off--electricity-north-reduction--ets2-off.json,central_technology,False,adopted,plus30,adopted,off,north_reduction,off,0.2264924312,0.0702432407,0.3980367964,0.2155494093,0.0896781224,0.1644102471,0.0496536651,0.5491951956,0.172934713,0.0638061792,0.0932569926,0.02727577,0.7452433232,0.0988914019,0.0353325123,-2.5752454362,-0.0221462046,1.8036797846,1.0460465415,-0.2523346853,0.0613857561,0.2223215392,-0.0804804989,-0.2224332448,0.0192064484,0.4262014415,0.1779857493,-0.4756676153,-0.2052238447,0.0767042692
central-technology--purchase-adopted--tax-plus30--index-adopted--gdp-off--electricity-industrial--ets2-adopted,scenarios/central-technology--purchase-adopted--tax-plus30--index-adopted--gdp-off--electricity-industrial--ets2-adopted.json,central_technology,False,adopted,plus30,adopted,off,industrial,adopted,0.222095173,0.0688794969,0.4042233133,0.2164184128,0.088383604,0.1431566412,0.0454400804,0.5717807993,0.1797242951,0.059898184,0.0770157129,0.0240378155,0.7653267507,0.1015545027,0.0320652183,-3.0149712477,-0.1585205897,2.4223314703,1.1329468906,-0.3817865234,-2.0639748301,-0.1990369308,2.1780798698,0.4565249663,-0.3715930752,-1.1979265247,-0.1458097056,1.5326751311,0.0610862336,-0.2500251343
central-technology--purchase-adopted--tax-plus30--index-adopted--gdp-off--electricity-industrial--ets2-high-market,scenarios/central-technology--purchase-adopted--tax-plus30--index-adopted--gdp-off--electricity-industrial--ets2-high-market.json,central_technology,False,adopted,plus30,adopted,off,industrial,high_market,0.222095173,0.0688794969,0.4042233133,0.2164184128,0.088383604,0.1285623677,0.0427555014,0.585915578,0.1854314653,0.0573350876,0.0651740212,0.0217523732,0.7792114425,0.1042022818,0.0296598813,-3.0149712477,-0.1585205897,2.4223314703,1.1329468906,-0.3817865234,-3.5234021775,-0.4674948358,3.591557746,1.0272419782,-0.627902711,-2.3820956972,-0.3743539337,2.921144318,0.3258641484,-0.4905588355
central-technology--purchase-adopted--tax-plus30--index-adopted--gdp-off--electricity-industrial--ets2-off,scenarios/central-technology--purchase-adopted--tax-plus30--index-adopted--gdp-off--electricity-industrial--ets2-off.json,central_technology,False,adopted,plus30,adopted,off,industrial,off,0.222095173,0.0688794969,0.4042233133,0.2164184128,0.088383604,0.1605257284,0.0484804987,0.5554927629,0.172886025,0.0626149849,0.0905964886,0.0264976268,0.7500398348,0.0983672289,0.0344988209,-3.0149712477,-0.1585205897,2.4223314703,1.1329468906,-0.3817865234,-0.3270661075,0.1050048932,0.5492762392,-0.2273020451,-0.0999129799,0.1601510405,0.1001714284,0.0039835479,-0.257641144,-0.0066648728
central-technology--purchase-adopted--tax-plus30--index-adopted--gdp-off--electricity-vat-reduced--ets2-adopted,scenarios/central-technology--purchase-adopted--tax-plus30--index-adopted--gdp-off--electricity-vat-reduced--ets2-adopted.json,central_technology,False,adopted,plus30,adopted,off,vat_reduced,adopted,0.2183059601,0.0677043292,0.4096015025,0.2171300868,0.0872581215,0.1400778274,0.0444628184,0.5770915433,0.1794998175,0.0588679933,0.0750326248,0.0234188625,0.7691835291,0.1009878924,0.0313770912,-3.3938925442,-0.2760373638,2.9601503903,1.20411429,-0.4943347723,-2.371856208,-0.2967631309,2.7091542695,0.4340772077,-0.4746121383,-1.3962353334,-0.2077050042,1.9183529769,0.004425205,-0.3188378443
central-technology--purchase-adopted--tax-plus30--index-adopted--gdp-off--electricity-vat-reduced--ets2-high-market,scenarios/central-technology--purchase-adopted--tax-plus30--index-adopted--gdp-off--electricity-vat-reduced--ets2-high-market.json,central_technology,False,adopted,plus30,adopted,off,vat_reduced,high_market,0.2183059601,0.0677043292,0.4096015025,0.2171300868,0.0872581215,0.1257083653,0.0418063566,0.5911074505,0.1850687417,0.0563090859,0.063446269,0.0211757215,0.782837306,0.1035399916,0.0290007119,-3.3938925442,-0.2760373638,2.9601503903,1.20411429,-0.4943347723,-3.8088024185,-0.5624093167,4.1107449977,0.9909696247,-0.7305028873,-2.5548709159,-0.432019104,3.2837306695,0.2596351257,-0.5564757752
central-technology--purchase-adopted--tax-plus30--index-adopted--gdp-off--electricity-vat-reduced--ets2-off,scenarios/central-technology--purchase-adopted--tax-plus30--index-adopted--gdp-off--electricity-vat-reduced--ets2-off.json,central_technology,False,adopted,plus30,adopted,off,vat_reduced,off,0.2183059601,0.0677043292,0.4096015025,0.2171300868,0.0872581215,0.1571997719,0.047476024,0.5609275649,0.1728090476,0.0615875917,0.088336622,0.0258366619,0.7541411507,0.0978992095,0.033786356,-3.3938925442,-0.2760373638,2.9601503903,1.20411429,-0.4943347723,-0.6596617645,0.0045574231,1.0927564301,-0.2349997884,-0.2026523003,-0.0658356198,0.0340749353,0.4141151327,-0.3044430873,-0.0779113609
central-technology--purchase-adopted--tax-plus30--index-adopted--gdp-on--electricity-adopted--ets2-adopted,scenarios/central-technology--purchase-adopted--tax-plus30--index-adopted--gdp-on--electricity-adopted--ets2-adopted.json,central_technology,False,adopted,plus30,adopted,on,adopted,adopted,0.2264623192,0.0707102209,0.3969627608,0.2158943062,0.0899703929,0.1429330944,0.0467722474,0.5679639859,0.1815636131,0.0607670592,0.0744602097,0.0246381023,0.7654176474,0.1033264724,0.0321575681,-2.5782566318,0.024551807,1.696276224,1.0805362332,-0.2231076323,-2.0863295143,-0.0658202344,1.7963985337,0.6404567668,-0.2847055519,-1.453476843,-0.0857810192,1.5417648094,0.2382832111,-0.2407901584
central-technology--purchase-adopted--tax-plus30--index-adopted--gdp-on--electricity-adopted--ets2-high-market,scenarios/central-technology--purchase-adopted--tax-plus30--index-adopted--gdp-on--electricity-adopted--ets2-high-market.json,central_technology,False,adopted,plus30,adopted,on,adopted,high_market,0.2264623192,0.0707102209,0.3969627608,0.2158943062,0.0899703929,0.1287781375,0.0440454552,0.5817250498,0.1872109384,0.058240419,0.0635228186,0.0223349718,0.7784840701,0.1058237522,0.0298343873,-2.5782566318,0.024551807,1.696276224,1.0805362332,-0.2231076323,-3.5018251968,-0.3384994538,3.1725049268,1.2051892913,-0.5373695676,-2.5472159586,-0.3160940688,2.8484070738,0.4880111842,-0.4731082306
central-technology--purchase-adopted--tax-plus30--index-adopted--gdp-on--electricity-adopted--ets2-off,scenarios/central-technology--purchase-adopted--tax-plus30--index-adopted--gdp-on--electricity-adopted--ets2-off.json,central_technology,False,adopted,plus30,adopted,on,adopted,off,0.2264623192,0.0707102209,0.3969627608,0.2158943062,0.0899703929,0.1596856775,0.0498599925,0.552178671,0.1748347157,0.0634409433,0.0868338693,0.0271128641,0.7512032319,0.1003521219,0.0344979128,-2.5782566318,0.024551807,1.696276224,1.0805362332,-0.2231076323,-0.4110711968,0.242954272,0.217867041,-0.0324329755,-0.0173171407,-0.216110884,0.1616951556,0.1203232522,-0.0591518398,-0.0067556841
central-technology--purchase-adopted--tax-plus30--index-adopted--gdp-on--electricity-north-reduction--ets2-adopted,scenarios/central-technology--purchase-adopted--tax-plus30--index-adopted--gdp-on--electricity-north-reduction--ets2-adopted.json,central_technology,False,adopted,plus30,adopted,on,north_reduction,adopted,0.2249576169,0.0702403951,0.3990746051,0.2161998413,0.0895275415,0.1417200167,0.0463752898,0.5700656171,0.1814832907,0.0603557857,0.0736964739,0.0243853902,0.7669388301,0.1030963967,0.0318829091,-2.7287268574,-0.022430768,1.907460653,1.1110897453,-0.267392773,-2.2076372838,-0.1055159888,2.0065616516,0.6324245267,-0.3258329058,-1.529850425,-0.1110522363,1.693883078,0.2152756393,-0.2682560559
central-technology--purchase-adopted--tax-plus30--index-adopted--gdp-on--electricity-north-reduction--ets2-high-market,scenarios/central-technology--purchase-adopted--tax-plus30--index-adopted--gdp-on--electricity-north-reduction--ets2-high-market.json,central_technology,False,adopted,plus30,adopted,on,north_reduction,high_market,0.2249576169,0.0702403951,0.3990746051,0.2161998413,0.0895275415,0.1276503991,0.0436597395,0.5837822537,0.187077125,0.0578304827,0.0628529221,0.0220994325,0.7799193992,0.1055573064,0.0295709398,-2.7287268574,-0.022430768,1.907460653,1.1110897453,-0.267392773,-3.6145990453,-0.377071028,3.3782253166,1.191807956,-0.5783631993,-2.6142056082,-0.3396479975,2.9919399903,0.4613666047,-0.4994529893
central-technology--purchase-adopted--tax-plus30--index-adopted--gdp-on--electricity-north-reduction--ets2-off,scenarios/central-technology--purchase-adopted--tax-plus30--index-adopted--gdp-on--electricity-north-reduction--ets2-off.json,central_technology,False,adopted,plus30,adopted,on,north_reduction,off,0.2249576169,0.0702403951,0.3990746051,0.2161998413,0.0895275415,0.1583792452,0.0494520742,0.5543264157,0.1748112609,0.063031004,0.0859695082,0.0268429774,0.752814487,0.1001592995,0.034213728,-2.7287268574,-0.022430768,1.907460653,1.1110897453,-0.267392773,-0.5417144266,0.2021624455,0.4326415102,-0.0347784583,-0.0583110708,-0.3025470001,0.1347064854,0.2814487665,-0.078434084,-0.0351741678
central-technology--purchase-adopted--tax-plus30--index-adopted--gdp-on--electricity-industrial--ets2-adopted,scenarios/central-technology--purchase-adopted--tax-plus30--index-adopted--gdp-on--electricity-industrial--ets2-adopted.json,central_technology,False,adopted,plus30,adopted,on,industrial,adopted,0.2205771535,0.0688726464,0.4052615331,0.2170586714,0.0882299956,0.1382090678,0.0452263959,0.5761860158,0.1812190847,0.0591594359,0.0714988833,0.0236582305,0.7713399528,0.1024136821,0.0310892514,-3.1667732023,-0.1592056359,2.5261534532,1.1969727499,-0.397147365,-2.5587321752,-0.2204053864,2.6186015202,0.606003925,-0.4454678836,-1.7496094885,-0.1837682052,2.1339953477,0.1470041751,-0.3476218292
central-technology--purchase-adopted--tax-plus30--index-adopted--gdp-on--electricity-industrial--ets2-high-market,scenarios/central-technology--purchase-adopted--tax-plus30--index-adopted--gdp-on--electricity-industrial--ets2-high-market.json,central_technology,False,adopted,plus30,adopted,on,industrial,high_market,0.2205771535,0.0688726464,0.4052615331,0.2170586714,0.0882299956,0.1243892784,0.0425443518,0.5897705145,0.1866566224,0.0566392329,0.0609270133,0.0214222724,0.7840708635,0.1047694489,0.0288104019,-3.1667732023,-0.1592056359,2.5261534532,1.1969727499,-0.397147365,-3.9407111124,-0.4886097932,3.9770513938,1.1497576946,-0.6974881829,-2.8067964864,-0.4073640078,3.4070864148,0.3825808578,-0.5755067784
central-technology--purchase-adopted--tax-plus30--index-adopted--gdp-on--electricity-industrial--ets2-off,scenarios/central-technology--purchase-adopted--tax-plus30--index-adopted--gdp-on--electricity-industrial--ets2-off.json,central_technology,False,adopted,plus30,adopted,on,industrial,off,0.2205771535,0.0688726464,0.4052615331,0.2170586714,0.0882299956,0.1545943759,0.0482702928,0.5605845642,0.1747136235,0.0618371436,0.0834801133,0.0260656928,0.7574779617,0.0995845145,0.0333917177,-3.1667732023,-0.1592056359,2.5261534532,1.1969727499,-0.397147365,-0.9202013599,0.08398431,1.058456361,-0.0445421956,-0.1776971155,-0.5514864837,0.0569780318,0.7477962314,-0.1359125802,-0.1173751992
central-technology--purchase-adopted--tax-plus30--index-adopted--gdp-on--electricity-vat-reduced--ets2-adopted,scenarios/central-technology--purchase-adopted--tax-plus30--index-adopted--gdp-on--electricity-vat-reduced--ets2-adopted.json,central_technology,False,adopted,plus30,adopted,on,vat_reduced,adopted,0.2168027602,0.0676941361,0.4106397636,0.2177613222,0.0871020179,0.1352083412,0.0442444629,0.5814625792,0.1809548406,0.0581297762,0.0696357425,0.0230417367,0.7751001488,0.1018099579,0.0304124141,-3.5442125331,-0.2770566697,3.0639765068,1.2672378346,-0.5099451385,-2.8588048311,-0.3185986884,3.1462578612,0.5795795116,-0.5484338533,-1.9359235679,-0.2454175796,2.5100149426,0.0866317573,-0.4153055524
central-technology--purchase-adopted--tax-plus30--index-adopted--gdp-on--electricity-vat-reduced--ets2-high-market,scenarios/central-technology--purchase-adopted--tax-plus30--index-adopted--gdp-on--electricity-vat-reduced--ets2-high-market.json,central_technology,False,adopted,plus30,adopted,on,vat_reduced,high_market,0.2168027602,0.0676941361,0.4106397636,0.2177613222,0.0871020179,0.1216054303,0.0415922037,0.5949299041,0.1862570622,0.0556153997,0.0592961606,0.0208488557,0.7876163047,0.1040760185,0.0281626605,-3.5442125331,-0.2770566697,3.0639765068,1.2672378346,-0.5099451385,-4.2190959255,-0.5838246025,4.492990359,1.1098016728,-0.7998715038,-2.9698817569,-0.4647056845,3.7616305346,0.3132378173,-0.6402809105
central-technology--purchase-adopted--tax-plus30--index-adopted--gdp-on--electricity-vat-reduced--ets2-off,scenarios/central-technology--purchase-adopted--tax-plus30--index-adopted--gdp-on--electricity-vat-reduced--ets2-off.json,central_technology,False,adopted,plus30,adopted,on,vat_reduced,off,0.2168027602,0.0676941361,0.4106397636,0.2177613222,0.0871020179,0.1513551101,0.0472588698,0.565983979,0.1745940721,0.0608079689,0.0813669196,0.0254058727,0.7614643292,0.0990731522,0.0326897263,-3.5442125331,-0.2770566697,3.0639765068,1.2672378346,-0.5099451385,-1.2441279397,-0.0171579908,1.5983978424,-0.0564973335,-0.2806145785,-0.7628058523,-0.0090039792,1.1464329856,-0.1870488175,-0.1875743366
central-technology--purchase-adopted--tax-plus30--index-cpi-indexed--gdp-off--electricity-adopted--ets2-adopted,scenarios/central-technology--purchase-adopted--tax-plus30--index-cpi-indexed--gdp-off--electricity-adopted--ets2-adopted.json,central_technology,False,adopted,plus30,cpi_indexed,off,adopted,adopted,0.2372446742,0.0695003215,0.3902863193,0.2121285645,0.0908401205,0.1449827605,0.0470111936,0.5660785905,0.1808362845,0.0610911709,0.075629452,0.0248014166,0.7640954988,0.1030946391,0.0323789935,-1.5000211275,-0.0964381313,1.0286320736,0.703962062,-0.1361348767,-1.8813629054,-0.0419256143,1.6078589922,0.5677239066,-0.2522943791,-1.3365526203,-0.0694495904,1.4095499504,0.2150998737,-0.2186476134
central-technology--purchase-adopted--tax-plus30--index-cpi-indexed--gdp-off--electricity-adopted--ets2-high-market,scenarios/central-technology--purchase-adopted--tax-plus30--index-cpi-indexed--gdp-off--electricity-adopted--ets2-high-market.json,central_technology,False,adopted,plus30,cpi_indexed,off,adopted,high_market,0.2372446742,0.0695003215,0.3902863193,0.2121285645,0.0908401205,0.1305146347,0.0442619233,0.5800727586,0.1866045025,0.058546181,0.0644300519,0.0224709921,0.7774111188,0.1056602375,0.0300275997,-1.5000211275,-0.0964381313,1.0286320736,0.703962062,-0.1361348767,-3.3281754857,-0.3168526433,3.0072758059,1.144545698,-0.5067933749,-2.456492628,-0.3024920406,2.7411119473,0.4716597157,-0.4537869945
central-technology--purchase-adopted--tax-plus30--index-cpi-indexed--gdp-off--electricity-adopted--ets2-off,scenarios/central-technology--purchase-adopted--tax-plus30--index-cpi-indexed--gdp-off--electricity-adopted--ets2-off.json,central_technology,False,adopted,plus30,cpi_indexed,off,adopted,off,0.2372446742,0.0695003215,0.3902863193,0.2121285645,0.0908401205,0.1621302329,0.0501251907,0.550003451,0.1739593646,0.0637817607,0.0883292986,0.0273084351,0.7495758329,0.1000378359,0.0347485974,-1.5000211275,-0.0964381313,1.0286320736,0.703962062,-0.1361348767,-0.1666156654,0.2694740986,0.0003450478,-0.1199680822,0.0167646012,-0.0665679544,0.1812522572,-0.0424166395,-0.0905804393,0.018312776
central-technology--purchase-adopted--tax-plus30--index-cpi-indexed--gdp-off--electricity-north-reduction--ets2-adopted,scenarios/central-technology--purchase-adopted--tax-plus30--index-cpi-indexed--gdp-off--electricity-north-reduction--ets2-adopted.json,central_technology,False,adopted,plus30,cpi_indexed,off,north_reduction,adopted,0.2356977503,0.0690471534,0.392395534,0.2124552896,0.0904042726,0.1437574981,0.0466138978,0.5681858645,0.1807628362,0.0606799033,0.074855837,0.0245477225,0.7656251064,0.1028679843,0.0321033498,-1.6547135179,-0.1417549372,1.2395535488,0.7366345691,-0.1797196628,-2.0038891382,-0.0816551962,1.8185863981,0.5603790755,-0.2934211393,-1.4139141191,-0.0948190029,1.5625107101,0.1924343928,-0.2462119809
central-technology--purchase-adopted--tax-plus30--index-cpi-indexed--gdp-off--electricity-north-reduction--ets2-high-market,scenarios/central-technology--purchase-adopted--tax-plus30--index-cpi-indexed--gdp-off--electricity-north-reduction--ets2-high-market.json,central_technology,False,adopted,plus30,cpi_indexed,off,north_reduction,high_market,0.2356977503,0.0690471534,0.392395534,0.2124552896,0.0904042726,0.129375844,0.0438757209,0.5821353645,0.1864771111,0.0581359595,0.0637520979,0.022234545,0.7788535064,0.1053966997,0.0297631509,-1.6547135179,-0.1417549372,1.2395535488,0.7366345691,-0.1797196628,-3.4420545468,-0.3554728814,3.2135363946,1.1318065595,-0.5478155259,-2.5242880267,-0.3261367502,2.8853507087,0.4453059398,-0.4802318717
central-technology--purchase-adopted--tax-plus30--index-cpi-indexed--gdp-off--electricity-north-reduction--ets2-off,scenarios/central-technology--purchase-adopted--tax-plus30--index-cpi-indexed--gdp-off--electricity-north-reduction--ets2-off.json,central_technology,False,adopted,plus30,cpi_indexed,off,north_reduction,off,0.2356977503,0.0690471534,0.392395534,0.2124552896,0.0904042726,0.160810432,0.0497171529,0.5521569829,0.1739431999,0.0633722323,0.0874529805,0.0270375071,0.7511970493,0.0998489614,0.0344635017,-1.6547135179,-0.1417549372,1.2395535488,0.7366345691,-0.1797196628,-0.2985957461,0.2286703164,0.2156982305,-0.1215845616,-0.0241882391,-0.1541997658,0.1541594616,0.1197049958,-0.1094678962,-0.0101967953
central-technology--purchase-adopted--tax-plus30--index-cpi-indexed--gdp-off--electricity-industrial--ets2-adopted,scenarios/central-technology--purchase-adopted--tax-plus30--index-cpi-indexed--gdp-off--electricity-industrial--ets2-adopted.json,central_technology,False,adopted,plus30,cpi_indexed,off,industrial,adopted,0.2311925314,0.0677273591,0.3985764369,0.2133771231,0.0891265494,0.1402108733,0.0454638916,0.5743230929,0.1805187342,0.0594834079,0.0726296328,0.023817676,0.7700507527,0.1021951656,0.0313067729,-2.1052354126,-0.2737343657,1.857643836,0.8288179269,-0.3074919846,-2.3585516192,-0.1966558107,2.4323092343,0.5359688733,-0.4130706776,-1.6365345366,-0.1678236536,2.0050753359,0.1251525287,-0.3258696743
central-technology--purchase-adopted--tax-plus30--index-cpi-indexed--gdp-off--electricity-industrial--ets2-high-market,scenarios/central-technology--purchase-adopted--tax-plus30--index-cpi-indexed--gdp-off--electricity-industrial--ets2-high-market.json,central_technology,False,adopted,plus30,cpi_indexed,off,industrial,high_market,0.2311925314,0.0677273591,0.3985764369,0.2133771231,0.0891265494,0.1260824266,0.0427588118,0.5881396747,0.1860753478,0.0569437391,0.0618028874,0.0215547272,0.7830254856,0.1046172358,0.0289996639,-2.1052354126,-0.2737343657,1.857643836,0.8288179269,-0.3074919846,-3.7713962875,-0.4671637957,3.8139674159,1.0916302308,-0.6670375634,-2.7192090794,-0.3941185275,3.3025486291,0.3673595494,-0.5565805715
central-technology--purchase-adopted--tax-plus30--index-cpi-indexed--gdp-off--electricity-industrial--ets2-off,scenarios/central-technology--purchase-adopted--tax-plus30--index-cpi-indexed--gdp-off--electricity-industrial--ets2-off.json,central_technology,False,adopted,plus30,cpi_indexed,off,industrial,off,0.2311925314,0.0677273591,0.3985764369,0.2133771231,0.0891265494,0.1569863277,0.048534869,0.5584324828,0.17386694,0.0621793805,0.0849288966,0.0262571457,0.7558895703,0.0992856224,0.033638765,-2.1052354126,-0.2737343657,1.857643836,0.8288179269,-0.3074919846,-0.6810061849,0.1104419277,0.8432482221,-0.1292105441,-0.1434734209,-0.4066081521,0.0761233157,0.5889570995,-0.1658017954,-0.0926704678
central-technology--purchase-adopted--tax-plus30--index-cpi-indexed--gdp-off--electricity-vat-reduced--ets2-adopted,scenarios/central-technology--purchase-adopted--tax-plus30--index-cpi-indexed--gdp-off--electricity-vat-reduced--ets2-adopted.json,central_technology,False,adopted,plus30,cpi_indexed,off,vat_reduced,adopted,0.2273084346,0.0665895213,0.4039514503,0.2141356282,0.0880149656,0.1371791688,0.0444808503,0.5796146345,0.1802719172,0.0584534292,0.0707420137,0.0231986628,0.7738320722,0.1015998921,0.0306273592,-2.4936450894,-0.3875181524,2.3951451797,0.9046684304,-0.4186503682,-2.6617220751,-0.2949599467,2.9614633977,0.5112871744,-0.5160685504,-1.8252964466,-0.2297249718,2.3832072844,0.065625178,-0.393811044
central-technology--purchase-adopted--tax-plus30--index-cpi-indexed--gdp-off--electricity-vat-reduced--ets2-high-market,scenarios/central-technology--purchase-adopted--tax-plus30--index-cpi-indexed--gdp-off--electricity-vat-reduced--ets2-high-market.json,central_technology,False,adopted,plus30,cpi_indexed,off,vat_reduced,high_market,0.2273084346,0.0665895213,0.4039514503,0.2141356282,0.0880149656,0.1232706098,0.0418052297,0.5933132758,0.1856919813,0.0559189034,0.0601521423,0.020979004,0.7865885612,0.1039309508,0.0283493417,-2.4936450894,-0.3875181524,2.3951451797,0.9046684304,-0.4186503682,-4.0525779736,-0.5625220079,4.331327529,1.0532935879,-0.7695211355,-2.884283586,-0.4516908532,3.6588561906,0.2987310439,-0.6216127953
central-technology--purchase-adopted--tax-plus30--index-cpi-indexed--gdp-off--electricity-vat-reduced--ets2-off,scenarios/central-technology--purchase-adopted--tax-plus30--index-cpi-indexed--gdp-off--electricity-vat-reduced--ets2-off.json,central_technology,False,adopted,plus30,cpi_indexed,off,vat_reduced,off,0.2273084346,0.0665895213,0.4039514503,0.2141356282,0.0880149656,0.1537128828,0.0475228305,0.5638474475,0.1737659878,0.0611508514,0.0827859594,0.0255946219,0.7599010169,0.0987840647,0.0329343371,-2.4936450894,-0.3875181524,2.3951451797,0.9046684304,-0.4186503682,-1.0083506707,0.0092380715,1.3847446987,-0.1393057644,-0.2463263351,-0.6209018738,0.0098709365,0.9901017545,-0.2159575626,-0.1631132545
central-technology--purchase-adopted--tax-plus30--index-cpi-indexed--gdp-on--electricity-adopted--ets2-adopted,scenarios/central-technology--purchase-adopted--tax-plus30--index-cpi-indexed--gdp-on--electricity-adopted--ets2-adopted.json,central_technology,False,adopted,plus30,cpi_indexed,on,adopted,adopted,0.2357534446,0.0694976775,0.3912776579,0.2127652032,0.0907060168,0.1398453455,0.0467915064,0.570631973,0.182407411,0.0603237641,0.0697617799,0.0243592867,0.7705695355,0.1040077976,0.0313016004,-1.649144094,-0.096702526,1.1277659362,0.7676259314,-0.1495452475,-2.3951044,-0.0638943346,2.0631972468,0.7248365527,-0.3290350649,-1.9233198276,-0.1136625842,2.0569536188,0.3064157227,-0.3263869297
central-technology--purchase-adopted--tax-plus30--index-cpi-indexed--gdp-on--electricity-adopted--ets2-high-market,scenarios/central-technology--purchase-adopted--tax-plus30--index-cpi-indexed--gdp-on--electricity-adopted--ets2-high-market.json,central_technology,False,adopted,plus30,cpi_indexed,on,adopted,high_market,0.2357534446,0.0694976775,0.3912776579,0.2127652032,0.0907060168,0.1261653124,0.044044578,0.5840691501,0.1878993158,0.0578216438,0.0598634217,0.0220893075,0.7826929891,0.1062681495,0.0290861322,-1.649144094,-0.096702526,1.1277659362,0.7676259314,-0.1495452475,-3.7631077106,-0.3385871743,3.4069149518,1.27402703,-0.5792470968,-2.9131556474,-0.3406605003,3.2692989741,0.5324509144,-0.5479337408
central-technology--purchase-adopted--tax-plus30--index-cpi-indexed--gdp-on--electricity-adopted--ets2-off,scenarios/central-technology--purchase-adopted--tax-plus30--index-cpi-indexed--gdp-on--electricity-adopted--ets2-off.json,central_technology,False,adopted,plus30,cpi_indexed,on,adopted,off,0.2357534446,0.0694976775,0.3912776579,0.2127652032,0.0907060168,0.1559973045,0.0499090261,0.5552482974,0.1758697597,0.0629756123,0.0808487562,0.0267998017,0.7575001119,0.1013209218,0.0335304083,-1.649144094,-0.096702526,1.1277659362,0.7676259314,-0.1495452475,-0.7799084964,0.2478576321,0.5248296854,0.0710714198,-0.0638502409,-0.8146221919,0.1303889192,0.750011256,0.037728148,-0.1035061313
central-technology--purchase-adopted--tax-plus30--index-cpi-indexed--gdp-on--electricity-north-reduction--ets2-adopted,scenarios/central-technology--purchase-adopted--tax-plus30--index-cpi-indexed--gdp-on--electricity-north-reduction--ets2-adopted.json,central_technology,False,adopted,plus30,cpi_indexed,on,north_reduction,adopted,0.2342117249,0.0690431945,0.3933872127,0.2130887973,0.0902690706,0.1386516717,0.0463921095,0.5727258961,0.1823177712,0.0599125516,0.069038864,0.0241068603,0.7720582119,0.1037651251,0.0310309389,-1.80331606,-0.1421508273,1.3387214143,0.7999853388,-0.1932398659,-2.514471784,-0.1038340244,2.2725895522,0.71587257,-0.3701563138,-1.9956114199,-0.1389052261,2.2058212541,0.2821484719,-0.35345308
central-technology--purchase-adopted--tax-plus30--index-cpi-indexed--gdp-on--electricity-north-reduction--ets2-high-market,scenarios/central-technology--purchase-adopted--tax-plus30--index-cpi-indexed--gdp-on--electricity-north-reduction--ets2-high-market.json,central_technology,False,adopted,plus30,cpi_indexed,on,north_reduction,high_market,0.2342117249,0.0690431945,0.3933872127,0.2130887973,0.0902690706,0.1250550256,0.0436569745,0.5861189788,0.1877568587,0.0574121624,0.0592268062,0.0218543996,0.7841010047,0.105991082,0.0288267075,-1.80331606,-0.1421508273,1.3387214143,0.7999853388,-0.1932398659,-3.8741363948,-0.3773475233,3.6118978286,1.2597813182,-0.6201952286,-2.9768171913,-0.3641512962,3.4101005387,0.5047441644,-0.5738762155
central-technology--purchase-adopted--tax-plus30--index-cpi-indexed--gdp-on--electricity-north-reduction--ets2-off,scenarios/central-technology--purchase-adopted--tax-plus30--index-cpi-indexed--gdp-on--electricity-north-reduction--ets2-off.json,central_technology,False,adopted,plus30,cpi_indexed,on,north_reduction,off,0.2342117249,0.0690431945,0.3933872127,0.2130887973,0.0902690706,0.1547124047,0.0494979414,0.5573881266,0.1758363427,0.0625651846,0.0800338515,0.0265296765,0.7590730311,0.1011134518,0.033249989,-1.80331606,-0.1421508273,1.3387214143,0.7999853388,-0.1932398659,-0.9083984822,0.2067491651,0.7388126037,0.0677297255,-0.1048930121,-0.8961126611,0.1033764021,0.9073031797,0.0169811447,-0.1315480655
central-technology--purchase-adopted--tax-plus30--index-cpi-indexed--gdp-on--electricity-industrial--ets2-adopted,scenarios/central-technology--purchase-adopted--tax-plus30--index-cpi-indexed--gdp-on--electricity-industrial--ets2-adopted.json,central_technology,False,adopted,plus30,cpi_indexed,on,industrial,adopted,0.2297219471,0.0677196544,0.3995688585,0.2140013034,0.0889882366,0.1351974235,0.0452363365,0.5788232943,0.1820263464,0.0587165993,0.0669593917,0.0233807541,0.7763647279,0.1030460197,0.0302491066,-2.2522938433,-0.2745048349,1.9568859957,0.8912359495,-0.321323267,-2.8598966057,-0.2194113265,2.882329376,0.6867300975,-0.4897515413,-2.2035586444,-0.2115158456,2.6364728542,0.2102379403,-0.4316363046
central-technology--purchase-adopted--tax-plus30--index-cpi-indexed--gdp-on--electricity-industrial--ets2-high-market,scenarios/central-technology--purchase-adopted--tax-plus30--index-cpi-indexed--gdp-on--electricity-industrial--ets2-high-market.json,central_technology,False,adopted,plus30,cpi_indexed,on,industrial,high_market,0.2297219471,0.0677196544,0.3995688585,0.2140013034,0.0889882366,0.1218448143,0.0425362829,0.592085316,0.187311161,0.0562224258,0.0573970665,0.0211792346,0.7881730871,0.1051726101,0.0280780018,-2.2522938433,-0.2745048349,1.9568859957,0.8912359495,-0.321323267,-4.1951575237,-0.4894166799,4.2085315477,1.2152115528,-0.7391688969,-3.1597911689,-0.431667792,3.8173087759,0.4228969727,-0.6487467877
central-technology--purchase-adopted--tax-plus30--index-cpi-indexed--gdp-on--electricity-industrial--ets2-off,scenarios/central-technology--purchase-adopted--tax-plus30--index-cpi-indexed--gdp-on--electricity-industrial--ets2-off.json,central_technology,False,adopted,plus30,cpi_indexed,on,industrial,off,0.2297219471,0.0677196544,0.3995688585,0.2140013034,0.0889882366,0.1509905832,0.0483071997,0.5636225326,0.1757095281,0.0613701564,0.0776877817,0.0257519997,0.7636247512,0.1004962564,0.032439211,-2.2522938433,-0.2745048349,1.9568859957,0.8912359495,-0.321323267,-1.2805806356,0.087675,1.362253202,0.0550482662,-0.2243958326,-1.1307196473,0.0256087158,1.3624751893,-0.0447383951,-0.2126258627
central-technology--purchase-adopted--tax-plus30--index-cpi-indexed--gdp-on--electricity-vat-reduced--ets2-adopted,scenarios/central-technology--purchase-adopted--tax-plus30--index-cpi-indexed--gdp-on--electricity-vat-reduced--ets2-adopted.json,central_technology,False,adopted,plus30,cpi_indexed,on,vat_reduced,adopted,0.2258515039,0.0665786878,0.4049442129,0.2147515178,0.0878740775,0.1322457988,0.0442487386,0.5840793743,0.181738545,0.0576875432,0.0651971697,0.0227654247,0.7800434495,0.1024112789,0.0295826772,-2.6393381582,-0.3886014965,2.4944214398,0.9662573954,-0.4327391804,-3.1550590673,-0.3181711112,3.4079373744,0.6579499578,-0.5926571537,-2.3797808496,-0.2730487827,3.004345018,0.146763857,-0.4982792428
central-technology--purchase-adopted--tax-plus30--index-cpi-indexed--gdp-on--electricity-vat-reduced--ets2-high-market,scenarios/central-technology--purchase-adopted--tax-plus30--index-cpi-indexed--gdp-on--electricity-vat-reduced--ets2-high-market.json,central_technology,False,adopted,plus30,cpi_indexed,on,vat_reduced,high_market,0.2258515039,0.0665786878,0.4049442129,0.2147515178,0.0878740775,0.1191049499,0.0415797905,0.5972252787,0.1868898612,0.0552001197,0.055848221,0.0206077183,0.7916502958,0.10445317,0.027440595,-2.6393381582,-0.3886014965,2.4944214398,0.9662573954,-0.4327391804,-4.4691439617,-0.5850659262,4.7225278115,1.1730815765,-0.8413995002,-3.3146757144,-0.4888194258,4.1650296423,0.350952963,-0.7124874652
central-technology--purchase-adopted--tax-plus30--index-cpi-indexed--gdp-on--electricity-vat-reduced--ets2-off,scenarios/central-technology--purchase-adopted--tax-plus30--index-cpi-indexed--gdp-on--electricity-vat-reduced--ets2-off.json,central_technology,False,adopted,plus30,cpi_indexed,on,vat_reduced,off,0.2258515039,0.0665786878,0.4049442129,0.2147515178,0.0878740775,0.1478060673,0.0472883611,0.5690006585,0.1755646347,0.0603402783,0.0756972967,0.0250921923,0.7675146643,0.0999486331,0.0317472135,-2.6393381582,-0.3886014965,2.4944214398,0.9662573954,-0.4327391804,-1.5990322188,-0.0142088653,1.9000657972,0.0405589264,-0.3273836395,-1.3297681425,-0.0403720172,1.7514664981,-0.0995007207,-0.2818256176
central-technology--purchase-low-indexed--tax-adopted--index-adopted--gdp-off--electricity-adopted--ets2-adopted,scenarios/central-technology--purchase-low-indexed--tax-adopted--index-adopted--gdp-off--electricity-adopted--ets2-adopted.json,central_technology,False,low_indexed,adopted,adopted,off,adopted,adopted,0.2522448855,0.0704647028,0.3799999985,0.2050889439,0.0922014693,0.1566896414,0.0453725518,0.5644791019,0.1726046601,0.0608540448,0.0841265802,0.0241011793,0.7608028155,0.0982948313,0.0326745937,0.0,0.0,0.0,0.0,0.0,-0.7106748101,-0.2057897977,1.4479101383,-0.2554385376,-0.2760069928,-0.4868397984,-0.1394733182,1.0802816142,-0.2648809039,-0.1890875938
central-technology--purchase-low-indexed--tax-adopted--index-adopted--gdp-off--electricity-adopted--ets2-high-market,scenarios/central-technology--purchase-low-indexed--tax-adopted--index-adopted--gdp-off--electricity-adopted--ets2-high-market.json,central_technology,False,low_indexed,adopted,adopted,off,adopted,high_market,0.2522448855,0.0704647028,0.3799999985,0.2050889439,0.0922014693,0.1397427126,0.0427308028,0.5803114243,0.1790065651,0.0582084951,0.0704345357,0.0217968026,0.7763204416,0.101310346,0.030137874,0.0,0.0,0.0,0.0,0.0,-2.4053676927,-0.4699646902,3.0311423768,0.3847519652,-0.5405619591,-1.8560442495,-0.3699109889,2.6320442302,0.0366705691,-0.442759561
central-technology--purchase-low-indexed--tax-adopted--index-adopted--gdp-off--electricity-adopted--ets2-off,scenarios/central-technology--purchase-low-indexed--tax-adopted--index-adopted--gdp-off--electricity-adopted--ets2-off.json,central_technology,False,low_indexed,adopted,adopted,off,adopted,off,0.2522448855,0.0704647028,0.3799999985,0.2050889439,0.0922014693,0.1771057076,0.0483377844,0.546030627,0.1648900577,0.0636358233,0.1001234716,0.0265742626,0.7434135653,0.0946428075,0.035245893,0.0,0.0,0.0,0.0,0.0,1.330931811,0.0907334656,-0.3969373514,-1.026898779,0.0021708539,1.1128493479,0.1078350126,-0.6586434087,-0.6300832835,0.0680423318
central-technology--purchase-low-indexed--tax-adopted--index-adopted--gdp-off--electricity-north-reduction--ets2-adopted,scenarios/central-technology--purchase-low-indexed--tax-adopted--index-adopted--gdp-off--electricity-north-reduction--ets2-adopted.json,central_technology,False,low_indexed,adopted,adopted,off,north_reduction,adopted,0.2506511908,0.0700195036,0.3821048704,0.2054466582,0.091777777,0.155386174,0.0449951073,0.5666087032,0.1725575768,0.0604524388,0.0832792977,0.0238584439,0.7623663338,0.0980943358,0.0324015887,-0.1593694734,-0.0445199218,0.21048719,0.0357714357,-0.0423692305,-0.841021556,-0.2435342486,1.6608702654,-0.2601468652,-0.3161675956,-0.5715680409,-0.163746866,1.236633449,-0.2849304485,-0.2163880936
central-technology--purchase-low-indexed--tax-adopted--index-adopted--gdp-off--electricity-north-reduction--ets2-high-market,scenarios/central-technology--purchase-low-indexed--tax-adopted--index-adopted--gdp-off--electricity-north-reduction--ets2-high-market.json,central_technology,False,low_indexed,adopted,adopted,off,north_reduction,high_market,0.2506511908,0.0700195036,0.3821048704,0.2054466582,0.091777777,0.1385374145,0.0423622444,0.5823914009,0.1789024542,0.057806486,0.0697015367,0.0215699674,0.777783099,0.1010694554,0.0298759415,-0.1593694734,-0.0445199218,0.21048719,0.0357714357,-0.0423692305,-2.5258974981,-0.5068205323,3.2391400306,0.3743408691,-0.5807628693,-1.9293441464,-0.3925945116,2.7783099651,0.012581511,-0.4689528181
central-technology--purchase-low-indexed--tax-adopted--index-adopted--gdp-off--electricity-north-reduction--ets2-off,scenarios/central-technology--purchase-low-indexed--tax-adopted--index-adopted--gdp-off--electricity-north-reduction--ets2-off.json,central_technology,False,low_indexed,adopted,adopted,off,north_reduction,off,0.2506511908,0.0700195036,0.3821048704,0.2054466582,0.091777777,0.1756945099,0.0479526236,0.5482112826,0.1649033708,0.0632382131,0.0991509723,0.0263161468,0.7450848508,0.0944839677,0.0349640623,-0.1593694734,-0.0445199218,0.21048719,0.0357714357,-0.0423692305,1.1898120357,0.0522173874,-0.1788717923,-1.0255674674,-0.0375901634,1.0155994183,0.0820234309,-0.4915148512,-0.6459672617,0.0398592637
central-technology--purchase-low-indexed--tax-adopted--index-adopted--gdp-off--electricity-industrial--ets2-adopted,scenarios/central-technology--purchase-low-indexed--tax-adopted--index-adopted--gdp-off--electricity-industrial--ets2-adopted.json,central_technology,False,low_indexed,adopted,adopted,off,industrial,adopted,0.2460066478,0.0687220488,0.3882757136,0.2064610333,0.0905345565,0.1516115619,0.0439020945,0.572811352,0.1723915309,0.0592834607,0.0808400048,0.0231596179,0.7668902558,0.0974978753,0.0316122462,-0.6238237728,-0.1742654034,0.8275715022,0.1372089469,-0.1666912729,-1.218482762,-0.3528355269,2.2811351486,-0.2767514605,-0.4330653992,-0.8154973358,-0.2336294604,1.6890256459,-0.3445765004,-0.2953223494
central-technology--purchase-low-indexed--tax-adopted--index-adopted--gdp-off--electricity-industrial--ets2-high-market,scenarios/central-technology--purchase-low-indexed--tax-adopted--index-adopted--gdp-off--electricity-industrial--ets2-high-market.json,central_technology,False,low_indexed,adopted,adopted,off,industrial,high_market,0.2460066478,0.0687220488,0.3882757136,0.2064610333,0.0905345565,0.1350505211,0.0412960152,0.5884462141,0.1785695599,0.0566376897,0.0675933766,0.0209175723,0.7820135283,0.1003560731,0.0291194497,-0.6238237728,-0.1742654034,0.8275715022,0.1372089469,-0.1666912729,-2.8745868457,-0.6134434501,3.8446213573,0.3410514436,-0.6976425052,-2.1401601527,-0.4578340256,3.2013529001,-0.0587567227,-0.5446019991
central-technology--purchase-low-indexed--tax-adopted--index-adopted--gdp-off--electricity-industrial--ets2-off,scenarios/central-technology--purchase-low-indexed--tax-adopted--index-adopted--gdp-off--electricity-industrial--ets2-off.json,central_technology,False,low_indexed,adopted,adopted,off,industrial,off,0.2460066478,0.0687220488,0.3882757136,0.2064610333,0.0905345565,0.1716033039,0.0468360033,0.554566858,0.1649145339,0.0620793009,0.0963481661,0.0255722402,0.7499229945,0.0940083742,0.034148225,-0.6238237728,-0.1742654034,0.8275715022,0.1372089469,-0.1666912729,0.780691436,-0.0594446454,0.4566857471,-1.0244511566,-0.1534813812,0.7353187929,0.0076327727,-0.0077004828,-0.6935266155,-0.0417244673
central-technology--purchase-low-indexed--tax-adopted--index-adopted--gdp-off--electricity-vat-reduced--ets2-adopted,scenarios/central-technology--purchase-low-indexed--tax-adopted--index-adopted--gdp-off--electricity-vat-reduced--ets2-adopted.json,central_technology,False,low_indexed,adopted,adopted,off,vat_reduced,adopted,0.2419986989,0.0676024267,0.3936451907,0.2073020563,0.0894516274,0.1483830554,0.0429672172,0.5781597421,0.1722135182,0.0582764671,0.0787704136,0.0225667067,0.7707557058,0.0969686328,0.030938541,-1.0246186625,-0.2862276053,1.3645192156,0.2213112386,-0.2749841864,-1.5413334153,-0.4463232511,2.8159741568,-0.2945527234,-0.5337647671,-1.022456456,-0.292920577,2.0755706507,-0.3975007557,-0.3626928619
central-technology--purchase-low-indexed--tax-adopted--index-adopted--gdp-off--electricity-vat-reduced--ets2-high-market,scenarios/central-technology--purchase-low-indexed--tax-adopted--index-adopted--gdp-off--electricity-vat-reduced--ets2-high-market.json,central_technology,False,low_indexed,adopted,adopted,off,vat_reduced,high_market,0.2419986989,0.0676024267,0.3936451907,0.2073020563,0.0894516274,0.1320721785,0.0403852918,0.5936632302,0.1782468366,0.0556324629,0.0658072126,0.0203648226,0.7856262923,0.0997269044,0.0284747681,-1.0246186625,-0.2862276053,1.3645192156,0.2213112386,-0.2749841864,-3.1724210991,-0.7045157967,4.3663229672,0.3087791157,-0.798165187,-2.318776554,-0.51310899,3.5626292938,-0.1216735965,-0.6090701534
central-technology--purchase-low-indexed--tax-adopted--index-adopted--gdp-off--electricity-vat-reduced--ets2-off,scenarios/central-technology--purchase-low-indexed--tax-adopted--index-adopted--gdp-off--electricity-vat-reduced--ets2-off.json,central_technology,False,low_indexed,adopted,adopted,off,vat_reduced,off,0.2419986989,0.0676024267,0.3936451907,0.2073020563,0.0894516274,0.1680985104,0.0458794336,0.5600521239,0.1648908197,0.0610791124,0.0939666056,0.0249401386,0.7540597202,0.0935827825,0.0334507531,-1.0246186625,-0.2862276053,1.3645192156,0.2213112386,-0.2749841864,0.4302120893,-0.1551016139,1.0052123345,-1.0268225757,-0.2535002342,0.4971627491,-0.0555773932,0.4059720828,-0.7360857864,-0.1114716523
central-technology--purchase-low-indexed--tax-adopted--index-adopted--gdp-on--electricity-adopted--ets2-adopted,scenarios/central-technology--purchase-low-indexed--tax-adopted--index-adopted--gdp-on--electricity-adopted--ets2-adopted.json,central_technology,False,low_indexed,adopted,adopted,on,adopted,adopted,0.2508489354,0.0704919962,0.380897701,0.2056664529,0.0920949144,0.1522248759,0.0452562856,0.5683139486,0.1739337138,0.0602711761,0.0791277926,0.0238369167,0.7660627726,0.099093408,0.0318791102,-0.1395950086,0.0027293441,0.0897702466,0.0577509026,-0.0106554848,-1.1571513644,-0.2174164106,1.8313948031,-0.1225331629,-0.3342938652,-0.9867185608,-0.1658995789,1.6062773213,-0.1850232326,-0.2686359491
central-technology--purchase-low-indexed--tax-adopted--index-adopted--gdp-on--electricity-adopted--ets2-high-market,scenarios/central-technology--purchase-low-indexed--tax-adopted--index-adopted--gdp-on--electricity-adopted--ets2-high-market.json,central_technology,False,low_indexed,adopted,adopted,on,adopted,high_market,0.2508489354,0.0704919962,0.380897701,0.2056664529,0.0920949144,0.1360197606,0.0426026711,0.5836311689,0.180090993,0.0576554064,0.0666556471,0.0215593636,0.7804966397,0.101841365,0.0294469846,-0.1395950086,0.0027293441,0.0897702466,0.0577509026,-0.0106554848,-2.7776628932,-0.4827778656,3.3631168343,0.493194754,-0.5958708295,-2.2339331042,-0.393654887,3.049664031,0.0897724621,-0.5118485018
central-technology--purchase-low-indexed--tax-adopted--index-adopted--gdp-on--electricity-adopted--ets2-off,scenarios/central-technology--purchase-low-indexed--tax-adopted--index-adopted--gdp-on--electricity-adopted--ets2-off.json,central_technology,False,low_indexed,adopted,adopted,on,adopted,off,0.2508489354,0.0704919962,0.380897701,0.2056664529,0.0920949144,0.1716819595,0.0482449886,0.5505191453,0.166523799,0.0630301075,0.0935454336,0.0262875517,0.7500488914,0.0957745105,0.0343436128,-0.1395950086,0.0027293441,0.0897702466,0.0577509026,-0.0106554848,0.7885569978,0.0814538907,0.0519144767,-0.8635246426,-0.0584007226,0.4550455446,0.0791639162,0.0048892063,-0.5169129786,-0.0221856885
central-technology--purchase-low-indexed--tax-adopted--index-adopted--gdp-on--electricity-north-reduction--ets2-adopted,scenarios/central-technology--purchase-low-indexed--tax-adopted--index-adopted--gdp-on--electricity-north-reduction--ets2-adopted.json,central_technology,False,low_indexed,adopted,adopted,on,north_reduction,adopted,0.2492597434,0.0700454114,0.3830031147,0.2060216064,0.0916701241,0.1509477984,0.0448766119,0.5704325536,0.1738738836,0.0598691524,0.0783224062,0.0235942975,0.7675933381,0.0988806166,0.0316093417,-0.298514214,-0.0419291353,0.3003116128,0.0932662526,-0.0531345162,-1.2848591121,-0.2553837814,2.0432553057,-0.1285161827,-0.3744962295,-1.0672571969,-0.1901615064,1.7593338788,-0.2063023769,-0.2956127986
central-technology--purchase-low-indexed--tax-adopted--index-adopted--gdp-on--electricity-north-reduction--ets2-high-market,scenarios/central-technology--purchase-low-indexed--tax-adopted--index-adopted--gdp-on--electricity-north-reduction--ets2-high-market.json,central_technology,False,low_indexed,adopted,adopted,on,north_reduction,high_market,0.2492597434,0.0700454114,0.3830031147,0.2060216064,0.0916701241,0.1348381585,0.0422325822,0.5857005957,0.1799750195,0.0572536441,0.0659561117,0.0213331032,0.7819321411,0.1015901818,0.0291884622,-0.298514214,-0.0419291353,0.3003116128,0.0932662526,-0.0531345162,-2.895823101,-0.5197867564,3.5700595167,0.4815974041,-0.6360470634,-2.3038866421,-0.4162809333,3.1932141738,0.0646541439,-0.5377007424
central-technology--purchase-low-indexed--tax-adopted--index-adopted--gdp-on--electricity-north-reduction--ets2-off,scenarios/central-technology--purchase-low-indexed--tax-adopted--index-adopted--gdp-on--electricity-north-reduction--ets2-off.json,central_technology,False,low_indexed,adopted,adopted,on,north_reduction,off,0.2492597434,0.0700454114,0.3830031147,0.2060216064,0.0916701241,0.1703000049,0.0478566404,0.5526886317,0.1665235801,0.0626311428,0.0926247429,0.026028825,0.7516805801,0.0956012992,0.0340645528,-0.298514214,-0.0419291353,0.3003116128,0.0932662526,-0.0531345162,0.6503615413,0.0426190693,0.2688631167,-0.8635465366,-0.0982971907,0.3629764778,0.0532912439,0.1680580768,-0.5342341094,-0.0500916891
central-technology--purchase-low-indexed--tax-adopted--index-adopted--gdp-on--electricity-industrial--ets2-adopted,scenarios/central-technology--purchase-low-indexed--tax-adopted--index-adopted--gdp-on--electricity-industrial--ets2-adopted.json,central_technology,False,low_indexed,adopted,adopted,on,industrial,adopted,0.2446285863,0.0687439927,0.3891753132,0.2070283284,0.0904237794,0.1472504486,0.043777394,0.5766023487,0.1736705351,0.0586992736,0.0760044755,0.0228960305,0.7720212861,0.0982485739,0.030829634,-0.7616299176,-0.1720710089,0.9175314645,0.1939384491,-0.1777689872,-1.6545940889,-0.3653055771,2.6602348149,-0.1488510383,-0.4914841107,-1.2990502667,-0.2599881997,2.2021286736,-0.2695066462,-0.3735835609
central-technology--purchase-low-indexed--tax-adopted--index-adopted--gdp-on--electricity-industrial--ets2-high-market,scenarios/central-technology--purchase-low-indexed--tax-adopted--index-adopted--gdp-on--electricity-industrial--ets2-high-market.json,central_technology,False,low_indexed,adopted,adopted,on,industrial,high_market,0.2446285863,0.0687439927,0.3891753132,0.2070283284,0.0904237794,0.1314204962,0.0411621381,0.5917240314,0.1796074982,0.056085836,0.0639447261,0.0206825327,0.7860836163,0.1008470893,0.0284420356,-0.7616299176,-0.1720710089,0.9175314645,0.1939384491,-0.1777689872,-3.2375893273,-0.6268311598,4.1724030823,0.4448452779,-0.7528278731,-2.5050252056,-0.4813379783,3.6083616925,-0.0096551002,-0.6123434084
central-technology--purchase-low-indexed--tax-adopted--index-adopted--gdp-on--electricity-industrial--ets2-off,scenarios/central-technology--purchase-low-indexed--tax-adopted--index-adopted--gdp-on--electricity-industrial--ets2-off.json,central_technology,False,low_indexed,adopted,adopted,on,industrial,off,0.2446285863,0.0687439927,0.3891753132,0.2070283284,0.0904237794,0.1662946324,0.0467310757,0.5590106185,0.1664950225,0.0614686508,0.0899722902,0.0252834493,0.7564031602,0.095084012,0.0332570884,-0.7616299176,-0.1720710089,0.9175314645,0.1939384491,-0.1777689872,0.2498242894,-0.0699373998,0.9010617984,-0.8664022978,-0.2145463902,0.0977312002,-0.0212463223,0.6403160818,-0.5859628326,-0.1308381271
central-technology--purchase-low-indexed--tax-adopted--index-adopted--gdp-on--electricity-vat-reduced--ets2-adopted,scenarios/central-technology--purchase-low-indexed--tax-adopted--index-adopted--gdp-on--electricity-vat-reduced--ets2-adopted.json,central_technology,False,low_indexed,adopted,adopted,on,vat_reduced,adopted,0.2406325056,0.0676210391,0.394545689,0.2078625201,0.0893382461,0.1440890243,0.042837506,0.5819214315,0.1734601596,0.0576918785,0.0740387274,0.0223038571,0.7758040051,0.0976889315,0.030164479,-1.1612379937,-0.2843663668,1.454569048,0.2773576267,-0.2863223143,-1.9707365233,-0.4592943699,3.1921430992,-0.1698885876,-0.5922236183,-1.4956250787,-0.31920554,2.5804005711,-0.3254708836,-0.4400990688
central-technology--purchase-low-indexed--tax-adopted--index-adopted--gdp-on--electricity-vat-reduced--ets2-high-market,scenarios/central-technology--purchase-low-indexed--tax-adopted--index-adopted--gdp-on--electricity-vat-reduced--ets2-high-market.json,central_technology,False,low_indexed,adopted,adopted,on,vat_reduced,high_market,0.2406325056,0.0676210391,0.394545689,0.2078625201,0.0893382461,0.1285020921,0.0402480665,0.5969132231,0.1792548375,0.0550817808,0.0622411773,0.0201315302,0.7896284803,0.1001926263,0.0278061859,-1.1612379937,-0.2843663668,1.454569048,0.2773576267,-0.2863223143,-3.5294297412,-0.7182383282,4.691322258,0.4095792002,-0.8532333888,-2.675380087,-0.5364382286,3.9628480937,-0.0751014038,-0.6759283745
central-technology--purchase-low-indexed--tax-adopted--index-adopted--gdp-on--electricity-vat-reduced--ets2-off,scenarios/central-technology--purchase-low-indexed--tax-adopted--index-adopted--gdp-on--electricity-vat-reduced--ets2-off.json,central_technology,False,low_indexed,adopted,adopted,on,vat_reduced,off,0.2406325056,0.0676210391,0.394545689,0.2078625201,0.0893382461,0.1628646228,0.0457671959,0.5644656659,0.1664367038,0.0604658116,0.0877197058,0.0246504422,0.7604399878,0.0946226736,0.0325671906,-1.1612379937,-0.2843663668,1.454569048,0.2773576267,-0.2863223143,-0.0931766724,-0.1663253811,1.4465665328,-0.8722341701,-0.3148303092,-0.1275272333,-0.0845470359,1.0439988509,-0.6320966743,-0.1998279075
central-technology--purchase-low-indexed--tax-adopted--index-cpi-indexed--gdp-off--electricity-adopted--ets2-adopted,scenarios/central-technology--purchase-low-indexed--tax-adopted--index-cpi-indexed--gdp-off--electricity-adopted--ets2-adopted.json,central_technology,False,low_indexed,adopted,cpi_indexed,off,adopted,adopted,0.2605623879,0.0693069834,0.3751308582,0.2023034918,0.0926962786,0.1540370947,0.0454270173,0.5666905437,0.1733172816,0.0605280626,0.0801611645,0.0239583324,0.7649293562,0.0988936163,0.0320575306,0.831750241,-0.1157719369,-0.4869140311,-0.2785452111,0.0494809382,-0.9759294819,-0.2003432395,1.6690543188,-0.1841763828,-0.3086052145,-0.8833813622,-0.1537580153,1.4929356905,-0.2050024083,-0.2507939047
central-technology--purchase-low-indexed--tax-adopted--index-cpi-indexed--gdp-off--electricity-adopted--ets2-high-market,scenarios/central-technology--purchase-low-indexed--tax-adopted--index-cpi-indexed--gdp-off--electricity-adopted--ets2-high-market.json,central_technology,False,low_indexed,adopted,cpi_indexed,off,adopted,high_market,0.2605623879,0.0693069834,0.3751308582,0.2023034918,0.0926962786,0.1375348524,0.0427595801,0.5822251782,0.1795820259,0.0578983635,0.0674412071,0.0216609018,0.7795938991,0.1017022481,0.0296017439,0.831750241,-0.1157719369,-0.4869140311,-0.2785452111,0.0494809382,-2.6261537146,-0.4670869587,3.2225177612,0.4422980393,-0.5715751272,-2.1553771034,-0.3835010749,2.9593899801,0.0758607729,-0.4963725747
central-technology--purchase-low-indexed--tax-adopted--index-cpi-indexed--gdp-off--electricity-adopted--ets2-off,scenarios/central-technology--purchase-low-indexed--tax-adopted--index-cpi-indexed--gdp-off--electricity-adopted--ets2-off.json,central_technology,False,low_indexed,adopted,cpi_indexed,off,adopted,off,0.2605623879,0.0693069834,0.3751308582,0.2023034918,0.0926962786,0.1738765474,0.0484305805,0.5486202781,0.1657741435,0.0632984505,0.0948969017,0.026432041,0.7486245211,0.0955000322,0.034546504,0.831750241,-0.1157719369,-0.4869140311,-0.2785452111,0.0494809382,1.0080157856,0.1000130773,-0.1379722455,-0.9384901929,-0.0315664245,0.5901923524,0.0936128532,-0.1375478275,-0.5443608085,-0.0018965696
central-technology--purchase-low-indexed--tax-adopted--index-cpi-indexed--gdp-off--electricity-north-reduction--ets2-adopted,scenarios/central-technology--purchase-low-indexed--tax-adopted--index-cpi-indexed--gdp-off--electricity-north-reduction--ets2-adopted.json,central_technology,False,low_indexed,adopted,cpi_indexed,off,north_reduction,adopted,0.2589394973,0.0688753108,0.377231929,0.2026746275,0.0922786354,0.1527495333,0.0450473031,0.5688139636,0.1732630168,0.0601261832,0.0793471639,0.0237150463,0.7664671535,0.0986836214,0.0317870149,0.6694611757,-0.1589392015,-0.2768069531,-0.2414316352,0.0077166141,-1.1046856231,-0.2383146611,1.8813963059,-0.1896028658,-0.3487931559,-0.9647814267,-0.1780866264,1.6467154173,-0.2260018894,-0.2778454748
central-technology--purchase-low-indexed--tax-adopted--index-cpi-indexed--gdp-off--electricity-north-reduction--ets2-high-market,scenarios/central-technology--purchase-low-indexed--tax-adopted--index-cpi-indexed--gdp-off--electricity-north-reduction--ets2-high-market.json,central_technology,False,low_indexed,adopted,cpi_indexed,off,north_reduction,high_market,0.2589394973,0.0688753108,0.377231929,0.2026746275,0.0922786354,0.1363437879,0.0423892783,0.5842992164,0.1794712494,0.0574964681,0.0667347536,0.0214340016,0.7810353748,0.1014534241,0.0293424459,0.6694611757,-0.1589392015,-0.2768069531,-0.2414316352,0.0077166141,-2.745260162,-0.5041171485,3.4299215819,0.4312203949,-0.6117646662,-2.2260224543,-0.40619109,3.1035375455,0.0509783725,-0.5223023737
central-technology--purchase-low-indexed--tax-adopted--index-cpi-indexed--gdp-off--electricity-north-reduction--ets2-off,scenarios/central-technology--purchase-low-indexed--tax-adopted--index-cpi-indexed--gdp-off--electricity-north-reduction--ets2-off.json,central_technology,False,low_indexed,adopted,cpi_indexed,off,north_reduction,off,0.2589394973,0.0688753108,0.377231929,0.2026746275,0.0922786354,0.1724830519,0.0480424443,0.5507946711,0.1657798121,0.0629000207,0.0939656209,0.0261726474,0.7502648795,0.095330068,0.0342667841,0.6694611757,-0.1589392015,-0.2768069531,-0.2414316352,0.0077166141,0.8686662427,0.0611994514,0.0794670512,-0.937923342,-0.0714094033,0.4970642772,0.067673491,0.0264880194,-0.5613572317,-0.0298685559
central-technology--purchase-low-indexed--tax-adopted--index-cpi-indexed--gdp-off--electricity-industrial--ets2-adopted,scenarios/central-technology--purchase-low-indexed--tax-adopted--index-cpi-indexed--gdp-off--electricity-industrial--ets2-adopted.json,central_technology,False,low_indexed,adopted,cpi_indexed,off,industrial,adopted,0.2542084675,0.0676169043,0.3833928784,0.2037290874,0.0910526624,0.149021463,0.0439478594,0.5749981307,0.1730759591,0.0589565878,0.0770042741,0.0230148103,0.7709161554,0.0980596742,0.0310050861,0.1963581967,-0.2847798518,0.3392879866,-0.1359856479,-0.1148806837,-1.4774926506,-0.3482590309,2.4998130105,-0.2083086346,-0.4657526944,-1.1990704055,-0.2481102251,2.0916156012,-0.2883966183,-0.3560383523
central-technology--purchase-low-indexed--tax-adopted--index-cpi-indexed--gdp-off--electricity-industrial--ets2-high-market,scenarios/central-technology--purchase-low-indexed--tax-adopted--index-cpi-indexed--gdp-off--electricity-industrial--ets2-high-market.json,central_technology,False,low_indexed,adopted,cpi_indexed,off,industrial,high_market,0.2542084675,0.0676169043,0.3833928784,0.2037290874,0.0910526624,0.132898459,0.0413181256,0.5903363569,0.1791189029,0.0563281556,0.0647033567,0.0207815535,0.7852042137,0.1007171444,0.0285937316,0.1963581967,-0.2847798518,0.3392879866,-0.1359856479,-0.1148806837,-3.0897930476,-0.6112324089,4.0336356305,0.3959857389,-0.7285959129,-2.4291621424,-0.4714359012,3.5204214368,-0.0226495928,-0.5971738005
central-technology--purchase-low-indexed--tax-adopted--index-cpi-indexed--gdp-off--electricity-industrial--ets2-off,scenarios/central-technology--purchase-low-indexed--tax-adopted--index-cpi-indexed--gdp-off--electricity-industrial--ets2-off.json,central_technology,False,low_indexed,adopted,cpi_indexed,off,industrial,off,0.2542084675,0.0676169043,0.3833928784,0.2037290874,0.0910526624,0.1684437704,0.0469173658,0.557131395,0.1657685402,0.0617389285,0.0912824276,0.0254252861,0.7550127506,0.0948222029,0.0334573327,0.1963581967,-0.2847798518,0.3392879866,-0.1359856479,-0.1148806837,0.464738088,-0.05130839,0.7131394462,-0.9390505222,-0.1875186219,0.2287449467,-0.0070626429,0.5012751297,-0.6121437415,-0.110813692
central-technology--purchase-low-indexed--tax-adopted--index-cpi-indexed--gdp-off--electricity-vat-reduced--ets2-adopted,scenarios/central-technology--purchase-low-indexed--tax-adopted--index-cpi-indexed--gdp-off--electricity-vat-reduced--ets2-adopted.json,central_technology,False,low_indexed,adopted,cpi_indexed,off,vat_reduced,adopted,0.2501242019,0.0665305306,0.3887552545,0.2046058603,0.0899841528,0.1458333348,0.0430076498,0.5803300182,0.1728797225,0.0579492746,0.0750171632,0.0224209084,0.7747170134,0.0975069512,0.0303379637,-0.2120683668,-0.3934172237,0.8755255948,-0.0483083606,-0.2217316437,-1.7963054684,-0.4422799902,3.0330017678,-0.2279322977,-0.5664840116,-1.3977814916,-0.3075004083,2.4717014062,-0.3436689146,-0.4227505917
central-technology--purchase-low-indexed--tax-adopted--index-cpi-indexed--gdp-off--electricity-vat-reduced--ets2-high-market,scenarios/central-technology--purchase-low-indexed--tax-adopted--index-cpi-indexed--gdp-off--electricity-vat-reduced--ets2-high-market.json,central_technology,False,low_indexed,adopted,cpi_indexed,off,vat_reduced,high_market,0.2501242019,0.0665305306,0.3887552545,0.2046058603,0.0899841528,0.1299560776,0.0404033394,0.595537689,0.178779367,0.0553235271,0.0629827194,0.0202289157,0.7887640033,0.1000684851,0.0279558765,-0.2120683668,-0.3934172237,0.8755255948,-0.0483083606,-0.2217316437,-3.384031192,-0.7027110364,4.5537688412,0.362032154,-0.8290587668,-2.60122588,-0.5266996766,3.8764003983,-0.0875155223,-0.6609593194
central-technology--purchase-low-indexed--tax-adopted--index-cpi-indexed--gdp-off--electricity-vat-reduced--ets2-off,scenarios/central-technology--purchase-low-indexed--tax-adopted--index-cpi-indexed--gdp-off--electricity-vat-reduced--ets2-off.json,central_technology,False,low_indexed,adopted,cpi_indexed,off,vat_reduced,off,0.2501242019,0.0665305306,0.3887552545,0.2046058603,0.0899841528,0.1649841763,0.0459537503,0.5625996797,0.1657252861,0.0607371076,0.0890034652,0.0247905169,0.7590714272,0.0943689451,0.0327656456,-0.2120683668,-0.3934172237,0.8755255948,-0.0483083606,-0.2217316437,0.1187786803,-0.1476699477,1.2599679145,-0.9433759373,-0.2877007097,0.0008487091,-0.0705395595,0.907142781,-0.6574695234,-0.1799824071
central-technology--purchase-low-indexed--tax-adopted--index-cpi-indexed--gdp-on--electricity-adopted--ets2-adopted,scenarios/central-technology--purchase-low-indexed--tax-adopted--index-cpi-indexed--gdp-on--electricity-adopted--ets2-adopted.json,central_technology,False,low_indexed,adopted,cpi_indexed,on,adopted,adopted,0.2592271359,0.0693294358,0.3759821393,0.2028595109,0.092601778,0.1494852626,0.0453024825,0.5706239384,0.1746673643,0.0599209521,0.0749347026,0.0236506942,0.7705196594,0.0997084187,0.0311865251,0.6982250371,-0.113526697,-0.4017859233,-0.2229432941,0.0400308774,-1.431112688,-0.2127967207,2.0623937832,-0.0491681165,-0.3693162581,-1.406027554,-0.1845218298,2.0519660058,-0.123522163,-0.3378944591
central-technology--purchase-low-indexed--tax-adopted--index-cpi-indexed--gdp-on--electricity-adopted--ets2-high-market,scenarios/central-technology--purchase-low-indexed--tax-adopted--index-cpi-indexed--gdp-on--electricity-adopted--ets2-high-market.json,central_technology,False,low_indexed,adopted,cpi_indexed,on,adopted,high_market,0.2592271359,0.0693294358,0.3759821393,0.2028595109,0.092601778,0.1337322798,0.0426245877,0.5856360805,0.1806838008,0.0573232513,0.0634575143,0.021389117,0.7840676858,0.1022406827,0.0288450002,0.6982250371,-0.113526697,-0.4017859233,-0.2229432941,0.0400308774,-3.006410976,-0.4805862086,3.5636079934,0.5524755313,-0.6290863401,-2.5537463883,-0.4106795488,3.406768649,0.1297042363,-0.5720469481
central-technology--purchase-low-indexed--tax-adopted--index-cpi-indexed--gdp-on--electricity-adopted--ets2-off,scenarios/central-technology--purchase-low-indexed--tax-adopted--index-cpi-indexed--gdp-on--electricity-adopted--ets2-off.json,central_technology,False,low_indexed,adopted,cpi_indexed,on,adopted,off,0.2592271359,0.0693294358,0.3759821393,0.2028595109,0.092601778,0.1683588772,0.0483273893,0.5532149399,0.1674331009,0.0626656927,0.0880814776,0.0260896146,0.7556145432,0.0966567061,0.0335576585,0.6982250371,-0.113526697,-0.4017859233,-0.2229432941,0.0400308774,0.4562487713,0.0896939558,0.321493933,-0.7725944596,-0.0948422004,-0.0913500538,0.059370206,0.5614543906,-0.428693425,-0.1007811178
central-technology--purchase-low-indexed--tax-adopted--index-cpi-indexed--gdp-on--electricity-north-reduction--ets2-adopted,scenarios/central-technology--purchase-low-indexed--tax-adopted--index-cpi-indexed--gdp-on--electricity-north-reduction--ets2-adopted.json,central_technology,False,low_indexed,adopted,cpi_indexed,on,north_reduction,adopted,0.2576083253,0.0688964903,0.3780838152,0.2032283246,0.0921830446,0.1482249087,0.0449205241,0.5727359087,0.1745999076,0.0595187508,0.074165186,0.0234078214,0.7720220406,0.0994851733,0.0309197788,0.5363439782,-0.1568212481,-0.1916183348,-0.1860619282,-0.001842467,-1.5571480788,-0.2509925668,2.2735908173,-0.0559137838,-0.4095363878,-1.4829792194,-0.2088091125,2.2022041295,-0.1458467083,-0.3645690894
central-technology--purchase-low-indexed--tax-adopted--index-cpi-indexed--gdp-on--electricity-north-reduction--ets2-high-market,scenarios/central-technology--purchase-low-indexed--tax-adopted--index-cpi-indexed--gdp-on--electricity-north-reduction--ets2-high-market.json,central_technology,False,low_indexed,adopted,cpi_indexed,on,north_reduction,high_market,0.2576083253,0.0688964903,0.3780838152,0.2032283246,0.0921830446,0.1325656407,0.0422527439,0.587699159,0.1805607603,0.056921696,0.0627867673,0.0211630337,0.785479852,0.1019807585,0.0285895884,0.5363439782,-0.1568212481,-0.1916183348,-0.1860619282,-0.001842467,-3.1230748772,-0.5177705795,3.7699158484,0.5401714785,-0.6692418702,-2.6208210824,-0.4332878797,3.5479852704,0.1037118201,-0.5975881283
central-technology--purchase-low-indexed--tax-adopted--index-cpi-indexed--gdp-on--electricity-north-reduction--ets2-off,scenarios/central-technology--purchase-low-indexed--tax-adopted--index-cpi-indexed--gdp-on--electricity-north-reduction--ets2-off.json,central_technology,False,low_indexed,adopted,cpi_indexed,on,north_reduction,off,0.2576083253,0.0688964903,0.3780838152,0.2032283246,0.0921830446,0.1669955524,0.0479360471,0.5553776527,0.1674247405,0.0622660073,0.0872049423,0.025829986,0.7572125042,0.096471255,0.0332813126,0.5363439782,-0.1568212481,-0.1916183348,-0.1860619282,-0.001842467,0.3199162922,0.050559739,0.5377652104,-0.7734304987,-0.1348107429,-0.1790035903,0.033407347,0.7212504847,-0.4472385369,-0.1284157044
central-technology--purchase-low-indexed--tax-adopted--index-cpi-indexed--gdp-on--electricity-industrial--ets2-adopted,scenarios/central-technology--purchase-low-indexed--tax-adopted--index-cpi-indexed--gdp-on--electricity-industrial--ets2-adopted.json,central_technology,False,low_indexed,adopted,cpi_indexed,on,industrial,adopted,0.252889445,0.0676344415,0.3842463166,0.204275833,0.0909539638,0.1445764687,0.0438148405,0.5788858906,0.174374259,0.0583485412,0.0719510947,0.0227090157,0.776367945,0.098822906,0.0301490386,0.0644559528,-0.283026132,0.4246318089,-0.0813110846,-0.1247505451,-1.9219920856,-0.3615609195,2.8885890065,-0.0784786509,-0.5265573504,-1.7043883447,-0.2786896797,2.6367945634,-0.2120734307,-0.4416431083
central-technology--purchase-low-indexed--tax-adopted--index-cpi-indexed--gdp-on--electricity-industrial--ets2-high-market,scenarios/central-technology--purchase-low-indexed--tax-adopted--index-cpi-indexed--gdp-on--electricity-industrial--ets2-high-market.json,central_technology,False,low_indexed,adopted,cpi_indexed,on,industrial,high_market,0.252889445,0.0676344415,0.3842463166,0.204275833,0.0909539638,0.1291916554,0.0411773511,0.5937037183,0.1801726253,0.0557546499,0.0608585927,0.0205131193,0.7895635065,0.1012124562,0.0278523253,0.0644559528,-0.283026132,0.4246318089,-0.0813110846,-0.1247505451,-3.4604734134,-0.6253098625,4.3703717746,0.5013579827,-0.7859464814,-2.813638546,-0.4982793207,3.9563507207,0.0268815852,-0.6713144391
central-technology--purchase-low-indexed--tax-adopted--index-cpi-indexed--gdp-on--electricity-industrial--ets2-off,scenarios/central-technology--purchase-low-indexed--tax-adopted--index-cpi-indexed--gdp-on--electricity-industrial--ets2-off.json,central_technology,False,low_indexed,adopted,cpi_indexed,on,industrial,off,0.252889445,0.0676344415,0.3842463166,0.204275833,0.0909539638,0.1630447913,0.0468019818,0.5616792867,0.1673723073,0.0611016329,0.0846805318,0.025082259,0.7618367201,0.0959184938,0.0324819952,0.0644559528,-0.283026132,0.4246318089,-0.0813110846,-0.1247505451,-0.075159817,-0.0628467962,1.1679286125,-0.7786738137,-0.2512481856,-0.4314446342,-0.0413653489,1.1836720806,-0.5025146543,-0.2083474431
central-technology--purchase-low-indexed--tax-adopted--index-cpi-indexed--gdp-on--electricity-vat-reduced--ets2-adopted,scenarios/central-technology--purchase-low-indexed--tax-adopted--index-cpi-indexed--gdp-on--electricity-vat-reduced--ets2-adopted.json,central_technology,False,low_indexed,adopted,cpi_indexed,on,vat_reduced,adopted,0.2488159751,0.0665450055,0.3896097755,0.2051463871,0.0898828568,0.1414574482,0.0428696011,0.5841873101,0.1741445579,0.0573410827,0.0700741188,0.0221166095,0.7800799908,0.0982374737,0.0294918072,-0.3428910389,-0.3919697308,0.9609776955,0.0057443209,-0.2318612467,-2.2338941294,-0.4560848655,3.4187309498,-0.1014487541,-0.6273032008,-1.8920859332,-0.3379303,3.0079991412,-0.2706166641,-0.5073662439
central-technology--purchase-low-indexed--tax-adopted--index-cpi-indexed--gdp-on--electricity-vat-reduced--ets2-high-market,scenarios/central-technology--purchase-low-indexed--tax-adopted--index-cpi-indexed--gdp-on--electricity-vat-reduced--ets2-high-market.json,central_technology,False,low_indexed,adopted,cpi_indexed,on,vat_reduced,high_market,0.2488159751,0.0665450055,0.3896097755,0.2051463871,0.0898828568,0.1263110185,0.0402592036,0.5988761771,0.1798021606,0.0547514401,0.0592260295,0.0199628443,0.7930500745,0.1005365557,0.0272244961,-0.3428910389,-0.3919697308,0.9609776955,0.0057443209,-0.2318612467,-3.7485370994,-0.7171246125,4.8876176578,0.4643115144,-0.8862674602,-2.9768948704,-0.5533068248,4.305007512,-0.0407084651,-0.7340973517
central-technology--purchase-low-indexed--tax-adopted--index-cpi-indexed--gdp-on--electricity-vat-reduced--ets2-off,scenarios/central-technology--purchase-low-indexed--tax-adopted--index-cpi-indexed--gdp-on--electricity-vat-reduced--ets2-off.json,central_technology,False,low_indexed,adopted,cpi_indexed,on,vat_reduced,off,0.2488159751,0.0665450055,0.3896097755,0.2051463871,0.0898828568,0.1596622803,0.0458310325,0.5671160434,0.1672932147,0.0600974292,0.0825376664,0.0244475452,0.7657886005,0.0954267834,0.0317994045,-0.3428910389,-0.3919697308,0.9609776955,0.0057443209,-0.2318612467,-0.4134109259,-0.1599417239,1.71160428,-0.786583073,-0.3516685572,-0.6457311725,-0.1048367318,1.5788601168,-0.5516856956,-0.2766065168
central-technology--purchase-low-indexed--tax-plus30--index-adopted--gdp-off--electricity-adopted--ets2-adopted,scenarios/central-technology--purchase-low-indexed--tax-plus30--index-adopted--gdp-off--electricity-adopted--ets2-adopted.json,central_technology,False,low_indexed,plus30,adopted,off,adopted,adopted,0.2280028026,0.0707116599,0.3959251821,0.2152404537,0.0901199017,0.1413989687,0.0448821686,0.5778015979,0.1771552966,0.0587619682,0.07571001,0.023630285,0.769722652,0.099628997,0.031308056,-2.4242082948,0.0246957064,1.5925183599,1.0151509856,-0.2081567572,-2.2397420813,-0.2548281114,2.7801597295,0.1996251135,-0.4852146503,-1.3284968167,-0.1865627476,1.9722652678,-0.1314643354,-0.325741368
central-technology--purchase-low-indexed--tax-plus30--index-adopted--gdp-off--electricity-adopted--ets2-high-market,scenarios/central-technology--purchase-low-indexed--tax-plus30--index-adopted--gdp-off--electricity-adopted--ets2-high-market.json,central_technology,False,low_indexed,plus30,adopted,off,adopted,high_market,0.2280028026,0.0707116599,0.3959251821,0.2152404537,0.0901199017,0.1269440413,0.0422173007,0.5918852752,0.1827235393,0.0562298436,0.0640498283,0.0213771644,0.7834263345,0.1021958576,0.0289508153,-2.4242082948,0.0246957064,1.5925183599,1.0151509856,-0.2081567572,-3.6852348193,-0.5213149066,4.1885274606,0.7564493806,-0.7384271152,-2.4945149863,-0.4118748091,3.3426335115,0.1252217241,-0.5614654402
central-technology--purchase-low-indexed--tax-plus30--index-adopted--gdp-off--electricity-adopted--ets2-off,scenarios/central-technology--purchase-low-indexed--tax-plus30--index-adopted--gdp-off--electricity-adopted--ets2-off.json,central_technology,False,low_indexed,plus30,adopted,off,adopted,off,0.2280028026,0.0707116599,0.3959251821,0.2152404537,0.0901199017,0.1586119166,0.0479025069,0.5615600505,0.1704761636,0.0614493624,0.0890899469,0.0260569941,0.7546237257,0.096534018,0.0336953153,-2.4242082948,0.0246957064,1.5925183599,1.0151509856,-0.2081567572,-0.5184472921,0.0472057145,1.1560049937,-0.4682881826,-0.2164752336,0.0094968789,0.0561081561,0.4623726361,-0.4409622347,-0.0870154364
central-technology--purchase-low-indexed--tax-plus30--index-adopted--gdp-off--electricity-north-reduction--ets2-adopted,scenarios/central-technology--purchase-low-indexed--tax-plus30--index-adopted--gdp-off--electricity-north-reduction--ets2-adopted.json,central_technology,False,low_indexed,plus30,adopted,off,north_reduction,adopted,0.2264924312,0.0702432407,0.3980367964,0.2155494093,0.0896781224,0.1401878748,0.0444977491,0.5798917201,0.1770629851,0.0583596708,0.0749337224,0.0233879935,0.7712300115,0.0994075091,0.0310407635,-2.5752454362,-0.0221462046,1.8036797846,1.0460465415,-0.2523346853,-2.3608514666,-0.2932700597,2.9891719554,0.1903939608,-0.5254443898,-1.4061255732,-0.2107919036,2.1230012134,-0.1536131199,-0.3524706167
central-technology--purchase-low-indexed--tax-plus30--index-adopted--gdp-off--electricity-north-reduction--ets2-high-market,scenarios/central-technology--purchase-low-indexed--tax-plus30--index-adopted--gdp-off--electricity-north-reduction--ets2-high-market.json,central_technology,False,low_indexed,plus30,adopted,off,north_reduction,high_market,0.2264924312,0.0702432407,0.3980367964,0.2155494093,0.0896781224,0.1258216739,0.0418440392,0.5939275508,0.1825774206,0.0558293155,0.0633736541,0.0211514856,0.7848426283,0.1019373881,0.0286948439,-2.5752454362,-0.0221462046,1.8036797846,1.0460465415,-0.2523346853,-3.7974715597,-0.5586410557,4.3927550229,0.7418375141,-0.7784799216,-2.5621324079,-0.4344426875,3.4842628992,0.0993747723,-0.5870625761
central-technology--purchase-low-indexed--tax-plus30--index-adopted--gdp-off--electricity-north-reduction--ets2-off,scenarios/central-technology--purchase-low-indexed--tax-plus30--index-adopted--gdp-off--electricity-north-reduction--ets2-off.json,central_technology,False,low_indexed,plus30,adopted,off,north_reduction,off,0.2264924312,0.0702432407,0.3980367964,0.2155494093,0.0896781224,0.1573031966,0.0475072594,0.5637002527,0.1704412963,0.0610479951,0.0882050616,0.0257981831,0.756227637,0.0963506437,0.0334184745,-2.5752454362,-0.0221462046,1.8036797846,1.0460465415,-0.2523346853,-0.6493192914,0.0076809614,1.3700252102,-0.4717749143,-0.2566119658,-0.0789916532,0.0302270636,0.6227637698,-0.4592996653,-0.1146995148
central-technology--purchase-low-indexed--tax-plus30--index-adopted--gdp-off--electricity-industrial--ets2-adopted,scenarios/central-technology--purchase-low-indexed--tax-plus30--index-adopted--gdp-off--electricity-industrial--ets2-adopted.json,central_technology,False,low_indexed,plus30,adopted,off,industrial,adopted,0.222095173,0.0688794969,0.4042233133,0.2164184128,0.088383604,0.13668354,0.0433854203,0.5859765863,0.1767646803,0.0571897731,0.0727000436,0.0226908272,0.7755904072,0.0987503173,0.0302684047,-3.0149712477,-0.1585205897,2.4223314703,1.1329468906,-0.3817865234,-2.7112849475,-0.4045029402,3.5976585721,0.160563479,-0.6424341635,-1.6294934595,-0.2805085345,2.5590407886,-0.219332301,-0.4297064936
central-technology--purchase-low-indexed--tax-plus30--index-adopted--gdp-off--electricity-industrial--ets2-high-market,scenarios/central-technology--purchase-low-indexed--tax-plus30--index-adopted--gdp-off--electricity-industrial--ets2-high-market.json,central_technology,False,low_indexed,plus30,adopted,off,industrial,high_market,0.222095173,0.0688794969,0.4042233133,0.2164184128,0.088383604,0.1225769506,0.0407649538,0.5998703493,0.1821219811,0.0546657652,0.0614298017,0.0205027087,0.7889382802,0.1011732755,0.0279559339,-3.0149712477,-0.1585205897,2.4223314703,1.1329468906,-0.3817865234,-4.1219438886,-0.6665495934,4.9870348734,0.6962935648,-0.8948349561,-2.7565176426,-0.4993203809,3.8938280878,0.0229635122,-0.6609535765
central-technology--purchase-low-indexed--tax-plus30--index-adopted--gdp-off--electricity-industrial--ets2-off,scenarios/central-technology--purchase-low-indexed--tax-plus30--index-adopted--gdp-off--electricity-industrial--ets2-off.json,central_technology,False,low_indexed,plus30,adopted,off,industrial,off,0.222095173,0.0688794969,0.4042233133,0.2164184128,0.088383604,0.1535125505,0.0463624434,0.5699344334,0.1703111619,0.0598794108,0.0856564572,0.0250527683,0.7608692053,0.0958038947,0.0326176745,-3.0149712477,-0.1585205897,2.4223314703,1.1329468906,-0.3817865234,-1.0283839057,-0.1068006342,1.9934432882,-0.4847883531,-0.3734703952,-0.333852095,-0.0443144223,1.0869205934,-0.5139745647,-0.1947795114
central-technology--purchase-low-indexed--tax-plus30--index-adopted--gdp-off--electricity-vat-reduced--ets2-adopted,scenarios/central-technology--purchase-low-indexed--tax-plus30--index-adopted--gdp-off--electricity-vat-reduced--ets2-adopted.json,central_technology,False,low_indexed,plus30,adopted,off,vat_reduced,adopted,0.2183059601,0.0677043292,0.4096015025,0.2171300868,0.0872581215,0.1336895013,0.0424350672,0.5912201068,0.1764720385,0.0561832862,0.0708063381,0.0220997719,0.7793149361,0.0981692083,0.0296097455,-3.3938925442,-0.2760373638,2.9601503903,1.20411429,-0.4943347723,-3.0106888206,-0.4995382523,4.1220106213,0.1312993013,-0.7430828497,-1.818864006,-0.3396140609,2.931493679,-0.2774432015,-0.4955724106
central-technology--purchase-low-indexed--tax-plus30--index-adopted--gdp-off--electricity-vat-reduced--ets2-high-market,scenarios/central-technology--purchase-low-indexed--tax-plus30--index-adopted--gdp-off--electricity-vat-reduced--ets2-high-market.json,central_technology,False,low_indexed,plus30,adopted,off,vat_reduced,high_market,0.2183059601,0.0677043292,0.4096015025,0.2171300868,0.0872581215,0.1198081252,0.039844136,0.6049881734,0.1816933994,0.053666166,0.0597838752,0.019953367,0.7924351617,0.100500931,0.027326665,-3.3938925442,-0.2760373638,2.9601503903,1.20411429,-0.4943347723,-4.3988264318,-0.7586313757,5.498817284,0.6534353911,-0.9947948676,-2.9211102947,-0.5542545514,4.2435162404,-0.0442709336,-0.7238804608
central-technology--purchase-low-indexed--tax-plus30--index-adopted--gdp-off--electricity-vat-reduced--ets2-off,scenarios/central-technology--purchase-low-indexed--tax-plus30--index-adopted--gdp-off--electricity-vat-reduced--ets2-off.json,central_technology,False,low_indexed,plus30,adopted,off,vat_reduced,off,0.2183059601,0.0677043292,0.4096015025,0.2171300868,0.0872581215,0.1502693521,0.0453829626,0.5753107866,0.1701645009,0.0588723978,0.0834928828,0.0244199669,0.7648360694,0.0953173235,0.0319337575,-3.3938925442,-0.2760373638,2.9601503903,1.20411429,-0.4943347723,-1.3527037383,-0.2047487162,2.5310786044,-0.4994544599,-0.4741716901,-0.5502095356,-0.1075945649,1.4836070021,-0.5626316879,-0.2631712137
central-technology--purchase-low-indexed--tax-plus30--index-adopted--gdp-on--electricity-adopted--ets2-adopted,scenarios/central-technology--purchase-low-indexed--tax-plus30--index-adopted--gdp-on--electricity-adopted--ets2-adopted.json,central_technology,False,low_indexed,plus30,adopted,on,adopted,adopted,0.2264623192,0.0707102209,0.3969627608,0.2158943062,0.0899703929,0.1364987266,0.0446667179,0.582191859,0.178611166,0.0580315303,0.0702775027,0.0232540884,0.7756585281,0.100458723,0.0303511578,-2.5782566318,0.024551807,1.696276224,1.0805362332,-0.2231076323,-2.7297662881,-0.2763731794,3.2191858486,0.3452120571,-0.5582584383,-1.8717475477,-0.2241824077,2.5658528757,-0.0484917363,-0.421431184
central-technology--purchase-low-indexed--tax-plus30--index-adopted--gdp-on--electricity-adopted--ets2-high-market,scenarios/central-technology--purchase-low-indexed--tax-plus30--index-adopted--gdp-on--electricity-adopted--ets2-high-market.json,central_technology,False,low_indexed,plus30,adopted,on,adopted,high_market,0.2264623192,0.0707102209,0.3969627608,0.2158943062,0.0899703929,0.1228128708,0.0420051796,0.5957244317,0.1839149141,0.0555426037,0.0598697084,0.0210505182,0.7882199467,0.102741174,0.0281186526,-2.5782566318,0.024551807,1.696276224,1.0805362332,-0.2231076323,-4.0983518684,-0.5425270107,4.5724431131,0.8755868662,-0.8071511003,-2.912526976,-0.4445394286,3.8219947362,0.1797533689,-0.6446817005
central-technology--purchase-low-indexed--tax-plus30--index-adopted--gdp-on--electricity-adopted--ets2-off,scenarios/central-technology--purchase-low-indexed--tax-plus30--index-adopted--gdp-on--electricity-adopted--ets2-off.json,central_technology,False,low_indexed,plus30,adopted,on,adopted,off,0.2264623192,0.0707102209,0.3969627608,0.2158943062,0.0899703929,0.1527340067,0.0476894142,0.5666386323,0.1722588075,0.0606791392,0.0820786451,0.0256281007,0.761971702,0.0977128252,0.032608727,-2.5782566318,0.024551807,1.696276224,1.0805362332,-0.2231076323,-1.1062382776,0.0258964498,1.6638631766,-0.2900238013,-0.2934975475,-0.6916333064,0.0132188191,1.1971702669,-0.323081518,-0.1956742616
central-technology--purchase-low-indexed--tax-plus30--index-adopted--gdp-on--electricity-north-reduction--ets2-adopted,scenarios/central-technology--purchase-low-indexed--tax-plus30--index-adopted--gdp-on--electricity-north-reduction--ets2-adopted.json,central_technology,False,low_indexed,plus30,adopted,on,north_reduction,adopted,0.2249576169,0.0702403951,0.3990746051,0.2161998413,0.0895275415,0.1353184484,0.0442804934,0.5842681949,0.1785033805,0.0576294828,0.069548249,0.023012786,0.7771277807,0.1002228995,0.0300882849,-2.7287268574,-0.022430768,1.907460653,1.1110897453,-0.267392773,-2.8477941122,-0.3149956315,3.4268194347,0.3344334982,-0.5984631893,-1.9446729183,-0.2483126479,2.7127781318,-0.0720740857,-0.4477184799
central-technology--purchase-low-indexed--tax-plus30--index-adopted--gdp-on--electricity-north-reduction--ets2-high-market,scenarios/central-technology--purchase-low-indexed--tax-plus30--index-adopted--gdp-on--electricity-north-reduction--ets2-high-market.json,central_technology,False,low_indexed,plus30,adopted,on,north_reduction,high_market,0.2249576169,0.0702403951,0.3990746051,0.2161998413,0.0895275415,0.1217181705,0.0416307638,0.5977536385,0.1837544695,0.0551429577,0.0592315097,0.0208261241,0.7896045436,0.1024706789,0.0278671436,-2.7287268574,-0.022430768,1.907460653,1.1110897453,-0.267392773,-4.2078219,-0.5799685941,4.7753637911,0.8595424036,-0.8471157007,-2.976346841,-0.4669788436,3.9604544284,0.1527038591,-0.669832603
central-technology--purchase-low-indexed--tax-plus30--index-adopted--gdp-on--electricity-north-reduction--ets2-off,scenarios/central-technology--purchase-low-indexed--tax-plus30--index-adopted--gdp-on--electricity-north-reduction--ets2-off.json,central_technology,False,low_indexed,plus30,adopted,on,north_reduction,off,0.2249576169,0.0702403951,0.3990746051,0.2161998413,0.0895275415,0.1514595258,0.0472914724,0.568764512,0.1722073621,0.0602771276,0.0812513118,0.0253697755,0.763530205,0.0975127047,0.0323360031,-2.7287268574,-0.022430768,1.907460653,1.1110897453,-0.267392773,-1.2336863686,-0.0138977319,1.8764511486,-0.2951683393,-0.3336987088,-0.7743666386,-0.0126137,1.3530205617,-0.3430935636,-0.2229466596
central-technology--purchase-low-indexed--tax-plus30--index-adopted--gdp-on--electricity-industrial--ets2-adopted,scenarios/central-technology--purchase-low-indexed--tax-plus30--index-adopted--gdp-on--electricity-industrial--ets2-adopted.json,central_technology,False,low_indexed,plus30,adopted,on,industrial,adopted,0.2205771535,0.0688726464,0.4052615331,0.2170586714,0.0882299956,0.1319041762,0.0431632351,0.5903120321,0.1781598859,0.0564606706,0.0674506812,0.0223187229,0.7813773091,0.0995242806,0.0293290061,-3.1667732023,-0.1592056359,2.5261534532,1.1969727499,-0.397147365,-3.189221331,-0.4267214597,4.0312031557,0.3000840427,-0.7153444076,-2.1544296921,-0.317718964,3.1377309802,-0.1419359685,-0.5236463556
central-technology--purchase-low-indexed--tax-plus30--index-adopted--gdp-on--electricity-industrial--ets2-high-market,scenarios/central-technology--purchase-low-indexed--tax-plus30--index-adopted--gdp-on--electricity-industrial--ets2-high-market.json,central_technology,False,low_indexed,plus30,adopted,on,industrial,high_market,0.2205771535,0.0688726464,0.4052615331,0.2170586714,0.0882299956,0.1185541635,0.0405485915,0.603657679,0.1832572858,0.0539822802,0.0573973934,0.0201812387,0.7936081118,0.1016718967,0.0271413595,-3.1667732023,-0.1592056359,2.5261534532,1.1969727499,-0.397147365,-4.5242226029,-0.6881858214,5.3657678453,0.8098240343,-0.9631834553,-3.1597584796,-0.5314673828,4.3608112484,0.0728256328,-0.7424110188
central-technology--purchase-low-indexed--tax-plus30--index-adopted--gdp-on--electricity-industrial--ets2-off,scenarios/central-technology--purchase-low-indexed--tax-plus30--index-adopted--gdp-on--electricity-industrial--ets2-off.json,central_technology,False,low_indexed,plus30,adopted,on,industrial,off,0.2205771535,0.0688726464,0.4052615331,0.2170586714,0.0882299956,0.1477691622,0.0461391994,0.5749558657,0.1720286878,0.0591070849,0.0788695231,0.0246260898,0.7680394371,0.0969174503,0.0315474997,-3.1667732023,-0.1592056359,2.5261534532,1.1969727499,-0.397147365,-1.6027227289,-0.129125036,2.4955865159,-0.3130357668,-0.4507029842,-1.0125455053,-0.0869822763,1.8039437786,-0.4026189989,-0.3017969981
central-technology--purchase-low-indexed--tax-plus30--index-adopted--gdp-on--electricity-vat-reduced--ets2-adopted,scenarios/central-technology--purchase-low-indexed--tax-plus30--index-adopted--gdp-on--electricity-vat-reduced--ets2-adopted.json,central_technology,False,low_indexed,plus30,adopted,on,vat_reduced,adopted,0.2168027602,0.0676941361,0.4106397636,0.2177613222,0.0871020179,0.1289881472,0.0422090179,0.595519141,0.1778281498,0.0554555441,0.065673281,0.0217305998,0.7850064068,0.0989078466,0.0286818658,-3.5442125331,-0.2770566697,3.0639765068,1.2672378346,-0.5099451385,-3.4808242297,-0.5221431881,4.5519140449,0.2669104347,-0.8158570618,-2.3321697134,-0.3765312726,3.5006407502,-0.2035793775,-0.5883603867
central-technology--purchase-low-indexed--tax-plus30--index-adopted--gdp-on--electricity-vat-reduced--ets2-high-market,scenarios/central-technology--purchase-low-indexed--tax-plus30--index-adopted--gdp-on--electricity-vat-reduced--ets2-high-market.json,central_technology,False,low_indexed,plus30,adopted,on,vat_reduced,high_market,0.2168027602,0.0676941361,0.4106397636,0.2177613222,0.0871020179,0.1158550808,0.0396254354,0.6087412657,0.1827927007,0.0529855173,0.0558450452,0.0196354245,0.7970258877,0.1009700863,0.0265235563,-3.5442125331,-0.2770566697,3.0639765068,1.2672378346,-0.5099451385,-4.7941308673,-0.7805014318,5.8741265176,0.7633655258,-1.0628597442,-3.3149932967,-0.5860487969,4.7025888348,0.0026445987,-0.8041913399
central-technology--purchase-low-indexed--tax-plus30--index-adopted--gdp-on--electricity-vat-reduced--ets2-off,scenarios/central-technology--purchase-low-indexed--tax-plus30--index-adopted--gdp-on--electricity-vat-reduced--ets2-off.json,central_technology,False,low_indexed,plus30,adopted,on,vat_reduced,off,0.2168027602,0.0676941361,0.4106397636,0.2177613222,0.0871020179,0.1446130812,0.0451537498,0.5802939732,0.1718398839,0.0580993119,0.0768488044,0.0239951439,0.7718921254,0.0963893843,0.030874542,-3.5442125331,-0.2770566697,3.0639765068,1.2672378346,-0.5099451385,-1.9183308306,-0.2276699889,3.0293972636,-0.3319161617,-0.5514802824,-1.2146173786,-0.1500768646,2.1892126109,-0.4554256058,-0.369092762
central-technology--purchase-low-indexed--tax-plus30--index-cpi-indexed--gdp-off--electricity-adopted--ets2-adopted,scenarios/central-technology--purchase-low-indexed--tax-plus30--index-cpi-indexed--gdp-off--electricity-adopted--ets2-adopted.json,central_technology,False,low_indexed,plus30,cpi_indexed,off,adopted,adopted,0.2372446742,0.0695003215,0.3902863193,0.2121285645,0.0908401205,0.138481498,0.0449031353,0.5803353561,0.177928267,0.0583517436,0.0713909346,0.0234114656,0.7743860452,0.1002471839,0.0305643707,-1.5000211275,-0.0964381313,1.0286320736,0.703962062,-0.1361348767,-2.5314891508,-0.2527314417,3.0335355508,0.2769221535,-0.5262371118,-1.7604043568,-0.2084446939,2.4386045818,-0.0696456398,-0.4001098913
central-technology--purchase-low-indexed--tax-plus30--index-cpi-indexed--gdp-off--electricity-adopted--ets2-high-market,scenarios/central-technology--purchase-low-indexed--tax-plus30--index-cpi-indexed--gdp-off--electricity-adopted--ets2-high-market.json,central_technology,False,low_indexed,plus30,cpi_indexed,off,adopted,high_market,0.2372446742,0.0695003215,0.3902863193,0.2121285645,0.0908401205,0.1244890971,0.0422184599,0.5941003367,0.1833488576,0.0558432487,0.0607317672,0.0211811573,0.7871888137,0.1025942462,0.0283040156,-1.5000211275,-0.0964381313,1.0286320736,0.703962062,-0.1361348767,-3.930729242,-0.5211989851,4.4100336109,0.8189812142,-0.777086598,-2.8263210958,-0.4314755248,3.7188814329,0.1650605906,-0.6261454028
central-technology--purchase-low-indexed--tax-plus30--index-cpi-indexed--gdp-off--electricity-adopted--ets2-off,scenarios/central-technology--purchase-low-indexed--tax-plus30--index-cpi-indexed--gdp-off--electricity-adopted--ets2-off.json,central_technology,False,low_indexed,plus30,cpi_indexed,off,adopted,off,0.2372446742,0.0695003215,0.3902863193,0.2121285645,0.0908401205,0.1551045676,0.0479530924,0.5644922719,0.1714321922,0.0610178759,0.0835059792,0.0258172277,0.7604027789,0.0974229025,0.0328511117,-1.5000211275,-0.0964381313,1.0286320736,0.703962062,-0.1361348767,-0.8691821885,0.0522642646,1.4492271367,-0.3726853263,-0.2596238865,-0.5488998939,0.0321315162,1.0402779536,-0.3520737787,-0.1714357972
central-technology--purchase-low-indexed--tax-plus30--index-cpi-indexed--gdp-off--electricity-north-reduction--ets2-adopted,scenarios/central-technology--purchase-low-indexed--tax-plus30--index-cpi-indexed--gdp-off--electricity-north-reduction--ets2-adopted.json,central_technology,False,low_indexed,plus30,cpi_indexed,off,north_reduction,adopted,0.2356977503,0.0690471534,0.392395534,0.2124552896,0.0904042726,0.1372889933,0.0445164613,0.5824177278,0.177827264,0.0579495536,0.070652083,0.0231691715,0.7758636298,0.1000146258,0.03030049,-1.6547135179,-0.1417549372,1.2395535488,0.7366345691,-0.1797196628,-2.6507396189,-0.2913988448,3.2417727275,0.2668218486,-0.5664561124,-1.8342895192,-0.2326740998,2.5863630417,-0.0929014536,-0.426497969
central-technology--purchase-low-indexed--tax-plus30--index-cpi-indexed--gdp-off--electricity-north-reduction--ets2-high-market,scenarios/central-technology--purchase-low-indexed--tax-plus30--index-cpi-indexed--gdp-off--electricity-north-reduction--ets2-high-market.json,central_technology,False,low_indexed,plus30,cpi_indexed,off,north_reduction,high_market,0.2356977503,0.0690471534,0.392395534,0.2124552896,0.0904042726,0.1233833656,0.041843469,0.5961352568,0.1831947122,0.0554431965,0.060085773,0.0209558567,0.7885803593,0.1023265117,0.0280514993,-1.6547135179,-0.1417549372,1.2395535488,0.7366345691,-0.1797196628,-4.0413023915,-0.5586980769,4.6135256226,0.8035666704,-0.8170918245,-2.890920514,-0.4540055861,3.8580359971,0.1382871351,-0.6513970321
central-technology--purchase-low-indexed--tax-plus30--index-cpi-indexed--gdp-off--electricity-north-reduction--ets2-off,scenarios/central-technology--purchase-low-indexed--tax-plus30--index-cpi-indexed--gdp-off--electricity-north-reduction--ets2-off.json,central_technology,False,low_indexed,plus30,cpi_indexed,off,north_reduction,off,0.2356977503,0.0690471534,0.392395534,0.2124552896,0.0904042726,0.153816585,0.0475548917,0.5666244383,0.1713879904,0.0606160946,0.0826669757,0.0255578361,0.7619711854,0.0972265714,0.0325774312,-1.6547135179,-0.1417549372,1.2395535488,0.7366345691,-0.1797196628,-0.9979804484,0.0124441938,1.6624437776,-0.3771055114,-0.2998020117,-0.6328002418,0.0061923631,1.1971186103,-0.3717068902,-0.1988038413
central-technology--purchase-low-indexed--tax-plus30--index-cpi-indexed--gdp-off--electricity-industrial--ets2-adopted,scenarios/central-technology--purchase-low-indexed--tax-plus30--index-cpi-indexed--gdp-off--electricity-industrial--ets2-adopted.json,central_technology,False,low_indexed,plus30,cpi_indexed,off,industrial,adopted,0.2311925314,0.0677273591,0.3985764369,0.2133771231,0.0891265494,0.1338389594,0.0433977751,0.5884795122,0.177503582,0.0567801714,0.0685267344,0.0224721989,0.7801373889,0.0993254462,0.0295382316,-2.1052354126,-0.2737343657,1.857643836,0.8288179269,-0.3074919846,-2.9957430136,-0.4032674652,3.8479511596,0.2344536512,-0.683394332,-2.0468243758,-0.3023713591,3.0137389578,-0.1618194144,-0.5027238085
central-technology--purchase-low-indexed--tax-plus30--index-cpi-indexed--gdp-off--electricity-industrial--ets2-high-market,scenarios/central-technology--purchase-low-indexed--tax-plus30--index-cpi-indexed--gdp-off--electricity-industrial--ets2-high-market.json,central_technology,False,low_indexed,plus30,cpi_indexed,off,industrial,high_market,0.2311925314,0.0677273591,0.3985764369,0.2133771231,0.0891265494,0.1201871535,0.0407595254,0.6020562283,0.1827158889,0.0542812039,0.0582291259,0.0203083218,0.7926041068,0.1015356916,0.0273227539,-2.1052354126,-0.2737343657,1.857643836,0.8288179269,-0.3074919846,-4.3609236008,-0.6670924305,5.2056227701,0.7556843415,-0.9332910803,-3.0765852268,-0.5187590695,4.2604107426,0.0592051283,-0.7242715746
central-technology--purchase-low-indexed--tax-plus30--index-cpi-indexed--gdp-off--electricity-industrial--ets2-off,scenarios/central-technology--purchase-low-indexed--tax-plus30--index-cpi-indexed--gdp-off--electricity-industrial--ets2-off.json,central_technology,False,low_indexed,plus30,cpi_indexed,off,industrial,off,0.2311925314,0.0677273591,0.3985764369,0.2133771231,0.0891265494,0.1500866399,0.0464017187,0.5728345698,0.1712305298,0.0594465418,0.0802513543,0.0248110076,0.7665092659,0.0966422952,0.031786077,-2.1052354126,-0.2737343657,1.857643836,0.8288179269,-0.3074919846,-1.3709749598,-0.1028731082,2.2834569242,-0.3928515663,-0.4167572899,-0.8743623865,-0.0684904913,1.6509266565,-0.4301345111,-0.2779392676
central-technology--purchase-low-indexed--tax-plus30--index-cpi-indexed--gdp-off--electricity-vat-reduced--ets2-adopted,scenarios/central-technology--purchase-low-indexed--tax-plus30--index-cpi-indexed--gdp-off--electricity-vat-reduced--ets2-adopted.json,central_technology,False,low_indexed,plus30,cpi_indexed,off,vat_reduced,adopted,0.2273084346,0.0665895213,0.4039514503,0.2141356282,0.0880149656,0.1308919213,0.0424421872,0.5937025296,0.1771889923,0.0557743696,0.0667255895,0.0218815435,0.7837873314,0.0987170647,0.0288884708,-2.4936450894,-0.3875181524,2.3951451797,0.9046684304,-0.4186503682,-3.2904468162,-0.4988262576,4.3702529003,0.2029946857,-0.7839745123,-2.226938863,-0.3614368993,3.3787332089,-0.2226575645,-0.5676998821
central-technology--purchase-low-indexed--tax-plus30--index-cpi-indexed--gdp-off--electricity-vat-reduced--ets2-high-market,scenarios/central-technology--purchase-low-indexed--tax-plus30--index-cpi-indexed--gdp-off--electricity-vat-reduced--ets2-high-market.json,central_technology,False,low_indexed,plus30,cpi_indexed,off,vat_reduced,high_market,0.2273084346,0.0665895213,0.4039514503,0.2141356282,0.0880149656,0.1174602177,0.0398347294,0.6071547559,0.1822671456,0.0532831514,0.0566575593,0.0197602133,0.7960392088,0.1008406527,0.0267023658,-2.4936450894,-0.3875181524,2.3951451797,0.9046684304,-0.4186503682,-4.6336171777,-0.759572038,5.7154755293,0.7108100176,-1.0330963313,-3.2337418844,-0.5735699211,4.6039209479,-0.0102987597,-0.7863103827
central-technology--purchase-low-indexed--tax-plus30--index-cpi-indexed--gdp-off--electricity-vat-reduced--ets2-off,scenarios/central-technology--purchase-low-indexed--tax-plus30--index-cpi-indexed--gdp-off--electricity-vat-reduced--ets2-off.json,central_technology,False,low_indexed,plus30,cpi_indexed,off,vat_reduced,off,0.2273084346,0.0665895213,0.4039514503,0.2141356282,0.0880149656,0.146896131,0.0454153211,0.578189422,0.1710601499,0.058438976,0.0782016547,0.0241773097,0.7703868268,0.0961236234,0.0311105854,-2.4936450894,-0.3875181524,2.3951451797,0.9046684304,-0.4186503682,-1.6900258534,-0.2015128659,2.8189421476,-0.4098895582,-0.5175138701,-1.0793323477,-0.1318602788,2.038682744,-0.4820016888,-0.3454884287
central-technology--purchase-low-indexed--tax-plus30--index-cpi-indexed--gdp-on--electricity-adopted--ets2-adopted,scenarios/central-technology--purchase-low-indexed--tax-plus30--index-cpi-indexed--gdp-on--electricity-adopted--ets2-adopted.json,central_technology,False,low_indexed,plus30,cpi_indexed,on,adopted,adopted,0.2357534446,0.0694976775,0.3912776579,0.2127652032,0.0907060168,0.1335164652,0.0446738968,0.5848196889,0.1793962143,0.0575937348,0.0658083271,0.0229788275,0.7806172439,0.1010678864,0.029527715,-1.649144094,-0.096702526,1.1277659362,0.7676259314,-0.1495452475,-3.0279924295,-0.2756552922,3.4819688317,0.4237168785,-0.6020379885,-2.3186651017,-0.2517085011,3.0617244588,0.0124246065,-0.5037754625
central-technology--purchase-low-indexed--tax-plus30--index-cpi-indexed--gdp-on--electricity-adopted--ets2-high-market,scenarios/central-technology--purchase-low-indexed--tax-plus30--index-cpi-indexed--gdp-on--electricity-adopted--ets2-high-market.json,central_technology,False,low_indexed,plus30,cpi_indexed,on,adopted,high_market,0.2357534446,0.0694976775,0.3912776579,0.2127652032,0.0907060168,0.1202943862,0.0419950252,0.59802937,0.1845502241,0.0551309945,0.0563959345,0.0208098218,0.7922656438,0.1031272326,0.0274013673,-1.649144094,-0.096702526,1.1277659362,0.7676259314,-0.1495452475,-4.3502003283,-0.5435424516,4.8029369411,0.9391178596,-0.8483120208,-3.2599043687,-0.4686090692,4.2265644468,0.2183592219,-0.7164102308
central-technology--purchase-low-indexed--tax-plus30--index-cpi-indexed--gdp-on--electricity-adopted--ets2-off,scenarios/central-technology--purchase-low-indexed--tax-plus30--index-cpi-indexed--gdp-on--electricity-adopted--ets2-off.json,central_technology,False,low_indexed,plus30,cpi_indexed,on,adopted,off,0.2357534446,0.0694976775,0.3912776579,0.2127652032,0.0907060168,0.1491634806,0.0477226453,0.5696680661,0.1732289885,0.0602168195,0.0763733269,0.0253162833,0.7680418503,0.0985942263,0.0316743133,-1.649144094,-0.096702526,1.1277659362,0.7676259314,-0.1495452475,-1.4632908927,0.0292195606,1.9668065585,-0.1930057003,-0.339729526,-1.2621651301,-0.0179629239,1.804185094,-0.2349414057,-0.2891156344
central-technology--purchase-low-indexed--tax-plus30--index-cpi-indexed--gdp-on--electricity-north-reduction--ets2-adopted,scenarios/central-technology--purchase-low-indexed--tax-plus30--index-cpi-indexed--gdp-on--electricity-north-reduction--ets2-adopted.json,central_technology,False,low_indexed,plus30,cpi_indexed,on,north_reduction,adopted,0.2342117249,0.0690431945,0.3933872127,0.2130887973,0.0902690706,0.1323555586,0.0442854637,0.5868877644,0.1792792651,0.0571919483,0.0651186363,0.0227380025,0.7820543644,0.100820085,0.0292689118,-1.80331606,-0.1421508273,1.3387214143,0.7999853388,-0.1932398659,-3.144083091,-0.3144986081,3.6887763865,0.412021959,-0.6422166464,-2.3876341895,-0.2757909971,3.2054365062,-0.0123555343,-0.5296557852
central-technology--purchase-low-indexed--tax-plus30--index-cpi-indexed--gdp-on--electricity-north-reduction--ets2-high-market,scenarios/central-technology--purchase-low-indexed--tax-plus30--index-cpi-indexed--gdp-on--electricity-north-reduction--ets2-high-market.json,central_technology,False,low_indexed,plus30,cpi_indexed,on,north_reduction,high_market,0.2342117249,0.0690431945,0.3933872127,0.2130887973,0.0902690706,0.1192170282,0.0416189172,0.6000507612,0.1843813276,0.0547319658,0.0557898695,0.0205861868,0.7936233573,0.1028466953,0.0271538911,-1.80331606,-0.1421508273,1.3387214143,0.7999853388,-0.1932398659,-4.4579361355,-0.5811532503,5.005076063,0.9222282123,-0.8882148895,-3.3205108689,-0.4909725691,4.3623357911,0.1903054996,-0.7411578527
central-technology--purchase-low-indexed--tax-plus30--index-cpi-indexed--gdp-on--electricity-north-reduction--ets2-off,scenarios/central-technology--purchase-low-indexed--tax-plus30--index-cpi-indexed--gdp-on--electricity-north-reduction--ets2-off.json,central_technology,False,low_indexed,plus30,cpi_indexed,on,north_reduction,off,0.2342117249,0.0690431945,0.3933872127,0.2130887973,0.0902690706,0.1479106155,0.0473218097,0.5717853327,0.1731676786,0.0598145635,0.0755941264,0.0250579934,0.7695622716,0.0983800993,0.0314055093,-1.80331606,-0.1421508273,1.3387214143,0.7999853388,-0.1932398659,-1.5885774039,-0.0108640022,2.1785332149,-0.1991366912,-0.3799551177,-1.3400851763,-0.0437919147,1.9562272285,-0.2563541044,-0.315996033
central-technology--purchase-low-indexed--tax-plus30--index-cpi-indexed--gdp-on--electricity-industrial--ets2-adopted,scenarios/central-technology--purchase-low-indexed--tax-plus30--index-cpi-indexed--gdp-on--electricity-industrial--ets2-adopted.json,central_technology,False,low_indexed,plus30,cpi_indexed,on,industrial,adopted,0.2297219471,0.0677196544,0.3995688585,0.2140013034,0.0889882366,0.1289978423,0.0431619897,0.5929070303,0.1789090329,0.0560241048,0.0631354797,0.0220455277,0.7862104605,0.1000868893,0.0285216429,-2.2522938433,-0.2745048349,1.9568859957,0.8912359495,-0.321323267,-3.4798547221,-0.4268460041,4.2907029753,0.3749987452,-0.7590009943,-2.5859498428,-0.3450384827,3.6210461118,-0.0856751077,-0.6043826786
central-technology--purchase-low-indexed--tax-plus30--index-cpi-indexed--gdp-on--electricity-industrial--ets2-high-market,scenarios/central-technology--purchase-low-indexed--tax-plus30--index-cpi-indexed--gdp-on--electricity-industrial--ets2-high-market.json,central_technology,False,low_indexed,plus30,cpi_indexed,on,industrial,high_market,0.2297219471,0.0677196544,0.3995688585,0.2140013034,0.0889882366,0.1161035689,0.040532002,0.6059316301,0.1838595361,0.053573263,0.0540485545,0.0199436502,0.7975488571,0.102018991,0.0264399472,-2.2522938433,-0.2745048349,1.9568859957,0.8912359495,-0.321323267,-4.769282065,-0.6898447742,5.5931629507,0.870049061,-1.0040851725,-3.4946423674,-0.5552262336,4.7548857789,0.1075350642,-0.8125522419
central-technology--purchase-low-indexed--tax-plus30--index-cpi-indexed--gdp-on--electricity-industrial--ets2-off,scenarios/central-technology--purchase-low-indexed--tax-plus30--index-cpi-indexed--gdp-on--electricity-industrial--ets2-off.json,central_technology,False,low_indexed,plus30,cpi_indexed,on,industrial,off,0.2297219471,0.0677196544,0.3995688585,0.2140013034,0.0889882366,0.1442834828,0.0461613624,0.5779509512,0.1729601496,0.058644054,0.0733517345,0.0243146838,0.7739606035,0.0977443215,0.0306286567,-2.2522938433,-0.2745048349,1.9568859957,0.8912359495,-0.321323267,-1.9512906664,-0.1269087359,2.7950950681,-0.2198895906,-0.4970060751,-1.564324364,-0.118122876,2.3960604199,-0.3199318848,-0.3936812951
central-technology--purchase-low-indexed--tax-plus30--index-cpi-indexed--gdp-on--electricity-vat-reduced--ets2-adopted,scenarios/central-technology--purchase-low-indexed--tax-plus30--index-cpi-indexed--gdp-on--electricity-vat-reduced--ets2-adopted.json,central_technology,False,low_indexed,plus30,cpi_indexed,on,vat_reduced,adopted,0.2258515039,0.0665786878,0.4049442129,0.2147515178,0.0878740775,0.1261307295,0.042202669,0.5980923468,0.1785541937,0.0550200609,0.0614557491,0.0214590025,0.7897591949,0.099441015,0.0278850385,-2.6393381582,-0.3886014965,2.4944214398,0.9662573954,-0.4327391804,-3.7665660033,-0.522778069,4.809234629,0.3395148271,-0.8594053838,-2.7539229085,-0.4036910009,3.9759195526,-0.1502625314,-0.6680431118
central-technology--purchase-low-indexed--tax-plus30--index-cpi-indexed--gdp-on--electricity-vat-reduced--ets2-high-market,scenarios/central-technology--purchase-low-indexed--tax-plus30--index-cpi-indexed--gdp-on--electricity-vat-reduced--ets2-high-market.json,central_technology,False,low_indexed,plus30,cpi_indexed,on,vat_reduced,high_market,0.2258515039,0.0665786878,0.4049442129,0.2147515178,0.0878740775,0.1134481069,0.0396049746,0.6109947557,0.1833737512,0.0525784116,0.0525752808,0.0194000195,0.8008996042,0.1012926346,0.025832461,-2.6393381582,-0.3886014965,2.4944214398,0.9662573954,-0.4327391804,-5.034828258,-0.7825475131,6.0994755094,0.8214705692,-1.1035703076,-3.6419697316,-0.6095893048,5.0899604818,0.0348994246,-0.87330087
central-technology--purchase-low-indexed--tax-plus30--index-cpi-indexed--gdp-on--electricity-vat-reduced--ets2-off,scenarios/central-technology--purchase-low-indexed--tax-plus30--index-cpi-indexed--gdp-on--electricity-vat-reduced--ets2-off.json,central_technology,False,low_indexed,plus30,cpi_indexed,on,vat_reduced,off,0.2258515039,0.0665786878,0.4049442129,0.2147515178,0.0878740775,0.1411822381,0.0451691651,0.5832661,0.1727463273,0.0576361695,0.0714502527,0.0236843793,0.7777177074,0.0971816443,0.0299660163,-2.6393381582,-0.3886014965,2.4944214398,0.9662573954,-0.4327391804,-2.2614151362,-0.2261284647,3.3266099406,-0.2412718144,-0.5977945254,-1.7544725412,-0.1811533254,2.7717708039,-0.3761996008,-0.4599453364
central-technology--purchase-legacy-indexed--tax-adopted--index-adopted--gdp-off--electricity-adopted--ets2-adopted,scenarios/central-technology--purchase-legacy-indexed--tax-adopted--index-adopted--gdp-off--electricity-adopted--ets2-adopted.json,central_technology,False,legacy_indexed,adopted,adopted,off,adopted,adopted,0.2522448855,0.0704647028,0.3799999985,0.2050889439,0.0922014693,0.1497419753,0.0433607191,0.5788233967,0.1699181508,0.0581557581,0.0794646372,0.0227655928,0.7712623928,0.0956434727,0.0308639045,0.0,0.0,0.0,0.0,0.0,-1.4054414166,-0.4069730637,2.8823396113,-0.5240894641,-0.545835667,-0.9530341002,-0.2730319682,2.1262393486,-0.5300167618,-0.3701565184
central-technology--purchase-legacy-indexed--tax-adopted--index-adopted--gdp-off--electricity-adopted--ets2-high-market,scenarios/central-technology--purchase-legacy-indexed--tax-adopted--index-adopted--gdp-off--electricity-adopted--ets2-high-market.json,central_technology,False,legacy_indexed,adopted,adopted,off,adopted,high_market,0.2522448855,0.0704647028,0.3799999985,0.2050889439,0.0922014693,0.133339016,0.0407726679,0.5944005622,0.1759466575,0.0555410964,0.0664217319,0.0205549929,0.7861871868,0.0984152325,0.0284208559,0.0,0.0,0.0,0.0,0.0,-3.0457373467,-0.6657781885,4.4400561651,0.0787612057,-0.8073018355,-2.2573246279,-0.4940919624,3.6187187441,-0.2528407793,-0.6144613744
central-technology--purchase-legacy-indexed--tax-adopted--index-adopted--gdp-off--electricity-adopted--ets2-off,scenarios/central-technology--purchase-legacy-indexed--tax-adopted--index-adopted--gdp-off--electricity-adopted--ets2-off.json,central_technology,False,legacy_indexed,adopted,adopted,off,adopted,off,0.2522448855,0.0704647028,0.3799999985,0.2050889439,0.0922014693,0.1695553758,0.0462770585,0.5606308274,0.1626138234,0.0609229148,0.0947435376,0.0251463479,0.7545040696,0.0922540193,0.0333520256,0.0,0.0,0.0,0.0,0.0,0.5758986324,-0.1153391195,1.0630826855,-1.2545222026,-0.2691199958,0.5748559412,-0.0349564613,0.4504070307,-0.868962101,-0.1213444096
central-technology--purchase-legacy-indexed--tax-adopted--index-adopted--gdp-off--electricity-north-reduction--ets2-adopted,scenarios/central-technology--purchase-legacy-indexed--tax-adopted--index-adopted--gdp-off--electricity-north-reduction--ets2-adopted.json,central_technology,False,legacy_indexed,adopted,adopted,off,north_reduction,adopted,0.2506511908,0.0700195036,0.3821048704,0.2054466582,0.091777777,0.1484720907,0.0429929991,0.5809282693,0.1698441016,0.0577625392,0.078654569,0.0225335188,0.772773104,0.0954365689,0.0306022393,-0.1593694734,-0.0445199218,0.21048719,0.0357714357,-0.0423692305,-1.5324298816,-0.4437450587,3.0928268717,-0.5314943839,-0.5851575476,-1.0340409151,-0.296239375,2.2773104704,-0.5507071417,-0.3963230387
central-technology--purchase-legacy-indexed--tax-adopted--index-adopted--gdp-off--electricity-north-reduction--ets2-high-market,scenarios/central-technology--purchase-legacy-indexed--tax-adopted--index-adopted--gdp-off--electricity-north-reduction--ets2-high-market.json,central_technology,False,legacy_indexed,adopted,adopted,off,north_reduction,high_market,0.2506511908,0.0700195036,0.3821048704,0.2054466582,0.091777777,0.1321678767,0.0404145545,0.5964525604,0.1758162925,0.0551487159,0.0657227857,0.0203386957,0.7875982631,0.0981697129,0.0281705425,-0.1593694734,-0.0445199218,0.21048719,0.0357714357,-0.0423692305,-3.162851285,-0.7015895201,4.64525598,0.065724707,-0.846539882,-2.3272192419,-0.5157216799,3.7598263807,-0.2773927412,-0.6394927177
central-technology--purchase-legacy-indexed--tax-adopted--index-adopted--gdp-off--electricity-north-reduction--ets2-off,scenarios/central-technology--purchase-legacy-indexed--tax-adopted--index-adopted--gdp-off--electricity-north-reduction--ets2-off.json,central_technology,False,legacy_indexed,adopted,adopted,off,north_reduction,off,0.2506511908,0.0700195036,0.3821048704,0.2054466582,0.091777777,0.1681763218,0.0459006708,0.562790973,0.1625998637,0.0605321708,0.0938110584,0.024898854,0.7561218853,0.0920871783,0.0330810239,-0.1593694734,-0.0445199218,0.21048719,0.0357714357,-0.0423692305,0.4379932292,-0.1529778932,1.27909724,-1.2559181807,-0.3081943953,0.4816080252,-0.0597058489,0.612188595,-0.8856462,-0.1484445712
central-technology--purchase-legacy-indexed--tax-adopted--index-adopted--gdp-off--electricity-industrial--ets2-adopted,scenarios/central-technology--purchase-legacy-indexed--tax-adopted--index-adopted--gdp-off--electricity-industrial--ets2-adopted.json,central_technology,False,legacy_indexed,adopted,adopted,off,industrial,adopted,0.2460066478,0.0687220488,0.3882757136,0.2064610333,0.0905345565,0.1447966436,0.0419287015,0.587055885,0.1696000923,0.0566186775,0.0763233333,0.0218656498,0.7771427781,0.0948222236,0.0298460151,-0.6238237728,-0.1742654034,0.8275715022,0.1372089469,-0.1666912729,-1.8999745933,-0.550174822,3.7055884475,-0.5558953136,-0.6995437186,-1.2671644821,-0.3630262678,2.7142778806,-0.6121416719,-0.4719454588
central-technology--purchase-legacy-indexed--tax-adopted--index-adopted--gdp-off--electricity-industrial--ets2-high-market,scenarios/central-technology--purchase-legacy-indexed--tax-adopted--index-adopted--gdp-off--electricity-industrial--ets2-high-market.json,central_technology,False,legacy_indexed,adopted,adopted,off,industrial,high_market,0.2460066478,0.0687220488,0.3882757136,0.2064610333,0.0905345565,0.1287815179,0.039379067,0.6024231154,0.175407714,0.0540085857,0.0637133068,0.0197168386,0.7916782784,0.0974436735,0.0274479028,-0.6238237728,-0.1742654034,0.8275715022,0.1372089469,-0.1666912729,-3.5014871652,-0.8051382688,5.2423114807,0.024866853,-0.9605528996,-2.5281671408,-0.577907391,4.1678279091,-0.3499966876,-0.7117566897
central-technology--purchase-legacy-indexed--tax-adopted--index-adopted--gdp-off--electricity-industrial--ets2-off,scenarios/central-technology--purchase-legacy-indexed--tax-adopted--index-adopted--gdp-off--electricity-industrial--ets2-off.json,central_technology,False,legacy_indexed,adopted,adopted,off,industrial,off,0.2460066478,0.0687220488,0.3882757136,0.2064610333,0.0905345565,0.1641804452,0.0448100689,0.5690835493,0.162531933,0.0593940037,0.0911247209,0.02418586,0.7608035218,0.0915889933,0.032296904,-0.6238237728,-0.1742654034,0.8275715022,0.1372089469,-0.1666912729,0.0384055654,-0.2620380844,1.9083548708,-1.262711246,-0.4220111058,0.2129742754,-0.1310052526,1.0803522466,-0.9354647043,-0.2268565651
central-technology--purchase-legacy-indexed--tax-adopted--index-adopted--gdp-off--electricity-vat-reduced--ets2-adopted,scenarios/central-technology--purchase-legacy-indexed--tax-adopted--index-adopted--gdp-off--electricity-vat-reduced--ets2-adopted.json,central_technology,False,legacy_indexed,adopted,adopted,off,vat_reduced,adopted,0.2419986989,0.0676024267,0.3936451907,0.2073020563,0.0894516274,0.1416552264,0.0410190427,0.5923359917,0.1693555827,0.0556341566,0.0743464983,0.0212993121,0.7808747266,0.0942784968,0.0292009662,-1.0246186625,-0.2862276053,1.3645192156,0.2213112386,-0.2749841864,-2.2141163107,-0.6411407034,4.2335991093,-0.58034628,-0.7979958152,-1.4648479884,-0.4196600407,3.0874727234,-0.6665143522,-0.5364503421
central-technology--purchase-legacy-indexed--tax-adopted--index-adopted--gdp-off--electricity-vat-reduced--ets2-high-market,scenarios/central-technology--purchase-legacy-indexed--tax-adopted--index-adopted--gdp-off--electricity-vat-reduced--ets2-high-market.json,central_technology,False,legacy_indexed,adopted,adopted,off,vat_reduced,high_market,0.2419986989,0.0676024267,0.3936451907,0.2073020563,0.0894516274,0.1258910773,0.0384952224,0.6075641853,0.1750207033,0.0530288117,0.0620116198,0.0191902314,0.7951611533,0.0968045796,0.0268324159,-1.0246186625,-0.2862276053,1.3645192156,0.2213112386,-0.2749841864,-3.7905312189,-0.8935227308,5.756418474,-0.0138342198,-1.0585303046,-2.698335833,-0.6305681115,4.5161153978,-0.4139060736,-0.7733053797
central-technology--purchase-legacy-indexed--tax-adopted--index-adopted--gdp-off--electricity-vat-reduced--ets2-off,scenarios/central-technology--purchase-legacy-indexed--tax-adopted--index-adopted--gdp-off--electricity-vat-reduced--ets2-off.json,central_technology,False,legacy_indexed,adopted,adopted,off,vat_reduced,off,0.2419986989,0.0676024267,0.3936451907,0.2073020563,0.0894516274,0.1607598625,0.043876483,0.5745105978,0.1624404646,0.058412592,0.0888434481,0.0235803762,0.7648044116,0.0911447809,0.0316269831,-1.0246186625,-0.2862276053,1.3645192156,0.2213112386,-0.2749841864,-0.303652701,-0.355396672,2.4510597257,-1.2718580828,-0.52015227,-0.0151530015,-0.1915536343,1.4804412287,-0.9798859401,-0.2938486529
central-technology--purchase-legacy-indexed--tax-adopted--index-adopted--gdp-on--electricity-adopted--ets2-adopted,scenarios/central-technology--purchase-legacy-indexed--tax-adopted--index-adopted--gdp-on--electricity-adopted--ets2-adopted.json,central_technology,False,legacy_indexed,adopted,adopted,on,adopted,adopted,0.2508489354,0.0704919962,0.380897701,0.2056664529,0.0920949144,0.1454223982,0.0432339166,0.5826014543,0.1711643948,0.0575778362,0.0747030721,0.0225039882,0.7763272872,0.0963691796,0.0300964729,-0.1395950086,0.0027293441,0.0897702466,0.0577509026,-0.0106554848,-1.8373991353,-0.4196533133,3.260145371,-0.3994650673,-0.6036278551,-1.4291906058,-0.2991924328,2.6327287873,-0.4574460744,-0.4468996743
central-technology--purchase-legacy-indexed--tax-adopted--index-adopted--gdp-on--electricity-adopted--ets2-high-market,scenarios/central-technology--purchase-legacy-indexed--tax-adopted--index-adopted--gdp-on--electricity-adopted--ets2-high-market.json,central_technology,False,legacy_indexed,adopted,adopted,on,adopted,high_market,0.2508489354,0.0704919962,0.380897701,0.2056664529,0.0920949144,0.1297455072,0.0406375158,0.5976646609,0.1769564103,0.0549959059,0.062830763,0.0203222281,0.7902017759,0.0988879972,0.0277572358,-0.1395950086,0.0027293441,0.0897702466,0.0577509026,-0.0106554848,-3.4050882327,-0.6792933958,4.7664660298,0.1797364842,-0.8618208856,-2.6164215165,-0.5173684375,4.0201776581,-0.2055643159,-0.6808233882
central-technology--purchase-legacy-indexed--tax-adopted--index-adopted--gdp-on--electricity-adopted--ets2-off,scenarios/central-technology--purchase-legacy-indexed--tax-adopted--index-adopted--gdp-on--electricity-adopted--ets2-off.json,central_technology,False,legacy_indexed,adopted,adopted,on,adopted,off,0.2508489354,0.0704919962,0.380897701,0.2056664529,0.0920949144,0.1642939151,0.0461688467,0.5650633924,0.1641561329,0.0603177128,0.0884614518,0.024858883,0.7609060402,0.0932965096,0.0324771154,-0.1395950086,0.0027293441,0.0897702466,0.0577509026,-0.0106554848,0.0497525633,-0.1261603028,1.5063391806,-1.1002912529,-0.3296401881,-0.0533526361,-0.0637029554,1.0906040842,-0.7647130707,-0.208835422
central-technology--purchase-legacy-indexed--tax-adopted--index-adopted--gdp-on--electricity-north-reduction--ets2-adopted,scenarios/central-technology--purchase-legacy-indexed--tax-adopted--index-adopted--gdp-on--electricity-north-reduction--ets2-adopted.json,central_technology,False,legacy_indexed,adopted,adopted,on,north_reduction,adopted,0.2492597434,0.0700454114,0.3830031147,0.2060216064,0.0916701241,0.1441789908,0.042864253,0.5846945056,0.1710777532,0.0571844974,0.0739337229,0.0222722249,0.7778053595,0.0961505349,0.0298381577,-0.298514214,-0.0419291353,0.3003116128,0.0932662526,-0.0531345162,-1.9617398669,-0.456619674,3.4694505046,-0.4081292281,-0.6429617356,-1.5061255286,-0.3223687567,2.7805360198,-0.4793105389,-0.4727311957
central-technology--purchase-legacy-indexed--tax-adopted--index-adopted--gdp-on--electricity-north-reduction--ets2-high-market,scenarios/central-technology--purchase-legacy-indexed--tax-adopted--index-adopted--gdp-on--electricity-north-reduction--ets2-high-market.json,central_technology,False,legacy_indexed,adopted,adopted,on,north_reduction,high_market,0.2492597434,0.0700454114,0.3830031147,0.2060216064,0.0916701241,0.1285980075,0.0402781081,0.5997054675,0.176814404,0.054604013,0.0621641918,0.0201066297,0.7915860959,0.0986327107,0.0275103719,-0.298514214,-0.0419291353,0.3003116128,0.0932662526,-0.0531345162,-3.5198381987,-0.7152341667,4.9705466931,0.1655358493,-0.901010177,-2.6830786391,-0.5389282784,4.1586096579,-0.2310929656,-0.7055097747
central-technology--purchase-legacy-indexed--tax-adopted--index-adopted--gdp-on--electricity-north-reduction--ets2-off,scenarios/central-technology--purchase-legacy-indexed--tax-adopted--index-adopted--gdp-on--electricity-north-reduction--ets2-off.json,central_technology,False,legacy_indexed,adopted,adopted,on,north_reduction,off,0.2492597434,0.0700454114,0.3830031147,0.2060216064,0.0916701241,0.1629444075,0.0457896165,0.5672112998,0.1641286976,0.0599259786,0.0875795862,0.0246110666,0.7624843903,0.0931158587,0.0322090981,-0.298514214,-0.0419291353,0.3003116128,0.0932662526,-0.0531345162,-0.0851981998,-0.1640833208,1.7211299203,-1.1030347917,-0.368813608,-0.1415391951,-0.0884845897,1.2484390981,-0.7827781619,-0.2356371515
central-technology--purchase-legacy-indexed--tax-adopted--index-adopted--gdp-on--electricity-industrial--ets2-adopted,scenarios/central-technology--purchase-legacy-indexed--tax-adopted--index-adopted--gdp-on--electricity-industrial--ets2-adopted.json,central_technology,False,legacy_indexed,adopted,adopted,on,industrial,adopted,0.2446285863,0.0687439927,0.3891753132,0.2070283284,0.0904237794,0.1405809848,0.0417945698,0.5907869188,0.1707969387,0.0560405878,0.0717203631,0.0216054596,0.7820800653,0.095502239,0.029091873,-0.7616299176,-0.1720710089,0.9175314645,0.1939384491,-0.1777689872,-2.3215404662,-0.5635879905,4.0786918289,-0.4362106801,-0.7573526921,-1.7274615042,-0.3890452941,3.2080065974,-0.5441401337,-0.5473596654
central-technology--purchase-legacy-indexed--tax-adopted--index-adopted--gdp-on--electricity-industrial--ets2-high-market,scenarios/central-technology--purchase-legacy-indexed--tax-adopted--index-adopted--gdp-on--electricity-industrial--ets2-high-market.json,central_technology,False,legacy_indexed,adopted,adopted,on,industrial,high_market,0.2446285863,0.0687439927,0.3891753132,0.2070283284,0.0904237794,0.1252806523,0.0392390811,0.605642826,0.176371883,0.0534655576,0.0602482837,0.0194869409,0.7955883848,0.0978784991,0.0267978914,-0.7616299176,-0.1720710089,0.9175314645,0.1939384491,-0.1777689872,-3.8515737259,-0.8191368606,5.5642825398,0.1212837562,-1.0148557094,-2.8746694442,-0.600897159,4.5588385438,-0.3065141195,-0.776757821
central-technology--purchase-legacy-indexed--tax-adopted--index-adopted--gdp-on--electricity-industrial--ets2-off,scenarios/central-technology--purchase-legacy-indexed--tax-adopted--index-adopted--gdp-on--electricity-industrial--ets2-off.json,central_technology,False,legacy_indexed,adopted,adopted,on,industrial,off,0.2446285863,0.0687439927,0.3891753132,0.2070283284,0.0904237794,0.1590351596,0.0446910642,0.5734672302,0.164021265,0.058785281,0.0850400286,0.0238974161,0.7670509733,0.0925776401,0.031433942,-0.7616299176,-0.1720710089,0.9175314645,0.1939384491,-0.1777689872,-0.4761229895,-0.273938556,2.3467229636,-1.1137780458,-0.4828833724,-0.3954949528,-0.1598496456,1.7050973945,-0.8366000281,-0.3131527679
central-technology--purchase-legacy-indexed--tax-adopted--index-adopted--gdp-on--electricity-vat-reduced--ets2-adopted,scenarios/central-technology--purchase-legacy-indexed--tax-adopted--index-adopted--gdp-on--electricity-vat-reduced--ets2-adopted.json,central_technology,False,legacy_indexed,adopted,adopted,on,vat_reduced,adopted,0.2406325056,0.0676210391,0.394545689,0.2078625201,0.0893382461,0.1375067134,0.0408805924,0.5960357591,0.1705205514,0.0550563837,0.0698442982,0.0210403029,0.785730257,0.0949295358,0.0284556061,-1.1612379937,-0.2843663668,1.454569048,0.2773576267,-0.2863223143,-2.6289676069,-0.6549857361,4.603575854,-0.4638494105,-0.8557731004,-1.915067994,-0.4455609648,3.5730257646,-0.6014104535,-0.6109863523
central-technology--purchase-legacy-indexed--tax-adopted--index-adopted--gdp-on--electricity-vat-reduced--ets2-high-market,scenarios/central-technology--purchase-legacy-indexed--tax-adopted--index-adopted--gdp-on--electricity-vat-reduced--ets2-high-market.json,central_technology,False,legacy_indexed,adopted,adopted,on,vat_reduced,high_market,0.2406325056,0.0676210391,0.394545689,0.2078625201,0.0893382461,0.1224498776,0.0383524558,0.6107545643,0.175955573,0.0524875293,0.0586264126,0.0189623566,0.799004493,0.0972154446,0.0261912933,-1.1612379937,-0.2843663668,1.454569048,0.2773576267,-0.2863223143,-4.1346511888,-0.9077993902,6.0754563696,0.0796527529,-1.1126585436,-3.0368565599,-0.6533555952,4.9004493662,-0.3728195711,-0.8374176401
central-technology--purchase-legacy-indexed--tax-adopted--index-adopted--gdp-on--electricity-vat-reduced--ets2-off,scenarios/central-technology--purchase-legacy-indexed--tax-adopted--index-adopted--gdp-on--electricity-vat-reduced--ets2-off.json,central_technology,False,legacy_indexed,adopted,adopted,on,vat_reduced,off,0.2406325056,0.0676210391,0.394545689,0.2078625201,0.0893382461,0.1556899406,0.0437510117,0.5788614932,0.1638954459,0.0578021086,0.0828845424,0.0232916948,0.7709525549,0.0920991406,0.0307720673,-1.1612379937,-0.2843663668,1.454569048,0.2773576267,-0.2863223143,-0.8106448935,-0.3679438056,2.8861492615,-1.1263599539,-0.5812006084,-0.6110435743,-0.2204217688,2.0952555568,-0.8844499756,-0.379340238
central-technology--purchase-legacy-indexed--tax-adopted--index-cpi-indexed--gdp-off--electricity-adopted--ets2-adopted,scenarios/central-technology--purchase-legacy-indexed--tax-adopted--index-cpi-indexed--gdp-off--electricity-adopted--ets2-adopted.json,central_technology,False,legacy_indexed,adopted,cpi_indexed,off,adopted,adopted,0.2605623879,0.0693069834,0.3751308582,0.2023034918,0.0926962786,0.1471766569,0.0434038084,0.5810027834,0.1705844615,0.0578322898,0.0756875583,0.0226212741,0.7752365027,0.0961861896,0.0302684752,0.831750241,-0.1157719369,-0.4869140311,-0.2785452111,0.0494809382,-1.661973262,-0.4026641334,3.100278289,-0.4574584,-0.5781824935,-1.3307419811,-0.2874638372,2.52365034,-0.4757450732,-0.4296994485
central-technology--purchase-legacy-indexed--tax-adopted--index-cpi-indexed--gdp-off--electricity-adopted--ets2-high-market,scenarios/central-technology--purchase-legacy-indexed--tax-adopted--index-cpi-indexed--gdp-off--electricity-adopted--ets2-high-market.json,central_technology,False,legacy_indexed,adopted,cpi_indexed,off,adopted,high_market,0.2605623879,0.0693069834,0.3751308582,0.2023034918,0.0926962786,0.1312086838,0.0407927746,0.5962828444,0.1764804754,0.0552352217,0.0635773897,0.0204199132,0.7893344263,0.0987624594,0.0279058114,0.831750241,-0.1157719369,-0.4869140311,-0.2785452111,0.0494809382,-3.2587705675,-0.6637675132,4.6282843882,0.1321429927,-0.8378893003,-2.541758841,-0.5075999341,3.9334426923,-0.2181180962,-0.665965821
central-technology--purchase-legacy-indexed--tax-adopted--index-cpi-indexed--gdp-off--electricity-adopted--ets2-off,scenarios/central-technology--purchase-legacy-indexed--tax-adopted--index-cpi-indexed--gdp-off--electricity-adopted--ets2-off.json,central_technology,False,legacy_indexed,adopted,cpi_indexed,off,adopted,off,0.2605623879,0.0693069834,0.3751308582,0.2023034918,0.0926962786,0.1664240981,0.0463548178,0.5631890075,0.1634466343,0.0605854423,0.089752281,0.0249990878,0.7595325747,0.093042413,0.0326736435,0.831750241,-0.1157719369,-0.4869140311,-0.2785452111,0.0494809382,0.2627708571,-0.1075631891,1.318900692,-1.1712411193,-0.3028672406,0.0757302888,-0.0496824719,0.953257537,-0.7901227359,-0.189182618
central-technology--purchase-legacy-indexed--tax-adopted--index-cpi-indexed--gdp-off--electricity-north-reduction--ets2-adopted,scenarios/central-technology--purchase-legacy-indexed--tax-adopted--index-cpi-indexed--gdp-off--electricity-north-reduction--ets2-adopted.json,central_technology,False,legacy_indexed,adopted,cpi_indexed,off,north_reduction,adopted,0.2589394973,0.0688753108,0.377231929,0.2026746275,0.0922786354,0.145922708,0.0430340068,0.5831009954,0.1705033222,0.0574389674,0.0749098327,0.0223888298,0.7767217295,0.0959702182,0.0300093898,0.6694611757,-0.1589392015,-0.2768069531,-0.2414316352,0.0077166141,-1.7873681501,-0.4396442892,3.3100994892,-0.4655723222,-0.6175147276,-1.4085145462,-0.310708272,2.6721730168,-0.4973422104,-0.4556079882
central-technology--purchase-legacy-indexed--tax-adopted--index-cpi-indexed--gdp-off--electricity-north-reduction--ets2-high-market,scenarios/central-technology--purchase-legacy-indexed--tax-adopted--index-cpi-indexed--gdp-off--electricity-north-reduction--ets2-high-market.json,central_technology,False,legacy_indexed,adopted,cpi_indexed,off,north_reduction,high_market,0.2589394973,0.0688753108,0.377231929,0.2026746275,0.0922786354,0.1300517265,0.0404330766,0.5983285308,0.1763435738,0.0548430923,0.0629041222,0.0202036718,0.7907246266,0.0985094148,0.0276581647,0.6694611757,-0.1589392015,-0.2768069531,-0.2414316352,0.0077166141,-3.3744662996,-0.6997373117,4.8328530261,0.1184528306,-0.8771022453,-2.6090855965,-0.529224076,4.0724627299,-0.2434225571,-0.6907305003
central-technology--purchase-legacy-indexed--tax-adopted--index-cpi-indexed--gdp-off--electricity-north-reduction--ets2-off,scenarios/central-technology--purchase-legacy-indexed--tax-adopted--index-cpi-indexed--gdp-off--electricity-north-reduction--ets2-off.json,central_technology,False,legacy_indexed,adopted,cpi_indexed,off,north_reduction,off,0.2589394973,0.0688753108,0.377231929,0.2026746275,0.0922786354,0.1650628994,0.0459756773,0.5653422703,0.1634250661,0.0601940867,0.0888600644,0.0247505749,0.7611195537,0.0928648847,0.0324049223,0.6694611757,-0.1589392015,-0.2768069531,-0.2414316352,0.0077166141,0.1266509931,-0.1454772387,1.534226977,-1.1733979334,-0.342002798,-0.0134913721,-0.0745337638,1.1119554393,-0.8078755654,-0.216054738
central-technology--purchase-legacy-indexed--tax-adopted--index-cpi-indexed--gdp-off--electricity-industrial--ets2-adopted,scenarios/central-technology--purchase-legacy-indexed--tax-adopted--index-cpi-indexed--gdp-off--electricity-industrial--ets2-adopted.json,central_technology,False,legacy_indexed,adopted,cpi_indexed,off,industrial,adopted,0.2542084675,0.0676169043,0.3833928784,0.2037290874,0.0910526624,0.1422938454,0.0419638204,0.5892087643,0.1702385946,0.0562949753,0.0726722191,0.0217200585,0.7810172446,0.0953296551,0.0292608227,0.1963581967,-0.2847798518,0.3392879866,-0.1359856479,-0.1148806837,-2.1502544138,-0.5466629306,3.9208763735,-0.4920450909,-0.7319139382,-1.6322759017,-0.3775854058,3.1017245261,-0.561398526,-0.5304646926
central-technology--purchase-legacy-indexed--tax-adopted--index-cpi-indexed--gdp-off--electricity-industrial--ets2-high-market,scenarios/central-technology--purchase-legacy-indexed--tax-adopted--index-cpi-indexed--gdp-off--electricity-industrial--ets2-high-market.json,central_technology,False,legacy_indexed,adopted,cpi_indexed,off,industrial,high_market,0.2542084675,0.0676169043,0.3833928784,0.2037290874,0.0910526624,0.1267067454,0.0393931221,0.6042803539,0.175915941,0.0537038377,0.0609688561,0.0195820991,0.7947439922,0.0977616728,0.0269433798,0.1963581967,-0.2847798518,0.3392879866,-0.1359856479,-0.1148806837,-3.7089644138,-0.8037327621,5.4280353304,0.0756895527,-0.9910277072,-2.8026122012,-0.5913813379,4.4743992842,-0.3181967548,-0.7622089904
central-technology--purchase-legacy-indexed--tax-adopted--index-cpi-indexed--gdp-off--electricity-industrial--ets2-off,scenarios/central-technology--purchase-legacy-indexed--tax-adopted--index-cpi-indexed--gdp-off--electricity-industrial--ets2-off.json,central_technology,False,legacy_indexed,adopted,cpi_indexed,off,industrial,off,0.2542084675,0.0676169043,0.3833928784,0.2037290874,0.0910526624,0.1611193419,0.0448772613,0.5716142208,0.163334837,0.0590543391,0.0862904824,0.0240348582,0.7657112814,0.0923357202,0.0316276578,0.1963581967,-0.2847798518,0.3392879866,-0.1359856479,-0.1148806837,-0.2677047641,-0.2553188391,2.1614220207,-1.1824208506,-0.4559775668,-0.2704495761,-0.1461054345,1.5711282103,-0.8607920113,-0.2937811884
central-technology--purchase-legacy-indexed--tax-adopted--index-cpi-indexed--gdp-off--electricity-vat-reduced--ets2-adopted,scenarios/central-technology--purchase-legacy-indexed--tax-adopted--index-cpi-indexed--gdp-off--electricity-vat-reduced--ets2-adopted.json,central_technology,False,legacy_indexed,adopted,cpi_indexed,off,vat_reduced,adopted,0.2501242019,0.0665305306,0.3887552545,0.2046058603,0.0899841528,0.1391927908,0.0410492897,0.5944712287,0.1699761457,0.0553105452,0.0707754141,0.021153147,0.7846853416,0.0947635548,0.0286225425,-0.2120683668,-0.3934172237,0.8755255948,-0.0483083606,-0.2217316437,-2.4603598724,-0.638116006,4.4471228111,-0.5182899798,-0.8303569529,-1.821956406,-0.4342765553,3.4685342217,-0.6180085491,-0.5942927111
central-technology--purchase-legacy-indexed--tax-adopted--index-cpi-indexed--gdp-off--electricity-vat-reduced--ets2-high-market,scenarios/central-technology--purchase-legacy-indexed--tax-adopted--index-cpi-indexed--gdp-off--electricity-vat-reduced--ets2-high-market.json,central_technology,False,legacy_indexed,adopted,cpi_indexed,off,vat_reduced,high_market,0.2501242019,0.0665305306,0.3887552545,0.2046058603,0.0899841528,0.1238520607,0.0385056008,0.6094048611,0.1755124879,0.0527249895,0.0593304679,0.0190558783,0.7981747625,0.0971041243,0.0263347669,-0.2120683668,-0.3934172237,0.8755255948,-0.0483083606,-0.2217316437,-3.9944328815,-0.8924848974,5.9404860538,0.0353442442,-1.088912519,-2.966451021,-0.6440034177,4.8174763197,-0.3839516045,-0.8230702766
central-technology--purchase-legacy-indexed--tax-adopted--index-cpi-indexed--gdp-off--electricity-vat-reduced--ets2-off,scenarios/central-technology--purchase-legacy-indexed--tax-adopted--index-cpi-indexed--gdp-off--electricity-vat-reduced--ets2-off.json,central_technology,False,legacy_indexed,adopted,cpi_indexed,off,vat_reduced,off,0.2501242019,0.0665305306,0.3887552545,0.2046058603,0.0899841528,0.1577442371,0.0439371789,0.577022797,0.1632239831,0.0580718037,0.0841092586,0.0234273126,0.7696345537,0.0918649778,0.0309638973,-0.2120683668,-0.3934172237,0.8755255948,-0.0483083606,-0.2217316437,-0.6052152378,-0.349327079,2.7022796491,-1.1935062345,-0.5542310977,-0.4885719546,-0.2068599961,1.9634554382,-0.9078662529,-0.3601572346
central-technology--purchase-legacy-indexed--tax-adopted--index-cpi-indexed--gdp-on--electricity-adopted--ets2-adopted,scenarios/central-technology--purchase-legacy-indexed--tax-adopted--index-cpi-indexed--gdp-on--electricity-adopted--ets2-adopted.json,central_technology,False,legacy_indexed,adopted,cpi_indexed,on,adopted,adopted,0.2592271359,0.0693294358,0.3759821393,0.2028595109,0.092601778,0.142774352,0.0432686973,0.5848768352,0.1718492222,0.0572308933,0.0707124201,0.0223180685,0.7806168527,0.0969233745,0.0294292842,0.6982250371,-0.113526697,-0.4017859233,-0.2229432941,0.0400308774,-2.1022037517,-0.4161752388,3.487683463,-0.3309823286,-0.638322144,-1.8282558096,-0.3177844039,3.061685337,-0.402026579,-0.5136185445
central-technology--purchase-legacy-indexed--tax-adopted--index-cpi-indexed--gdp-on--electricity-adopted--ets2-high-market,scenarios/central-technology--purchase-legacy-indexed--tax-adopted--index-cpi-indexed--gdp-on--electricity-adopted--ets2-high-market.json,central_technology,False,legacy_indexed,adopted,cpi_indexed,on,adopted,high_market,0.2592271359,0.0693294358,0.3759821393,0.2028595109,0.092601778,0.1275394219,0.0406507335,0.5996357811,0.1775053301,0.0546687333,0.0597938518,0.0201542356,0.793633522,0.0992387306,0.02717966,0.6982250371,-0.113526697,-0.4017859233,-0.2229432941,0.0400308774,-3.6256967604,-0.6779716211,4.9635780571,0.2346284665,-0.8945381422,-2.9201126363,-0.5341676911,4.3633522649,-0.1704909767,-0.7385809608
central-technology--purchase-legacy-indexed--tax-adopted--index-cpi-indexed--gdp-on--electricity-adopted--ets2-off,scenarios/central-technology--purchase-legacy-indexed--tax-adopted--index-cpi-indexed--gdp-on--electricity-adopted--ets2-off.json,central_technology,False,legacy_indexed,adopted,cpi_indexed,on,adopted,off,0.2592271359,0.0693294358,0.3759821393,0.2028595109,0.092601778,0.1610736424,0.0462361638,0.5677248447,0.1650113298,0.0599540193,0.0832487543,0.0246581685,0.7662723841,0.0941042262,0.0317164669,0.6982250371,-0.113526697,-0.4017859233,-0.2229432941,0.0400308774,-0.2722747119,-0.1194285958,1.7724844129,-1.0147715659,-0.3660095394,-0.5746223842,-0.0837744049,1.6272384791,-0.6839414107,-0.2849002794
central-technology--purchase-legacy-indexed--tax-adopted--index-cpi-indexed--gdp-on--electricity-north-reduction--ets2-adopted,scenarios/central-technology--purchase-legacy-indexed--tax-adopted--index-cpi-indexed--gdp-on--electricity-north-reduction--ets2-adopted.json,central_technology,False,legacy_indexed,adopted,cpi_indexed,on,north_reduction,adopted,0.2576083253,0.0688964903,0.3780838152,0.2032283246,0.0921830446,0.1415476768,0.0428969454,0.5869627629,0.1717550633,0.0568375517,0.0699778726,0.0220862325,0.7820670534,0.0966947713,0.0291740701,0.5363439782,-0.1568212481,-0.1916183348,-0.1860619282,-0.001842467,-2.2248712731,-0.4533504302,3.6962762307,-0.3403982213,-0.6776563062,-1.9017105595,-0.3409679993,3.2067054104,-0.4248869009,-0.5391399507
central-technology--purchase-legacy-indexed--tax-adopted--index-cpi-indexed--gdp-on--electricity-north-reduction--ets2-high-market,scenarios/central-technology--purchase-legacy-indexed--tax-adopted--index-cpi-indexed--gdp-on--electricity-north-reduction--ets2-high-market.json,central_technology,False,legacy_indexed,adopted,cpi_indexed,on,north_reduction,high_market,0.2576083253,0.0688964903,0.3780838152,0.2032283246,0.0921830446,0.1264068145,0.0402897367,0.6016698577,0.1773564027,0.0542771885,0.0591550939,0.0199389346,0.7949948765,0.098975168,0.026935927,0.5363439782,-0.1568212481,-0.1916183348,-0.1860619282,-0.001842467,-3.7389575043,-0.7140713011,5.1669857103,0.2197357196,-0.9336926245,-2.9839884283,-0.5556977937,4.4994877202,-0.1968472368,-0.7629542614
central-technology--purchase-legacy-indexed--tax-adopted--index-cpi-indexed--gdp-on--electricity-north-reduction--ets2-off,scenarios/central-technology--purchase-legacy-indexed--tax-adopted--index-cpi-indexed--gdp-on--electricity-north-reduction--ets2-off.json,central_technology,False,legacy_indexed,adopted,cpi_indexed,on,north_reduction,off,0.2576083253,0.0688964903,0.3780838152,0.2032283246,0.0921830446,0.1597428939,0.0458541726,0.5698653471,0.1649758074,0.059561779,0.0824099319,0.0244097104,0.7678171915,0.0939118443,0.0314513219,0.5363439782,-0.1568212481,-0.1916183348,-0.1860619282,-0.001842467,-0.4053495632,-0.157627711,1.9865346531,-1.018323811,-0.4052335678,-0.6585046245,-0.108620211,1.7817192177,-0.7031796023,-0.3114147799
central-technology--purchase-legacy-indexed--tax-adopted--index-cpi-indexed--gdp-on--electricity-industrial--ets2-adopted,scenarios/central-technology--purchase-legacy-indexed--tax-adopted--index-cpi-indexed--gdp-on--electricity-industrial--ets2-adopted.json,central_technology,False,legacy_indexed,adopted,cpi_indexed,on,industrial,adopted,0.252889445,0.0676344415,0.3842463166,0.204275833,0.0909539638,0.1379985598,0.0418213624,0.5930339714,0.1714522944,0.0556938119,0.0678651978,0.0214194356,0.7862607012,0.0960177045,0.0284369609,0.0644559528,-0.283026132,0.4246318089,-0.0813110846,-0.1247505451,-2.579782968,-0.5609087311,4.3033970813,-0.3706751041,-0.7920302782,-2.112978038,-0.4076476865,3.6260701893,-0.4925935871,-0.6128508776
central-technology--purchase-legacy-indexed--tax-adopted--index-cpi-indexed--gdp-on--electricity-industrial--ets2-high-market,scenarios/central-technology--purchase-legacy-indexed--tax-adopted--index-cpi-indexed--gdp-on--electricity-industrial--ets2-high-market.json,central_technology,False,legacy_indexed,adopted,cpi_indexed,on,industrial,high_market,0.252889445,0.0676344415,0.3842463166,0.204275833,0.0909539638,0.1231328916,0.0392462369,0.6075872579,0.1768937167,0.053139897,0.0573195325,0.0193202366,0.7989304743,0.0981971049,0.0262326517,0.0644559528,-0.283026132,0.4246318089,-0.0813110846,-0.1247505451,-4.0663497944,-0.8184212859,5.7587257301,0.1734671213,-1.0474217711,-3.1675445618,-0.6175675921,4.8930474973,-0.2746535465,-0.833281797
central-technology--purchase-legacy-indexed--tax-adopted--index-cpi-indexed--gdp-on--electricity-industrial--ets2-off,scenarios/central-technology--purchase-legacy-indexed--tax-adopted--index-cpi-indexed--gdp-on--electricity-industrial--ets2-off.json,central_technology,False,legacy_indexed,adopted,cpi_indexed,on,industrial,off,0.252889445,0.0676344415,0.3842463166,0.204275833,0.0909539638,0.1558885808,0.0447477927,0.5760991199,0.16484469,0.0584198167,0.0799951062,0.0236944423,0.7722860528,0.0933396521,0.0306847466,0.0644559528,-0.283026132,0.4246318089,-0.0813110846,-0.1247505451,-0.7907808745,-0.2682657084,2.6099119324,-1.0314355509,-0.5194297986,-0.8999871929,-0.1801470213,2.2286053417,-0.7603988194,-0.3880723081
central-technology--purchase-legacy-indexed--tax-adopted--index-cpi-indexed--gdp-on--electricity-vat-reduced--ets2-adopted,scenarios/central-technology--purchase-legacy-indexed--tax-adopted--index-cpi-indexed--gdp-on--electricity-vat-reduced--ets2-adopted.json,central_technology,False,legacy_indexed,adopted,cpi_indexed,on,vat_reduced,adopted,0.2488159751,0.0665450055,0.3896097755,0.2051463871,0.0898828568,0.13496662,0.0409025133,0.5982639881,0.1711569129,0.0547099656,0.0660751346,0.0208544606,0.789841157,0.0954204767,0.0278087711,-0.3428910389,-0.3919697308,0.9609776955,0.0057443209,-0.2318612467,-2.8829769472,-0.6527936413,4.8263987585,-0.4002132559,-0.890414914,-2.2919843539,-0.4641451903,3.9841157619,-0.5523163644,-0.6756698534
central-technology--purchase-legacy-indexed--tax-adopted--index-cpi-indexed--gdp-on--electricity-vat-reduced--ets2-high-market,scenarios/central-technology--purchase-legacy-indexed--tax-adopted--index-cpi-indexed--gdp-on--electricity-vat-reduced--ets2-high-market.json,central_technology,False,legacy_indexed,adopted,cpi_indexed,on,vat_reduced,high_market,0.2488159751,0.0665450055,0.3896097755,0.2051463871,0.0898828568,0.1203396279,0.0383559379,0.612681367,0.1764600176,0.0521630496,0.0557661499,0.0187966503,0.8022893217,0.0975137888,0.0256340894,-0.3428910389,-0.3919697308,0.9609776955,0.0057443209,-0.2318612467,-4.3456761649,-0.907451185,6.2681366456,0.1300972126,-1.1451065083,-3.3228828303,-0.6699262205,5.2289322381,-0.3429851576,-0.8931380297
central-technology--purchase-legacy-indexed--tax-adopted--index-cpi-indexed--gdp-on--electricity-vat-reduced--ets2-off,scenarios/central-technology--purchase-legacy-indexed--tax-adopted--index-cpi-indexed--gdp-on--electricity-vat-reduced--ets2-off.json,central_technology,False,legacy_indexed,adopted,cpi_indexed,on,vat_reduced,off,0.2488159751,0.0665450055,0.3896097755,0.2051463871,0.0898828568,0.1525910748,0.0438012441,0.5814735779,0.1646983,0.0574358032,0.0779464016,0.0230876188,0.7761033625,0.0928320957,0.0300305214,-0.3428910389,-0.3919697308,0.9609776955,0.0057443209,-0.2318612467,-1.1205314672,-0.3629205643,3.1473577301,-1.0460745476,-0.6178311509,-1.1048576516,-0.2408293741,2.6103363171,-0.811154461,-0.4534948304
central-technology--purchase-legacy-indexed--tax-plus30--index-adopted--gdp-off--electricity-adopted--ets2-adopted,scenarios/central-technology--purchase-legacy-indexed--tax-plus30--index-adopted--gdp-off--electricity-adopted--ets2-adopted.json,central_technology,False,legacy_indexed,plus30,adopted,off,adopted,adopted,0.2280028026,0.0707116599,0.3959251821,0.2152404537,0.0901199017,0.1349585151,0.0428378713,0.5919405918,0.1741775493,0.0560854725,0.0714496888,0.0223005718,0.779849611,0.096853826,0.0295463025,-2.4242082948,0.0246957064,1.5925183599,1.0151509856,-0.2081567572,-2.883787446,-0.459257839,4.1940591273,-0.0981496215,-0.7528642208,-1.754528936,-0.3195340735,2.9849611635,-0.408981437,-0.501916717
central-technology--purchase-legacy-indexed--tax-plus30--index-adopted--gdp-off--electricity-adopted--ets2-high-market,scenarios/central-technology--purchase-legacy-indexed--tax-plus30--index-adopted--gdp-off--electricity-adopted--ets2-high-market.json,central_technology,False,legacy_indexed,plus30,adopted,off,adopted,high_market,0.2280028026,0.0707116599,0.3959251821,0.2152404537,0.0901199017,0.1209926364,0.0402380644,0.6057745287,0.1794011008,0.0535936697,0.0603558962,0.0201442838,0.7930170028,0.0992016762,0.027281141,-2.4242082948,0.0246957064,1.5925183599,1.0151509856,-0.2081567572,-4.2803753096,-0.7192385331,5.5774528095,0.4242055371,-1.0020445038,-2.8639081975,-0.5351628744,4.3017003472,-0.1741964146,-0.7284328607
central-technology--purchase-legacy-indexed--tax-plus30--index-adopted--gdp-off--electricity-adopted--ets2-off,scenarios/central-technology--purchase-legacy-indexed--tax-plus30--index-adopted--gdp-off--electricity-adopted--ets2-off.json,central_technology,False,legacy_indexed,plus30,adopted,off,adopted,off,0.2280028026,0.0707116599,0.3959251821,0.2152404537,0.0901199017,0.151628911,0.045793564,0.5759554906,0.1678780251,0.0587440093,0.0842099519,0.024629695,0.7653169601,0.0939937739,0.0318496191,-2.4242082948,0.0246957064,1.5925183599,1.0151509856,-0.2081567572,-1.2167478492,-0.1636885736,2.5955490056,-0.7281020395,-0.4870105434,-0.4785026255,-0.0866217549,1.5316960778,-0.6949866465,-0.2715850509
central-technology--purchase-legacy-indexed--tax-plus30--index-adopted--gdp-off--electricity-north-reduction--ets2-adopted,scenarios/central-technology--purchase-legacy-indexed--tax-plus30--index-adopted--gdp-off--electricity-north-reduction--ets2-adopted.json,central_technology,False,legacy_indexed,plus30,adopted,off,north_reduction,adopted,0.2264924312,0.0702432407,0.3980367964,0.2155494093,0.0896781224,0.1337811536,0.042464159,0.5940032034,0.1740589065,0.0556925775,0.0707085835,0.0220692612,0.7813047345,0.0966268912,0.0292905296,-2.5752454362,-0.0221462046,1.8036797846,1.0460465415,-0.2523346853,-3.001523596,-0.4966290716,4.4003202847,-0.1100138944,-0.7921537227,-1.8286394616,-0.3426651343,3.1304735147,-0.431674918,-0.5274940007
central-technology--purchase-legacy-indexed--tax-plus30--index-adopted--gdp-off--electricity-north-reduction--ets2-high-market,scenarios/central-technology--purchase-legacy-indexed--tax-plus30--index-adopted--gdp-off--electricity-north-reduction--ets2-high-market.json,central_technology,False,legacy_indexed,plus30,adopted,off,north_reduction,high_market,0.2264924312,0.0702432407,0.3980367964,0.2155494093,0.0896781224,0.1199041157,0.0398760592,0.6077866568,0.1792295787,0.0532035896,0.0597119027,0.0199293456,0.7943824202,0.0989394855,0.027036846,-2.5752454362,-0.0221462046,1.8036797846,1.0460465415,-0.2523346853,-4.3892273826,-0.7554390562,5.7786656244,0.407053324,-1.0410525096,-2.928307546,-0.5566566941,4.4382420902,-0.2004154858,-0.7528623643
central-technology--purchase-legacy-indexed--tax-plus30--index-adopted--gdp-off--electricity-north-reduction--ets2-off,scenarios/central-technology--purchase-legacy-indexed--tax-plus30--index-adopted--gdp-off--electricity-north-reduction--ets2-off.json,central_technology,False,legacy_indexed,plus30,adopted,off,north_reduction,off,0.2264924312,0.0702432407,0.3980367964,0.2155494093,0.0896781224,0.1503531797,0.0454082794,0.5780715868,0.1678161999,0.0583507543,0.0833630068,0.0243819808,0.7668676836,0.0938033759,0.031583953,-2.5752454362,-0.0221462046,1.8036797846,1.0460465415,-0.2523346853,-1.3443209856,-0.2022170346,2.8071586249,-0.7342845587,-0.5263360459,-0.5631971358,-0.1113931733,1.6867684265,-0.7140264483,-0.2981516691
central-technology--purchase-legacy-indexed--tax-plus30--index-adopted--gdp-off--electricity-industrial--ets2-adopted,scenarios/central-technology--purchase-legacy-indexed--tax-plus30--index-adopted--gdp-off--electricity-industrial--ets2-adopted.json,central_technology,False,legacy_indexed,plus30,adopted,off,industrial,adopted,0.222095173,0.0688794969,0.4042233133,0.2164184128,0.088383604,0.1303761589,0.0413833623,0.6000051266,0.1736846511,0.0545507011,0.068576949,0.0214039445,0.7855126992,0.0959546384,0.028551769,-3.0149712477,-0.1585205897,2.4223314703,1.1329468906,-0.3817865234,-3.3420230606,-0.6047087452,5.0005126004,-0.1474394368,-0.9063413578,-2.0418029157,-0.4091968014,3.5512699813,-0.498900194,-0.6013700701
central-technology--purchase-legacy-indexed--tax-plus30--index-adopted--gdp-off--electricity-industrial--ets2-high-market,scenarios/central-technology--purchase-legacy-indexed--tax-plus30--index-adopted--gdp-off--electricity-industrial--ets2-high-market.json,central_technology,False,legacy_indexed,plus30,adopted,off,industrial,high_market,0.222095173,0.0688794969,0.4042233133,0.2164184128,0.088383604,0.1167587991,0.0388300331,0.6136390576,0.1787010718,0.0520710383,0.0578612257,0.0193116667,0.7983298175,0.0981653706,0.0263319196,-3.0149712477,-0.1585205897,2.4223314703,1.1329468906,-0.3817865234,-4.703759039,-0.8600416619,6.3639057059,0.3542026353,-1.1543076401,-3.1133752508,-0.6184245842,4.8329818127,-0.2778269703,-0.8233550074
central-technology--purchase-legacy-indexed--tax-plus30--index-adopted--gdp-off--electricity-industrial--ets2-off,scenarios/central-technology--purchase-legacy-indexed--tax-plus30--index-adopted--gdp-off--electricity-industrial--ets2-off.json,central_technology,False,legacy_indexed,plus30,adopted,off,industrial,off,0.222095173,0.0688794969,0.4042233133,0.2164184128,0.088383604,0.1466600195,0.0442929052,0.5842324975,0.1676080788,0.0572064989,0.0809246608,0.0236688143,0.7713537792,0.0932369224,0.0308158233,-3.0149712477,-0.1585205897,2.4223314703,1.1329468906,-0.3817865234,-1.7136370024,-0.3137544488,3.4232496949,-0.7550966625,-0.6407615811,-0.8070317332,-0.1827098244,2.1353779876,-0.7706717937,-0.3749646363
central-technology--purchase-legacy-indexed--tax-plus30--index-adopted--gdp-off--electricity-vat-reduced--ets2-adopted,scenarios/central-technology--purchase-legacy-indexed--tax-plus30--index-adopted--gdp-off--electricity-vat-reduced--ets2-adopted.json,central_technology,False,legacy_indexed,plus30,adopted,off,vat_reduced,adopted,0.2183059601,0.0677043292,0.4096015025,0.2171300868,0.0872581215,0.127469049,0.0404606017,0.6051737782,0.1733274428,0.0535691284,0.0667707057,0.0208401875,0.7891054722,0.0953615069,0.0279221276,-3.3938925442,-0.2760373638,2.9601503903,1.20411429,-0.4943347723,-3.6327340557,-0.6969848065,5.5173777611,-0.1831602674,-1.0044986315,-2.2224272471,-0.4655724965,3.91054729,-0.5582133385,-0.6643342079
central-technology--purchase-legacy-indexed--tax-plus30--index-adopted--gdp-off--electricity-vat-reduced--ets2-high-market,scenarios/central-technology--purchase-legacy-indexed--tax-plus30--index-adopted--gdp-off--electricity-vat-reduced--ets2-high-market.json,central_technology,False,legacy_indexed,plus30,adopted,off,vat_reduced,high_market,0.2183059601,0.0677043292,0.4096015025,0.2171300868,0.0872581215,0.1140766419,0.0379380382,0.6186758576,0.1782106242,0.0510988382,0.0562949683,0.0187889152,0.8016987971,0.0974854019,0.0257319175,-3.3938925442,-0.2760373638,2.9601503903,1.20411429,-0.4943347723,-4.9719747659,-0.9492411539,6.8675857035,0.3051578691,-1.2515276528,-3.2700009814,-0.6706997281,5.1698797717,-0.3458238451,-0.8833552171
central-technology--purchase-legacy-indexed--tax-plus30--index-adopted--gdp-off--electricity-vat-reduced--ets2-off,scenarios/central-technology--purchase-legacy-indexed--tax-plus30--index-adopted--gdp-off--electricity-vat-reduced--ets2-off.json,central_technology,False,legacy_indexed,plus30,adopted,off,vat_reduced,off,0.2183059601,0.0677043292,0.4096015025,0.2171300868,0.0872581215,0.1435025253,0.043339308,0.5895420257,0.1673948447,0.0562212962,0.0788558418,0.0230637269,0.7751859499,0.0927342661,0.0301602154,-3.3938925442,-0.2760373638,2.9601503903,1.20411429,-0.4943347723,-2.0293864195,-0.409114173,3.9542025153,-0.7764200726,-0.7392818502,-1.0139136391,-0.2432185662,2.518595053,-0.8209374225,-0.4405254252
central-technology--purchase-legacy-indexed--tax-plus30--index-adopted--gdp-on--electricity-adopted--ets2-adopted,scenarios/central-technology--purchase-legacy-indexed--tax-plus30--index-adopted--gdp-on--electricity-adopted--ets2-adopted.json,central_technology,False,legacy_indexed,plus30,adopted,on,adopted,adopted,0.2264623192,0.0707102209,0.3969627608,0.2158943062,0.0899703929,0.1302268742,0.0426143687,0.5962583063,0.1755353571,0.0553650938,0.0662822746,0.0219321094,0.7855592482,0.0976006526,0.0286257152,-2.5782566318,0.024551807,1.696276224,1.0805362332,-0.2231076323,-3.3569515331,-0.4816081082,4.6258305726,0.0376311635,-0.8249020948,-2.2712703536,-0.3563803133,3.5559248866,-0.3342987751,-0.5939754446
central-technology--purchase-legacy-indexed--tax-plus30--index-adopted--gdp-on--electricity-adopted--ets2-high-market,scenarios/central-technology--purchase-legacy-indexed--tax-plus30--index-adopted--gdp-on--electricity-adopted--ets2-high-market.json,central_technology,False,legacy_indexed,plus30,adopted,on,adopted,high_market,0.2264623192,0.0707102209,0.3969627608,0.2158943062,0.0899703929,0.1170119119,0.0400211016,0.6095437664,0.1805041228,0.0529190973,0.0563882326,0.0198264122,0.7976214091,0.0996804176,0.0264835285,-2.5782566318,0.024551807,1.696276224,1.0805362332,-0.2231076323,-4.6784477579,-0.740934815,5.9543765836,0.5345077366,-1.0695017472,-3.2606745537,-0.5669500286,4.7621409711,-0.1263222699,-0.8081941188
central-technology--purchase-legacy-indexed--tax-plus30--index-adopted--gdp-on--electricity-adopted--ets2-off,scenarios/central-technology--purchase-legacy-indexed--tax-plus30--index-adopted--gdp-on--electricity-adopted--ets2-off.json,central_technology,False,legacy_indexed,plus30,adopted,on,adopted,off,0.2264623192,0.0707102209,0.3969627608,0.2158943062,0.0899703929,0.1459397193,0.0455679771,0.5809603382,0.1695521039,0.0579798615,0.0775255862,0.0242064611,0.7723965743,0.0950715196,0.0307998588,-2.5782566318,0.024551807,1.696276224,1.0805362332,-0.2231076323,-1.7856670183,-0.1862472591,3.0960337648,-0.5606941613,-0.5634253261,-1.1469391915,-0.1289451391,2.239657493,-0.5872120781,-0.3765610843
central-technology--purchase-legacy-indexed--tax-plus30--index-adopted--gdp-on--electricity-north-reduction--ets2-adopted,scenarios/central-technology--purchase-legacy-indexed--tax-plus30--index-adopted--gdp-on--electricity-north-reduction--ets2-adopted.json,central_technology,False,legacy_indexed,plus30,adopted,on,north_reduction,adopted,0.2249576169,0.0702403951,0.3990746051,0.2161998413,0.0895275415,0.1290802833,0.0422391677,0.5983062678,0.1754015111,0.0549727702,0.0655867573,0.02170197,0.7869767502,0.0973600766,0.028374446,-2.7287268574,-0.022430768,1.907460653,1.1110897453,-0.267392773,-3.4716106251,-0.5191282041,4.8306267202,0.0242465607,-0.8641344517,-2.3408220897,-0.3793942532,3.6976750857,-0.3583563778,-0.619102365
central-technology--purchase-legacy-indexed--tax-plus30--index-adopted--gdp-on--electricity-north-reduction--ets2-high-market,scenarios/central-technology--purchase-legacy-indexed--tax-plus30--index-adopted--gdp-on--electricity-north-reduction--ets2-high-market.json,central_technology,False,legacy_indexed,plus30,adopted,on,north_reduction,high_market,0.2249576169,0.0702403951,0.3990746051,0.2161998413,0.0895275415,0.1159508837,0.0396582025,0.6115421493,0.1803186068,0.0525301576,0.0557809001,0.0196128708,0.7989556723,0.0994068504,0.0262437064,-2.7287268574,-0.022430768,1.907460653,1.1110897453,-0.267392773,-4.7845505774,-0.7772247247,6.1542148787,0.5159561362,-1.1083957129,-3.3214078084,-0.5883041745,4.8955672972,-0.153678993,-0.8321763213
central-technology--purchase-legacy-indexed--tax-plus30--index-adopted--gdp-on--electricity-north-reduction--ets2-off,scenarios/central-technology--purchase-legacy-indexed--tax-plus30--index-adopted--gdp-on--electricity-north-reduction--ets2-off.json,central_technology,False,legacy_indexed,plus30,adopted,on,north_reduction,off,0.2249576169,0.0702403951,0.3990746051,0.2161998413,0.0895275415,0.1446983783,0.0451803829,0.5830610008,0.1694738791,0.0575863589,0.0767346711,0.0239595071,0.7739022352,0.0948650942,0.0305384923,-2.7287268574,-0.022430768,1.907460653,1.1110897453,-0.267392773,-1.9098011207,-0.2250066864,3.3061000257,-0.5685166394,-0.6027755793,-1.2260307024,-0.153640542,2.3902235866,-0.6078546088,-0.4026977335
central-technology--purchase-legacy-indexed--tax-plus30--index-adopted--gdp-on--electricity-industrial--ets2-adopted,scenarios/central-technology--purchase-legacy-indexed--tax-plus30--index-adopted--gdp-on--electricity-industrial--ets2-adopted.json,central_technology,False,legacy_indexed,plus30,adopted,on,industrial,adopted,0.2205771535,0.0688726464,0.4052615331,0.2170586714,0.0882299956,0.1257651361,0.0411543463,0.6042647126,0.1749829081,0.053832897,0.0635869686,0.0210402609,0.7910753576,0.0966484321,0.0276489808,-3.1667732023,-0.1592056359,2.5261534532,1.1969727499,-0.397147365,-3.8031253446,-0.6276103478,5.4264712043,-0.0176137358,-0.9781217761,-2.5408009552,-0.445565162,4.1075358222,-0.429520819,-0.6916488861
central-technology--purchase-legacy-indexed--tax-plus30--index-adopted--gdp-on--electricity-industrial--ets2-high-market,scenarios/central-technology--purchase-legacy-indexed--tax-plus30--index-adopted--gdp-on--electricity-industrial--ets2-high-market.json,central_technology,False,legacy_indexed,plus30,adopted,on,industrial,high_market,0.2205771535,0.0688726464,0.4052615331,0.2170586714,0.0882299956,0.1128857046,0.0386098319,0.6173538828,0.1797493683,0.0514012124,0.0540361008,0.0189993898,0.8028126349,0.098599961,0.0255519136,-3.1667732023,-0.1592056359,2.5261534532,1.1969727499,-0.397147365,-5.0910684881,-0.8820617814,6.7353882256,0.4590322791,-1.2212902353,-3.4958877394,-0.6496522763,5.2812635538,-0.2343679308,-0.9013556072
central-technology--purchase-legacy-indexed--tax-plus30--index-adopted--gdp-on--electricity-industrial--ets2-off,scenarios/central-technology--purchase-legacy-indexed--tax-plus30--index-adopted--gdp-on--electricity-industrial--ets2-off.json,central_technology,False,legacy_indexed,plus30,adopted,on,industrial,off,0.2205771535,0.0688726464,0.4052615331,0.2170586714,0.0882299956,0.1411058422,0.0440586553,0.589175919,0.1692178005,0.056441783,0.0744586205,0.0232488368,0.7782571348,0.0942522521,0.0297831559,-3.1667732023,-0.1592056359,2.5261534532,1.1969727499,-0.397147365,-2.2690547337,-0.3371794417,3.9175918475,-0.5941245014,-0.7172331707,-1.45363577,-0.2247075727,2.8257135413,-0.6691388258,-0.4782313727
central-technology--purchase-legacy-indexed--tax-plus30--index-adopted--gdp-on--electricity-vat-reduced--ets2-adopted,scenarios/central-technology--purchase-legacy-indexed--tax-plus30--index-adopted--gdp-on--electricity-vat-reduced--ets2-adopted.json,central_technology,False,legacy_indexed,plus30,adopted,on,vat_reduced,adopted,0.2168027602,0.0676941361,0.4106397636,0.2177613222,0.0871020179,0.12293575,0.0402284813,0.609394921,0.1745873952,0.0528534525,0.0618932911,0.0204798408,0.7945741139,0.0960217449,0.0270310093,-3.5442125331,-0.2770566697,3.0639765068,1.2672378346,-0.5099451385,-4.0860639503,-0.7201968444,5.9394920474,-0.0571650263,-1.0760662264,-2.7101687038,-0.5016071734,4.4574114539,-0.4921895397,-0.753446037
central-technology--purchase-legacy-indexed--tax-plus30--index-adopted--gdp-on--electricity-vat-reduced--ets2-high-market,scenarios/central-technology--purchase-legacy-indexed--tax-plus30--index-adopted--gdp-on--electricity-vat-reduced--ets2-high-market.json,central_technology,False,legacy_indexed,plus30,adopted,on,vat_reduced,high_market,0.2168027602,0.0676941361,0.4106397636,0.2177613222,0.0871020179,0.1102727074,0.0377161192,0.6223548722,0.1792238437,0.0504324575,0.052560062,0.0184804064,0.8061040099,0.0978921653,0.0249633563,-3.5442125331,-0.2770566697,3.0639765068,1.2672378346,-0.5099451385,-5.3523682155,-0.9714330493,7.2354871609,0.4064798256,-1.3181657217,-3.6434916135,-0.701550609,5.6104010598,-0.3051475039,-0.9602113334
central-technology--purchase-legacy-indexed--tax-plus30--index-adopted--gdp-on--electricity-vat-reduced--ets2-off,scenarios/central-technology--purchase-legacy-indexed--tax-plus30--index-adopted--gdp-on--electricity-vat-reduced--ets2-off.json,central_technology,False,legacy_indexed,plus30,adopted,on,vat_reduced,off,0.2168027602,0.0676941361,0.4106397636,0.2177613222,0.0871020179,0.1380356409,0.0431000207,0.5944445588,0.168963,0.0554567795,0.0725286579,0.0226462284,0.7819762683,0.0937099523,0.0291388931,-3.5442125331,-0.2770566697,3.0639765068,1.2672378346,-0.5099451385,-2.5760748591,-0.433042899,4.4444558276,-0.6196045455,-0.8157335239,-1.6466320303,-0.2849684066,3.1976268937,-0.7233688018,-0.5426576552
central-technology--purchase-legacy-indexed--tax-plus30--index-cpi-indexed--gdp-off--electricity-adopted--ets2-adopted,scenarios/central-technology--purchase-legacy-indexed--tax-plus30--index-cpi-indexed--gdp-off--electricity-adopted--ets2-adopted.json,central_technology,False,legacy_indexed,plus30,cpi_indexed,off,adopted,adopted,0.2372446742,0.0695003215,0.3902863193,0.2121285645,0.0908401205,0.1321424404,0.0428476726,0.594433373,0.1748958498,0.0556806643,0.0673414957,0.0220835197,0.7843360112,0.097408276,0.0288306975,-1.5000211275,-0.0964381313,1.0286320736,0.703962062,-0.1361348767,-3.1653949143,-0.4582777182,4.4433372448,-0.0263195683,-0.793345044,-2.1653482498,-0.3412392856,3.4336011821,-0.3535364315,-0.5734772152
central-technology--purchase-legacy-indexed--tax-plus30--index-cpi-indexed--gdp-off--electricity-adopted--ets2-high-market,scenarios/central-technology--purchase-legacy-indexed--tax-plus30--index-cpi-indexed--gdp-off--electricity-adopted--ets2-high-market.json,central_technology,False,legacy_indexed,plus30,cpi_indexed,off,adopted,high_market,0.2372446742,0.0695003215,0.3902863193,0.2121285645,0.0908401205,0.1186279023,0.0402307307,0.6079500319,0.1799772979,0.0532140373,0.0572065904,0.0199516965,0.796631551,0.0995490536,0.0266611084,-1.5000211275,-0.0964381313,1.0286320736,0.703962062,-0.1361348767,-4.5168487206,-0.719971908,5.7950031314,0.4818252394,-1.0400077422,-3.1788387722,-0.5544215988,4.6631551674,-0.1394586725,-0.7904361238
central-technology--purchase-legacy-indexed--tax-plus30--index-cpi-indexed--gdp-off--electricity-adopted--ets2-off,scenarios/central-technology--purchase-legacy-indexed--tax-plus30--index-cpi-indexed--gdp-off--electricity-adopted--ets2-off.json,central_technology,False,legacy_indexed,plus30,cpi_indexed,off,adopted,off,0.2372446742,0.0695003215,0.3902863193,0.2121285645,0.0908401205,0.1482354709,0.0458293997,0.578846178,0.1687733666,0.0583155848,0.0788864779,0.0243890339,0.7708859425,0.0948047381,0.0310338076,-1.5000211275,-0.0964381313,1.0286320736,0.703962062,-0.1361348767,-1.5560918627,-0.1601050007,2.8846177437,-0.638567884,-0.5298529963,-1.0108500253,-0.1106878583,2.0885943117,-0.6138902267,-0.3531662014
central-technology--purchase-legacy-indexed--tax-plus30--index-cpi-indexed--gdp-off--electricity-north-reduction--ets2-adopted,scenarios/central-technology--purchase-legacy-indexed--tax-plus30--index-cpi-indexed--gdp-off--electricity-north-reduction--ets2-adopted.json,central_technology,False,legacy_indexed,plus30,cpi_indexed,off,north_reduction,adopted,0.2356977503,0.0690471534,0.392395534,0.2124552896,0.0904042726,0.1309836167,0.0424719197,0.5964877303,0.1747686731,0.0552880601,0.0666366717,0.0218523844,0.7857617286,0.0971708108,0.0285784045,-1.6547135179,-0.1417549372,1.2395535488,0.7366345691,-0.1797196628,-3.2812772779,-0.4958530011,4.6487729739,-0.0390372359,-0.832605459,-2.235830644,-0.3643528105,3.5761729287,-0.3772829543,-0.5987065199
central-technology--purchase-legacy-indexed--tax-plus30--index-cpi-indexed--gdp-off--electricity-north-reduction--ets2-high-market,scenarios/central-technology--purchase-legacy-indexed--tax-plus30--index-cpi-indexed--gdp-off--electricity-north-reduction--ets2-high-market.json,central_technology,False,legacy_indexed,plus30,cpi_indexed,off,north_reduction,high_market,0.2356977503,0.0690471534,0.392395534,0.2124552896,0.0904042726,0.1175558936,0.0398671763,0.6099544091,0.1797979407,0.0528245803,0.0565917292,0.019737254,0.7979726364,0.0992781019,0.0264202784,-1.6547135179,-0.1417549372,1.2395535488,0.7366345691,-0.1797196628,-4.6240495924,-0.7563273465,5.9954408549,0.4638895248,-1.0789534409,-3.2403248986,-0.5758658507,4.7972637099,-0.1665538387,-0.8145191219
central-technology--purchase-legacy-indexed--tax-plus30--index-cpi-indexed--gdp-off--electricity-north-reduction--ets2-off,scenarios/central-technology--purchase-legacy-indexed--tax-plus30--index-cpi-indexed--gdp-off--electricity-north-reduction--ets2-off.json,central_technology,False,legacy_indexed,plus30,cpi_indexed,off,north_reduction,off,0.2356977503,0.0690471534,0.392395534,0.2124552896,0.0904042726,0.146980537,0.0454414166,0.5809535915,0.1687023126,0.0579221424,0.0780841968,0.0241409957,0.7724014169,0.0946019425,0.0307714481,-1.6547135179,-0.1417549372,1.2395535488,0.7366345691,-0.1797196628,-1.6815852514,-0.1989033169,3.09535909,-0.6456732859,-0.5691972359,-1.0910781328,-0.1354916787,2.2401417544,-0.634169787,-0.3794021558
central-technology--purchase-legacy-indexed--tax-plus30--index-cpi-indexed--gdp-off--electricity-industrial--ets2-adopted,scenarios/central-technology--purchase-legacy-indexed--tax-plus30--index-cpi-indexed--gdp-off--electricity-industrial--ets2-adopted.json,central_technology,False,legacy_indexed,plus30,cpi_indexed,off,industrial,adopted,0.2311925314,0.0677273591,0.3985764369,0.2133771231,0.0891265494,0.1276327248,0.0413853807,0.6024651417,0.1743695297,0.0541472231,0.0646099624,0.0211877589,0.7898842068,0.0964681525,0.0278499194,-2.1052354126,-0.2737343657,1.857643836,0.8288179269,-0.3074919846,-3.6163664706,-0.6045069049,5.2465141163,-0.0789515773,-0.9466891635,-2.4385015794,-0.4308153614,3.9884207451,-0.4475487793,-0.6715550251
central-technology--purchase-legacy-indexed--tax-plus30--index-cpi-indexed--gdp-off--electricity-industrial--ets2-high-market,scenarios/central-technology--purchase-legacy-indexed--tax-plus30--index-cpi-indexed--gdp-off--electricity-industrial--ets2-high-market.json,central_technology,False,legacy_indexed,plus30,cpi_indexed,off,industrial,high_market,0.2311925314,0.0677273591,0.3985764369,0.2133771231,0.0891265494,0.1144586867,0.0388168088,0.6157838655,0.179246634,0.051694005,0.0548251827,0.0191211432,0.8018493952,0.0984787514,0.0257255274,-2.1052354126,-0.2737343657,1.857643836,0.8288179269,-0.3074919846,-4.9337702802,-0.8613640986,6.5783864962,0.4087588553,-1.1920109727,-3.4169795421,-0.637476931,5.1849395891,-0.2464888945,-0.8839942214
central-technology--purchase-legacy-indexed--tax-plus30--index-cpi-indexed--gdp-off--electricity-industrial--ets2-off,scenarios/central-technology--purchase-legacy-indexed--tax-plus30--index-cpi-indexed--gdp-off--electricity-industrial--ets2-off.json,central_technology,False,legacy_indexed,plus30,cpi_indexed,off,industrial,off,0.2311925314,0.0677273591,0.3985764369,0.2133771231,0.0891265494,0.1433481952,0.0443184192,0.5870886085,0.1684672086,0.0567775685,0.0757752179,0.0234271374,0.7767848742,0.0939996084,0.0300131621,-2.1052354126,-0.2737343657,1.857643836,0.8288179269,-0.3074919846,-2.0448194305,-0.3112030539,3.7088607898,-0.6691836852,-0.6836546202,-1.3219760289,-0.2068775078,2.6784874822,-0.6944031939,-0.4552307516
central-technology--purchase-legacy-indexed--tax-plus30--index-cpi-indexed--gdp-off--electricity-vat-reduced--ets2-adopted,scenarios/central-technology--purchase-legacy-indexed--tax-plus30--index-cpi-indexed--gdp-off--electricity-vat-reduced--ets2-adopted.json,central_technology,False,legacy_indexed,plus30,cpi_indexed,off,vat_reduced,adopted,0.2273084346,0.0665895213,0.4039514503,0.2141356282,0.0880149656,0.1247723866,0.0404579055,0.6076121028,0.1739908311,0.053166774,0.0628932952,0.0206248065,0.7934034738,0.095849124,0.0272293004,-2.4936450894,-0.3875181524,2.3951451797,0.9046684304,-0.4186503682,-3.9024002943,-0.6972544248,5.7612102235,-0.1168214348,-1.0447340696,-2.6101682983,-0.487110597,4.3403474497,-0.5094516315,-0.7336169229
central-technology--purchase-legacy-indexed--tax-plus30--index-cpi-indexed--gdp-off--electricity-vat-reduced--ets2-high-market,scenarios/central-technology--purchase-legacy-indexed--tax-plus30--index-cpi-indexed--gdp-off--electricity-vat-reduced--ets2-high-market.json,central_technology,False,legacy_indexed,plus30,cpi_indexed,off,vat_reduced,high_market,0.2273084346,0.0665895213,0.4039514503,0.2141356282,0.0880149656,0.1118180246,0.037921271,0.620800447,0.1787365585,0.050723699,0.0533306086,0.018599887,0.8051577494,0.0977773609,0.025134394,-2.4936450894,-0.3875181524,2.3951451797,0.9046684304,-0.4186503682,-5.1978364944,-0.9509178759,7.0800446397,0.357751299,-1.2890415684,-3.5664369541,-0.6896025498,5.5157750107,-0.3166279454,-0.9431075615
central-technology--purchase-legacy-indexed--tax-plus30--index-cpi-indexed--gdp-off--electricity-vat-reduced--ets2-off,scenarios/central-technology--purchase-legacy-indexed--tax-plus30--index-cpi-indexed--gdp-off--electricity-vat-reduced--ets2-off.json,central_technology,False,legacy_indexed,plus30,cpi_indexed,off,vat_reduced,off,0.2273084346,0.0665895213,0.4039514503,0.2141356282,0.0880149656,0.1402434225,0.0433585284,0.5923750943,0.1682305937,0.0557923612,0.0738170758,0.022821746,0.7805285968,0.0934662918,0.0293662896,-2.4936450894,-0.3875181524,2.3951451797,0.9046684304,-0.4186503682,-2.3552967058,-0.4071921385,4.2375093732,-0.6928451792,-0.7821753498,-1.5177902405,-0.2674166467,3.0528597489,-0.747734854,-0.5199180077
central-technology--purchase-legacy-indexed--tax-plus30--index-cpi-indexed--gdp-on--electricity-adopted--ets2-adopted,scenarios/central-technology--purchase-legacy-indexed--tax-plus30--index-cpi-indexed--gdp-on--electricity-adopted--ets2-adopted.json,central_technology,False,legacy_indexed,plus30,cpi_indexed,on,adopted,adopted,0.2357534446,0.0694976775,0.3912776579,0.2127652032,0.0907060168,0.1273500961,0.0426106626,0.5988422106,0.1762632242,0.0549338065,0.0620352851,0.0216613638,0.7903265282,0.0981420443,0.0278347787,-1.649144094,-0.096702526,1.1277659362,0.7676259314,-0.1495452475,-3.6446293416,-0.4819787126,4.884221004,0.1104178716,-0.8680308213,-2.695969306,-0.3834548713,4.0326528845,-0.2801596081,-0.6730690991
central-technology--purchase-legacy-indexed--tax-plus30--index-cpi-indexed--gdp-on--electricity-adopted--ets2-high-market,scenarios/central-technology--purchase-legacy-indexed--tax-plus30--index-cpi-indexed--gdp-on--electricity-adopted--ets2-high-market.json,central_technology,False,legacy_indexed,plus30,cpi_indexed,on,adopted,high_market,0.2357534446,0.0694976775,0.3912776579,0.2127652032,0.0907060168,0.1145873329,0.0400026808,0.6118064797,0.1810880583,0.0525154483,0.0530936866,0.0195913086,0.8015060427,0.1000120739,0.0257968881,-1.649144094,-0.096702526,1.1277659362,0.7676259314,-0.1495452475,-4.9209056645,-0.7427768942,6.1806479179,0.5929012839,-1.1098666432,-3.590129155,-0.5904603876,5.1506043386,-0.09315664,-0.876858156
central-technology--purchase-legacy-indexed--tax-plus30--index-cpi-indexed--gdp-on--electricity-adopted--ets2-off,scenarios/central-technology--purchase-legacy-indexed--tax-plus30--index-cpi-indexed--gdp-on--electricity-adopted--ets2-off.json,central_technology,False,legacy_indexed,plus30,cpi_indexed,on,adopted,off,0.2357534446,0.0694976775,0.3912776579,0.2127652032,0.0907060168,0.1424876809,0.0455868222,0.5839449012,0.1704587753,0.0575218205,0.0720925459,0.023897287,0.7782409145,0.0958703078,0.0298989448,-1.649144094,-0.096702526,1.1277659362,0.7676259314,-0.1495452475,-2.1308708619,-0.1843627585,3.3944900612,-0.470027019,-0.6092294219,-1.6902432282,-0.1598625483,2.8240915165,-0.5073332566,-0.4666524834
central-technology--purchase-legacy-indexed--tax-plus30--index-cpi-indexed--gdp-on--electricity-north-reduction--ets2-adopted,scenarios/central-technology--purchase-legacy-indexed--tax-plus30--index-cpi-indexed--gdp-on--electricity-north-reduction--ets2-adopted.json,central_technology,False,legacy_indexed,plus30,cpi_indexed,on,north_reduction,adopted,0.2342117249,0.0690431945,0.3933872127,0.2130887973,0.0902690706,0.1262227948,0.0422334736,0.6008814054,0.1761203966,0.0545419295,0.0613780424,0.0214318691,0.7917123617,0.0978901019,0.0275876249,-1.80331606,-0.1421508273,1.3387214143,0.7999853388,-0.1932398659,-3.7573594708,-0.5196976123,5.0881404852,0.0961351178,-0.9072185198,-2.7616935712,-0.4064043462,4.1712362376,-0.3053538443,-0.6977844759
central-technology--purchase-legacy-indexed--tax-plus30--index-cpi-indexed--gdp-on--electricity-north-reduction--ets2-high-market,scenarios/central-technology--purchase-legacy-indexed--tax-plus30--index-cpi-indexed--gdp-on--electricity-north-reduction--ets2-high-market.json,central_technology,False,legacy_indexed,plus30,cpi_indexed,on,north_reduction,high_market,0.2342117249,0.0690431945,0.3933872127,0.2130887973,0.0902690706,0.1135434964,0.0396382753,0.6137966488,0.180894305,0.0521272746,0.0525173279,0.0193786351,0.8028139165,0.0997290317,0.0255610887,-1.80331606,-0.1421508273,1.3387214143,0.7999853388,-0.1932398659,-5.0252893157,-0.7792174481,6.3796648206,0.5735259566,-1.1486840134,-3.6477650237,-0.611727739,5.2813917184,-0.1214608649,-0.9004380907
central-technology--purchase-legacy-indexed--tax-plus30--index-cpi-indexed--gdp-on--electricity-north-reduction--ets2-off,scenarios/central-technology--purchase-legacy-indexed--tax-plus30--index-cpi-indexed--gdp-on--electricity-north-reduction--ets2-off.json,central_technology,False,legacy_indexed,plus30,cpi_indexed,on,north_reduction,off,0.2342117249,0.0690431945,0.3933872127,0.2130887973,0.0902690706,0.1412679794,0.0451965967,0.586036302,0.1703708182,0.0571283035,0.0713483826,0.0236506113,0.7797088701,0.095650517,0.029641619,-1.80331606,-0.1421508273,1.3387214143,0.7999853388,-0.1932398659,-2.2528410064,-0.2233852989,3.6036301484,-0.4788227222,-0.6485811209,-1.7646595543,-0.1845301236,2.9708870761,-0.5293123358,-0.4923850624
central-technology--purchase-legacy-indexed--tax-plus30--index-cpi-indexed--gdp-on--electricity-industrial--ets2-adopted,scenarios/central-technology--purchase-legacy-indexed--tax-plus30--index-cpi-indexed--gdp-on--electricity-industrial--ets2-adopted.json,central_technology,False,legacy_indexed,plus30,cpi_indexed,on,industrial,adopted,0.2297219471,0.0677196544,0.3995688585,0.2140013034,0.0889882366,0.1229639149,0.0411430698,0.6068138437,0.1756756175,0.0534035541,0.0594888751,0.0207722131,0.7957189635,0.09714567,0.0268742782,-2.2522938433,-0.2745048349,1.9568859957,0.8912359495,-0.321323267,-4.0832474609,-0.6287379948,5.6813843102,0.0516572054,-1.0210560599,-2.9506103105,-0.4723699368,4.5718964194,-0.3797970304,-0.7691191417
central-technology--purchase-legacy-indexed--tax-plus30--index-cpi-indexed--gdp-on--electricity-industrial--ets2-high-market,scenarios/central-technology--purchase-legacy-indexed--tax-plus30--index-cpi-indexed--gdp-on--electricity-industrial--ets2-high-market.json,central_technology,False,legacy_indexed,plus30,cpi_indexed,on,industrial,high_market,0.2297219471,0.0677196544,0.3995688585,0.2140013034,0.0889882366,0.110528385,0.0385856935,0.6195840863,0.1803011097,0.0510007254,0.0508619323,0.0187678023,0.8065943042,0.0988948738,0.0248810874,-2.2522938433,-0.2745048349,1.9568859957,0.8912359495,-0.321323267,-5.3268004506,-0.8844756244,6.9584085779,0.5142064249,-1.2613389279,-3.8133045871,-0.6728110219,5.6594304866,-0.2048766485,-0.9684382292
central-technology--purchase-legacy-indexed--tax-plus30--index-cpi-indexed--gdp-on--electricity-industrial--ets2-off,scenarios/central-technology--purchase-legacy-indexed--tax-plus30--index-cpi-indexed--gdp-on--electricity-industrial--ets2-off.json,central_technology,False,legacy_indexed,plus30,cpi_indexed,on,industrial,off,0.2297219471,0.0677196544,0.3995688585,0.2140013034,0.0889882366,0.1377386845,0.0440674511,0.5921236386,0.1700863066,0.0559839192,0.0692076429,0.0229409974,0.78395407,0.0949990345,0.0288982551,-2.2522938433,-0.2745048349,1.9568859957,0.8912359495,-0.321323267,-2.6057705058,-0.3362998626,4.2123638052,-0.5072738842,-0.7630195526,-1.9787335231,-0.255491511,3.3954070694,-0.5944605803,-0.566721455
central-technology--purchase-legacy-indexed--tax-plus30--index-cpi-indexed--gdp-on--electricity-vat-reduced--ets2-adopted,scenarios/central-technology--purchase-legacy-indexed--tax-plus30--index-cpi-indexed--gdp-on--electricity-vat-reduced--ets2-adopted.json,central_technology,False,legacy_indexed,plus30,cpi_indexed,on,vat_reduced,adopted,0.2258515039,0.0665786878,0.4049442129,0.2147515178,0.0878740775,0.1201831369,0.0402126363,0.6119210701,0.1752575224,0.0524256344,0.0578895557,0.0202137658,0.7991386762,0.0964910946,0.0262669077,-2.6393381582,-0.3886014965,2.4944214398,0.9662573954,-0.4327391804,-4.3613252645,-0.7217813441,6.1921069531,0.0098476898,-1.1188480343,-3.1105422488,-0.5282146692,4.9138676814,-0.4452545714,-0.8298561919
central-technology--purchase-legacy-indexed--tax-plus30--index-cpi-indexed--gdp-on--electricity-vat-reduced--ets2-high-market,scenarios/central-technology--purchase-legacy-indexed--tax-plus30--index-cpi-indexed--gdp-on--electricity-vat-reduced--ets2-high-market.json,central_technology,False,legacy_indexed,plus30,cpi_indexed,on,vat_reduced,high_market,0.2258515039,0.0665786878,0.4049442129,0.2147515178,0.0878740775,0.1079585454,0.037688557,0.6245636887,0.1797549775,0.0500342314,0.0494620164,0.0182512402,0.8098200016,0.0981639595,0.0243027823,-2.6393381582,-0.3886014965,2.4944214398,0.9662573954,-0.4327391804,-5.5837844146,-0.974189271,7.4563688111,0.4595932023,-1.3579883279,-3.9532961792,-0.7244672293,5.9820002221,-0.2779680817,-1.0262687319
central-technology--purchase-legacy-indexed--tax-plus30--index-cpi-indexed--gdp-on--electricity-vat-reduced--ets2-off,scenarios/central-technology--purchase-legacy-indexed--tax-plus30--index-cpi-indexed--gdp-on--electricity-vat-reduced--ets2-off.json,central_technology,False,legacy_indexed,plus30,cpi_indexed,on,vat_reduced,off,0.2258515039,0.0665786878,0.4049442129,0.2147515178,0.0878740775,0.1347232575,0.0431027099,0.5973677794,0.1698068949,0.0549993583,0.067393321,0.0223395847,0.787578777,0.0944237657,0.0282645516,-2.6393381582,-0.3886014965,2.4944214398,0.9662573954,-0.4327391804,-2.9073132026,-0.4327739802,4.7367778842,-0.5352150579,-0.8614756435,-2.1601657165,-0.3156327801,3.7578777623,-0.6519874591,-0.6300918066
central-technology--purchase-high-indexed--tax-adopted--index-adopted--gdp-off--electricity-adopted--ets2-adopted,scenarios/central-technology--purchase-high-indexed--tax-adopted--index-adopted--gdp-off--electricity-adopted--ets2-adopted.json,central_technology,False,high_indexed,adopted,adopted,off,adopted,adopted,0.2522448855,0.0704647028,0.3799999985,0.2050889439,0.0922014693,0.1429613971,0.04139727,0.5930102986,0.1671086705,0.0555223637,0.0750061556,0.0214882954,0.7813777263,0.0929955834,0.0291322392,0.0,0.0,0.0,0.0,0.0,-2.0834992378,-0.603317974,4.3010298075,-0.8050374976,-0.809175098,-1.3988822546,-0.4007617095,3.1377726959,-0.7948056913,-0.5433230405
central-technology--purchase-high-indexed--tax-adopted--index-adopted--gdp-off--electricity-adopted--ets2-high-market,scenarios/central-technology--purchase-high-indexed--tax-adopted--index-adopted--gdp-off--electricity-adopted--ets2-high-market.json,central_technology,False,high_indexed,adopted,adopted,off,adopted,high_market,0.2522448855,0.0704647028,0.3799999985,0.2050889439,0.0922014693,0.1271060361,0.0388667349,0.6083101926,0.1727722285,0.052944808,0.0625942081,0.0193705202,0.7957154496,0.0955367057,0.0267831163,0.0,0.0,0.0,0.0,0.0,-3.6690353442,-0.8563714821,5.8310192032,-0.2386817007,-1.0669306762,-2.6400770075,-0.6125392269,4.5715450302,-0.5406934588,-0.778235337
central-technology--purchase-high-indexed--tax-adopted--index-adopted--gdp-off--electricity-adopted--ets2-off,scenarios/central-technology--purchase-high-indexed--tax-adopted--index-adopted--gdp-off--electricity-adopted--ets2-off.json,central_technology,False,high_indexed,adopted,adopted,off,adopted,off,0.2522448855,0.0704647028,0.3799999985,0.2050889439,0.0922014693,0.1621637493,0.0442596484,0.5751017708,0.1602078009,0.0582670306,0.0895834928,0.0237767951,0.7652480247,0.089856123,0.0315355645,0.0,0.0,0.0,0.0,0.0,-0.1632640243,-0.317080134,2.5101770228,-1.4951244537,-0.5347084109,0.0588514603,-0.1719117464,1.5248025376,-1.1087517363,-0.3029905153
central-technology--purchase-high-indexed--tax-adopted--index-adopted--gdp-off--electricity-north-reduction--ets2-adopted,scenarios/central-technology--purchase-high-indexed--tax-adopted--index-adopted--gdp-off--electricity-north-reduction--ets2-adopted.json,central_technology,False,high_indexed,adopted,adopted,off,north_reduction,adopted,0.2506511908,0.0700195036,0.3821048704,0.2054466582,0.091777777,0.1417261761,0.0410395876,0.5950872387,0.1670089324,0.0551380652,0.0742325959,0.0212666806,0.7828357157,0.0927832316,0.0288817762,-0.1593694734,-0.0445199218,0.21048719,0.0357714357,-0.0423692305,-2.207021338,-0.6390862152,4.508723814,-0.8150113045,-0.8476049564,-1.4762382237,-0.4229231961,3.2835716318,-0.81604087,-0.568369342
central-technology--purchase-high-indexed--tax-adopted--index-adopted--gdp-off--electricity-north-reduction--ets2-high-market,scenarios/central-technology--purchase-high-indexed--tax-adopted--index-adopted--gdp-off--electricity-north-reduction--ets2-high-market.json,central_technology,False,high_indexed,adopted,adopted,off,north_reduction,high_market,0.2506511908,0.0700195036,0.3821048704,0.2054466582,0.091777777,0.1259698298,0.0385193035,0.6103312974,0.1726170667,0.0525625026,0.061928481,0.0191645031,0.7970753057,0.0952875082,0.026544202,-0.1593694734,-0.0445199218,0.21048719,0.0357714357,-0.0423692305,-3.7826559737,-0.8911146227,6.0331296892,-0.2541978758,-1.1051612169,-2.7066497195,-0.6331409423,4.7075306372,-0.5656132144,-0.802126761
central-technology--purchase-high-indexed--tax-adopted--index-adopted--gdp-off--electricity-north-reduction--ets2-off,scenarios/central-technology--purchase-high-indexed--tax-adopted--index-adopted--gdp-off--electricity-north-reduction--ets2-off.json,central_technology,False,high_indexed,adopted,adopted,off,north_reduction,off,0.2506511908,0.0700195036,0.3821048704,0.2054466582,0.091777777,0.1608182839,0.0438924281,0.5772378913,0.160167625,0.0578837717,0.0886905315,0.0235397898,0.766812105,0.0896822246,0.031275349,-0.1593694734,-0.0445199218,0.21048719,0.0357714357,-0.0423692305,-0.2978105624,-0.3538021665,2.7237890776,-1.4991420503,-0.5730342984,-0.0304446652,-0.1956122699,1.6812105696,-1.1261415739,-0.3290120608
central-technology--purchase-high-indexed--tax-adopted--index-adopted--gdp-off--electricity-industrial--ets2-adopted,scenarios/central-technology--purchase-high-indexed--tax-adopted--index-adopted--gdp-off--electricity-industrial--ets2-adopted.json,central_technology,False,high_indexed,adopted,adopted,off,industrial,adopted,0.2460066478,0.0687220488,0.3882757136,0.2064610333,0.0905345565,0.1381528965,0.0400048745,0.6011306266,0.1666907763,0.0540208261,0.0720072759,0.0206291551,0.7870515517,0.0921537839,0.0281582335,-0.6238237728,-0.1742654034,0.8275715022,0.1372089469,-0.1666912729,-2.5643493015,-0.7425575192,5.1130626045,-0.846826918,-0.9593288658,-1.69877023,-0.4866757435,3.7051552368,-0.878985646,-0.6407236173
central-technology--purchase-high-indexed--tax-adopted--index-adopted--gdp-off--electricity-industrial--ets2-high-market,scenarios/central-technology--purchase-high-indexed--tax-adopted--index-adopted--gdp-off--electricity-industrial--ets2-high-market.json,central_technology,False,high_indexed,adopted,adopted,off,industrial,high_market,0.2460066478,0.0687220488,0.3882757136,0.2064610333,0.0905345565,0.1226861203,0.0375152043,0.616209253,0.1721371336,0.0514522888,0.060015192,0.0185724131,0.8010060946,0.0945515575,0.0258547427,-0.6238237728,-0.1742654034,0.8275715022,0.1372089469,-0.1666912729,-4.1110269252,-0.9915245412,6.6209252466,-0.3021911836,-1.2161825966,-2.8979786112,-0.6923499376,5.1006095238,-0.6392082837,-0.8710726913
central-technology--purchase-high-indexed--tax-adopted--index-adopted--gdp-off--electricity-industrial--ets2-off,scenarios/central-technology--purchase-high-indexed--tax-adopted--index-adopted--gdp-off--electricity-industrial--ets2-off.json,central_technology,False,high_indexed,adopted,adopted,off,industrial,off,0.2460066478,0.0687220488,0.3882757136,0.2064610333,0.0905345565,0.1569218003,0.0428289537,0.5834573484,0.1600237851,0.0567681125,0.086119088,0.0228572903,0.771336648,0.0891641925,0.0305227812,-0.6238237728,-0.1742654034,0.8275715022,0.1372089469,-0.1666912729,-0.6874589177,-0.4601496041,3.3457347817,-1.5135260393,-0.6846002206,-0.2875890201,-0.2638622168,2.1336648634,-1.1779447792,-0.4042688473
central-technology--purchase-high-indexed--tax-adopted--index-adopted--gdp-off--electricity-vat-reduced--ets2-adopted,scenarios/central-technology--purchase-high-indexed--tax-adopted--index-adopted--gdp-off--electricity-vat-reduced--ets2-adopted.json,central_technology,False,high_indexed,adopted,adopted,off,vat_reduced,adopted,0.2419986989,0.0676024267,0.3936451907,0.2073020563,0.0894516274,0.1351009821,0.039121133,0.6063346901,0.1663831744,0.0530600203,0.0701212503,0.0200888331,0.7906505419,0.0915979529,0.0275414217,-1.0246186625,-0.2862276053,1.3645192156,0.2213112386,-0.2749841864,-2.8695407382,-0.8309316717,5.6334689519,-0.8775871027,-1.0554094394,-1.8873727812,-0.54070794,4.0650542552,-0.9345687423,-0.7024047918
central-technology--purchase-high-indexed--tax-adopted--index-adopted--gdp-off--electricity-vat-reduced--ets2-high-market,scenarios/central-technology--purchase-high-indexed--tax-adopted--index-adopted--gdp-off--electricity-vat-reduced--ets2-high-market.json,central_technology,False,high_indexed,adopted,adopted,off,vat_reduced,high_market,0.2419986989,0.0676024267,0.3936451907,0.2073020563,0.0894516274,0.119885236,0.0366587444,0.6212673664,0.1716896684,0.0504989848,0.0583957622,0.0180712614,0.8043602653,0.0939048761,0.025267835,-1.0246186625,-0.2862276053,1.3645192156,0.2213112386,-0.2749841864,-4.3911153552,-1.0771705349,7.1267365859,-0.3469377039,-1.311512992,-3.0599215929,-0.7424651144,5.4360265996,-0.7038764245,-0.9297634678
central-technology--purchase-high-indexed--tax-adopted--index-adopted--gdp-off--electricity-vat-reduced--ets2-off,scenarios/central-technology--purchase-high-indexed--tax-adopted--index-adopted--gdp-off--electricity-vat-reduced--ets2-off.json,central_technology,False,high_indexed,adopted,adopted,off,vat_reduced,off,0.2419986989,0.0676024267,0.3936451907,0.2073020563,0.0894516274,0.1535887566,0.04191926,0.5888176,0.1598674348,0.0558069486,0.0839366139,0.0222780292,0.7752014167,0.0887037192,0.0298802211,-1.0246186625,-0.2862276053,1.3645192156,0.2213112386,-0.2749841864,-1.0207632902,-0.5511189755,3.8817599437,-1.5291610629,-0.780716615,-0.5058364299,-0.3217883343,2.5201417321,-1.2239921084,-0.4685248596
central-technology--purchase-high-indexed--tax-adopted--index-adopted--gdp-on--electricity-adopted--ets2-adopted,scenarios/central-technology--purchase-high-indexed--tax-adopted--index-adopted--gdp-on--electricity-adopted--ets2-adopted.json,central_technology,False,high_indexed,adopted,adopted,on,adopted,adopted,0.2508489354,0.0704919962,0.380897701,0.2056664529,0.0920949144,0.1387876722,0.04126142,0.5967259985,0.1682739942,0.0549509151,0.0704751068,0.0212303313,0.7862489459,0.0936525113,0.0283931047,-0.1395950086,0.0027293441,0.0897702466,0.0577509026,-0.0106554848,-2.500871728,-0.6169029744,4.6725997957,-0.6885051308,-0.8663199626,-1.8519871318,-0.4265581188,3.6248946543,-0.7291129035,-0.6172365003
central-technology--purchase-high-indexed--tax-adopted--index-adopted--gdp-on--electricity-adopted--ets2-high-market,scenarios/central-technology--purchase-high-indexed--tax-adopted--index-adopted--gdp-on--electricity-adopted--ets2-high-market.json,central_technology,False,high_indexed,adopted,adopted,on,adopted,high_market,0.2508489354,0.0704919962,0.380897701,0.2056664529,0.0920949144,0.1236418381,0.0387257891,0.6115142252,0.1737094357,0.0524087118,0.0591850274,0.0191430371,0.7995704205,0.0959548842,0.0261466308,-0.1395950086,0.0027293441,0.0897702466,0.0577509026,-0.0106554848,-4.0154551375,-0.8704660634,6.1514224674,-0.1449609727,-1.1205402938,-2.9809950728,-0.6352875369,4.9570421143,-0.4988756155,-0.8418838891
central-technology--purchase-high-indexed--tax-adopted--index-adopted--gdp-on--electricity-adopted--ets2-off,scenarios/central-technology--purchase-high-indexed--tax-adopted--index-adopted--gdp-on--electricity-adopted--ets2-off.json,central_technology,False,high_indexed,adopted,adopted,on,adopted,off,0.2508489354,0.0704919962,0.380897701,0.2056664529,0.0920949144,0.1570664408,0.0441378271,0.579471297,0.1616601663,0.0576642687,0.083590454,0.0234900657,0.7714168367,0.0908138322,0.0306888115,-0.1395950086,0.0027293441,0.0897702466,0.0577509026,-0.0106554848,-0.6729948723,-0.329262259,2.9471296474,-1.3498879161,-0.5949845999,-0.5404524206,-0.2005846851,2.1416837324,-1.0129808146,-0.3876658121
central-technology--purchase-high-indexed--tax-adopted--index-adopted--gdp-on--electricity-north-reduction--ets2-adopted,scenarios/central-technology--purchase-high-indexed--tax-adopted--index-adopted--gdp-on--electricity-north-reduction--ets2-adopted.json,central_technology,False,high_indexed,adopted,adopted,on,north_reduction,adopted,0.2492597434,0.0700454114,0.3830031147,0.2060216064,0.0916701241,0.1375789407,0.0409020654,0.5987903586,0.1681618601,0.0545667751,0.0697410453,0.0210091984,0.7876747074,0.0934289713,0.0281460777,-0.298514214,-0.0419291353,0.3003116128,0.0932662526,-0.0531345162,-2.621744884,-0.6528384287,4.8790358089,-0.6997185361,-0.9047339601,-1.9253932858,-0.4486714158,3.7674708044,-0.751466906,-0.6419391968
central-technology--purchase-high-indexed--tax-adopted--index-adopted--gdp-on--electricity-north-reduction--ets2-high-market,scenarios/central-technology--purchase-high-indexed--tax-adopted--index-adopted--gdp-on--electricity-north-reduction--ets2-high-market.json,central_technology,False,high_indexed,adopted,adopted,on,north_reduction,high_market,0.2492597434,0.0700454114,0.3830031147,0.2060216064,0.0916701241,0.1225291532,0.0383772857,0.6135235576,0.1735428874,0.0520271161,0.0585505669,0.0189378248,0.8009039867,0.0956964367,0.025911185,-0.298514214,-0.0419291353,0.3003116128,0.0932662526,-0.0531345162,-4.1267236275,-0.9053164033,6.3523557023,-0.1616158114,-1.1586998602,-3.044441124,-0.6558087763,5.0903987352,-0.5247203664,-0.8654284685
central-technology--purchase-high-indexed--tax-adopted--index-adopted--gdp-on--electricity-north-reduction--ets2-off,scenarios/central-technology--purchase-high-indexed--tax-adopted--index-adopted--gdp-on--electricity-north-reduction--ets2-off.json,central_technology,False,high_indexed,adopted,adopted,on,north_reduction,off,0.2492597434,0.0700454114,0.3830031147,0.2060216064,0.0916701241,0.1557507351,0.0437680958,0.581594181,0.1616066225,0.0572803656,0.0827468326,0.0232529965,0.7729417202,0.0906266919,0.0304317589,-0.298514214,-0.0419291353,0.3003116128,0.0932662526,-0.0531345162,-0.804565437,-0.3662353948,3.1594180426,-1.355242294,-0.6333749167,-0.6248145603,-0.224291605,2.2941720897,-1.0316948472,-0.4133710772
central-technology--purchase-high-indexed--tax-adopted--index-adopted--gdp-on--electricity-industrial--ets2-adopted,scenarios/central-technology--purchase-high-indexed--tax-adopted--index-adopted--gdp-on--electricity-industrial--ets2-adopted.json,central_technology,False,high_indexed,adopted,adopted,on,industrial,adopted,0.2446285863,0.0687439927,0.3891753132,0.2070283284,0.0904237794,0.1340830629,0.0398627449,0.6047963919,0.1678075156,0.0534502847,0.0676299959,0.0203732536,0.7917968559,0.0927671939,0.0274327007,-0.7616299176,-0.1720710089,0.9175314645,0.1939384491,-0.1777689872,-2.9713326624,-0.7567704849,5.4796391355,-0.7351529824,-1.0163830059,-2.1364982235,-0.5122658958,4.1796856596,-0.8176446406,-0.7132768997
central-technology--purchase-high-indexed--tax-adopted--index-adopted--gdp-on--electricity-industrial--ets2-high-market,scenarios/central-technology--purchase-high-indexed--tax-adopted--index-adopted--gdp-on--electricity-industrial--ets2-high-market.json,central_technology,False,high_indexed,adopted,adopted,on,industrial,high_market,0.2446285863,0.0687439927,0.3891753132,0.2070283284,0.0904237794,0.1193140406,0.0373702821,0.6193666768,0.1730297914,0.050919209,0.0567275945,0.0183481954,0.8047584654,0.0949338239,0.0252319207,-0.7616299176,-0.1720710089,0.9175314645,0.1939384491,-0.1777689872,-4.4482348909,-1.0060167614,6.9366676289,-0.2129254028,-1.2694905739,-3.226738364,-0.7147717098,5.4758466039,-0.6009816393,-0.9333548909
central-technology--purchase-high-indexed--tax-adopted--index-adopted--gdp-on--electricity-industrial--ets2-off,scenarios/central-technology--purchase-high-indexed--tax-adopted--index-adopted--gdp-on--electricity-industrial--ets2-off.json,central_technology,False,high_indexed,adopted,adopted,on,industrial,off,0.2446285863,0.0687439927,0.3891753132,0.2070283284,0.0904237794,0.1519414135,0.0426976241,0.5877741455,0.1614236471,0.0561631699,0.0803183765,0.022570567,0.7773521109,0.090070301,0.0296886446,-0.7616299176,-0.1720710089,0.9175314645,0.1939384491,-0.1777689872,-1.185497604,-0.4732825658,3.7774144941,-1.37353984,-0.7450944843,-0.8676601671,-0.292534556,2.7352111585,-1.0873339291,-0.4876825063
central-technology--purchase-high-indexed--tax-adopted--index-adopted--gdp-on--electricity-vat-reduced--ets2-adopted,scenarios/central-technology--purchase-high-indexed--tax-adopted--index-adopted--gdp-on--electricity-vat-reduced--ets2-adopted.json,central_technology,False,high_indexed,adopted,adopted,on,vat_reduced,adopted,0.2406325056,0.0676210391,0.394545689,0.2078625201,0.0893382461,0.1310981713,0.03897534,0.6099674033,0.1674686213,0.0524904642,0.0658415749,0.0198344992,0.7953152915,0.0921837974,0.0268248371,-1.1612379937,-0.2843663668,1.454569048,0.2773576267,-0.2863223143,-3.2698218209,-0.8455109784,5.9967402694,-0.7690424214,-1.1123650488,-2.3153403307,-0.566141333,4.5315292161,-0.8759842953,-0.774063257
central-technology--purchase-high-indexed--tax-adopted--index-adopted--gdp-on--electricity-vat-reduced--ets2-high-market,scenarios/central-technology--purchase-high-indexed--tax-adopted--index-adopted--gdp-on--electricity-vat-reduced--ets2-high-market.json,central_technology,False,high_indexed,adopted,adopted,on,vat_reduced,high_market,0.2406325056,0.0676210391,0.394545689,0.2078625201,0.0893382461,0.1165723978,0.0365115737,0.624394108,0.1725537436,0.0499681769,0.0551851445,0.0178492993,0.8080471575,0.0942644886,0.0246539101,-1.1612379937,-0.2843663668,1.454569048,0.2773576267,-0.2863223143,-4.7223991738,-1.091887599,7.4394107479,-0.2605301894,-1.3645937858,-3.3809833682,-0.7646613182,5.804715818,-0.6679151719,-0.9911559597
central-technology--purchase-high-indexed--tax-adopted--index-adopted--gdp-on--electricity-vat-reduced--ets2-off,scenarios/central-technology--purchase-high-indexed--tax-adopted--index-adopted--gdp-on--electricity-vat-reduced--ets2-off.json,central_technology,False,high_indexed,adopted,adopted,on,vat_reduced,off,0.2406325056,0.0676210391,0.394545689,0.2078625201,0.0893382461,0.148684087,0.0417822706,0.5930992322,0.1612333245,0.0552010857,0.0782583229,0.0219916636,0.7811184877,0.0895770085,0.0290545174,-1.1612379937,-0.2843663668,1.454569048,0.2773576267,-0.2863223143,-1.5112302484,-0.5648179128,4.3099231634,-1.3925720991,-0.8413029031,-1.0736655291,-0.3504248921,3.1118488325,-1.1366631813,-0.55109523
central-technology--purchase-high-indexed--tax-adopted--index-cpi-indexed--gdp-off--electricity-adopted--ets2-adopted,scenarios/central-technology--purchase-high-indexed--tax-adopted--index-cpi-indexed--gdp-off--electricity-adopted--ets2-adopted.json,central_technology,False,high_indexed,adopted,cpi_indexed,off,adopted,adopted,0.2605623879,0.0693069834,0.3751308582,0.2023034918,0.0926962786,0.1404835938,0.0414299599,0.5951543991,0.1677297612,0.055202286,0.0714120705,0.0213434289,0.7852004411,0.0934854096,0.0285586499,0.831750241,-0.1157719369,-0.4869140311,-0.2785452111,0.0494809382,-2.3312795714,-0.6000489866,4.5154398562,-0.7429284263,-0.8411828718,-1.7582907688,-0.4152483575,3.5200441745,-0.7458230744,-0.6006819739
central-technology--purchase-high-indexed--tax-adopted--index-cpi-indexed--gdp-off--electricity-adopted--ets2-high-market,scenarios/central-technology--purchase-high-indexed--tax-adopted--index-cpi-indexed--gdp-off--electricity-adopted--ets2-high-market.json,central_technology,False,high_indexed,adopted,cpi_indexed,off,adopted,high_market,0.2605623879,0.0693069834,0.3751308582,0.2023034918,0.0926962786,0.1250530663,0.0388789933,0.6101584357,0.1732656275,0.0526438772,0.0598939762,0.019236867,0.798737991,0.0958421027,0.026289063,0.831750241,-0.1157719369,-0.4869140311,-0.2785452111,0.0494809382,-3.8743323255,-0.8551456394,6.0158435096,-0.1893417939,-1.0970237508,-2.9101001961,-0.625904547,4.8737991654,-0.51015376,-0.8276406623
central-technology--purchase-high-indexed--tax-adopted--index-cpi-indexed--gdp-off--electricity-adopted--ets2-off,scenarios/central-technology--purchase-high-indexed--tax-adopted--index-cpi-indexed--gdp-off--electricity-adopted--ets2-off.json,central_technology,False,high_indexed,adopted,cpi_indexed,off,adopted,off,0.2605623879,0.0693069834,0.3751308582,0.2023034918,0.0926962786,0.1591313295,0.0443235317,0.5776243718,0.1609902023,0.0579305647,0.0848220363,0.0236258456,0.7700941623,0.0905791309,0.0308788249,0.831750241,-0.1157719369,-0.4869140311,-0.2785452111,0.0494809382,-0.466506003,-0.3106918009,2.7624371241,-1.4168843189,-0.5683550014,-0.4172941853,-0.1870066933,2.0094162975,-1.0364509459,-0.368664473
central-technology--purchase-high-indexed--tax-adopted--index-cpi-indexed--gdp-off--electricity-north-reduction--ets2-adopted,scenarios/central-technology--purchase-high-indexed--tax-adopted--index-cpi-indexed--gdp-off--electricity-north-reduction--ets2-adopted.json,central_technology,False,high_indexed,adopted,cpi_indexed,off,north_reduction,adopted,0.2589394973,0.0688753108,0.377231929,0.2026746275,0.0922786354,0.1392642947,0.0410703769,0.597224237,0.1676230483,0.0548180431,0.0706698799,0.0211216052,0.7866332591,0.09326442,0.0283108358,0.6694611757,-0.1589392015,-0.2768069531,-0.2414316352,0.0077166141,-2.453209477,-0.6360072858,4.7224236491,-0.7535997207,-0.8796071656,-1.8325098238,-0.4374307297,3.6633259774,-0.7679220364,-0.6254633875
central-technology--purchase-high-indexed--tax-adopted--index-cpi-indexed--gdp-off--electricity-north-reduction--ets2-high-market,scenarios/central-technology--purchase-high-indexed--tax-adopted--index-cpi-indexed--gdp-off--electricity-north-reduction--ets2-high-market.json,central_technology,False,high_indexed,adopted,cpi_indexed,off,north_reduction,high_market,0.2589394973,0.0688753108,0.377231929,0.2026746275,0.0922786354,0.1239309547,0.0385301289,0.6121728899,0.1731040768,0.0522619497,0.0592530457,0.0190310117,0.8000773295,0.0955857817,0.0260528315,0.6694611757,-0.1589392015,-0.2768069531,-0.2414316352,0.0077166141,-3.9865434789,-0.8900320825,6.2172889311,-0.2054968639,-1.1352165058,-2.9741932489,-0.6464900819,5.0077330153,-0.5357858644,-0.8512638201
central-technology--purchase-high-indexed--tax-adopted--index-cpi-indexed--gdp-off--electricity-north-reduction--ets2-off,scenarios/central-technology--purchase-high-indexed--tax-adopted--index-cpi-indexed--gdp-off--electricity-north-reduction--ets2-off.json,central_technology,False,high_indexed,adopted,cpi_indexed,off,north_reduction,off,0.2589394973,0.0688753108,0.377231929,0.2026746275,0.0922786354,0.1578038203,0.0439537749,0.5797530295,0.1609424832,0.057546892,0.0839683198,0.0233880563,0.7716276047,0.0903949873,0.030621032,0.6694611757,-0.1589392015,-0.2768069531,-0.2414316352,0.0077166141,-0.599256917,-0.3476674823,2.9753028949,-1.4216562248,-0.6067222708,-0.5026658372,-0.2107856257,2.1627605357,-1.054865307,-0.3944437659
central-technology--purchase-high-indexed--tax-adopted--index-cpi-indexed--gdp-off--electricity-industrial--ets2-adopted,scenarios/central-technology--purchase-high-indexed--tax-adopted--index-cpi-indexed--gdp-off--electricity-industrial--ets2-adopted.json,central_technology,False,high_indexed,adopted,cpi_indexed,off,industrial,adopted,0.2542084675,0.0676169043,0.3833928784,0.2037290874,0.0910526624,0.1357375161,0.040030296,0.6032465246,0.1672845344,0.0537011288,0.0685353081,0.0204836307,0.790775914,0.0926100149,0.0275951323,0.1963581967,-0.2847798518,0.3392879866,-0.1359856479,-0.1148806837,-2.8058873392,-0.7400153716,5.3246524057,-0.7874511061,-0.9912985888,-2.0459670029,-0.5012281816,4.0775914616,-0.8333625417,-0.6970337354
central-technology--purchase-high-indexed--tax-adopted--index-cpi-indexed--gdp-off--electricity-industrial--ets2-high-market,scenarios/central-technology--purchase-high-indexed--tax-adopted--index-cpi-indexed--gdp-off--electricity-industrial--ets2-high-market.json,central_technology,False,high_indexed,adopted,cpi_indexed,off,industrial,high_market,0.2542084675,0.0676169043,0.3833928784,0.2037290874,0.0910526624,0.1206883328,0.0375219979,0.6180311562,0.1726055409,0.0511529723,0.0574113803,0.0184395019,0.8039485578,0.0948293013,0.0253712587,0.1963581967,-0.2847798518,0.3392879866,-0.1359856479,-0.1148806837,-4.3108056718,-0.9908451854,6.8031155645,-0.2553504607,-1.2461142467,-3.1583597834,-0.7056410577,5.3948558435,-0.6114339073,-0.9194210952
central-technology--purchase-high-indexed--tax-adopted--index-cpi-indexed--gdp-off--electricity-industrial--ets2-off,scenarios/central-technology--purchase-high-indexed--tax-adopted--index-cpi-indexed--gdp-off--electricity-industrial--ets2-off.json,central_technology,False,high_indexed,adopted,cpi_indexed,off,industrial,off,0.2542084675,0.0676169043,0.3833928784,0.2037290874,0.0910526624,0.1539598982,0.0428831108,0.5859502056,0.1607765646,0.0564302208,0.0815106022,0.0227034976,0.7760629108,0.0898472793,0.02987571,0.1963581967,-0.2847798518,0.3392879866,-0.1359856479,-0.1148806837,-0.9836491269,-0.4547338933,3.5950205075,-1.4382480918,-0.7183893956,-0.7484375964,-0.2792414879,2.6062911447,-1.1096360984,-0.468975962
central-technology--purchase-high-indexed--tax-adopted--index-cpi-indexed--gdp-off--electricity-vat-reduced--ets2-adopted,scenarios/central-technology--purchase-high-indexed--tax-adopted--index-cpi-indexed--gdp-off--electricity-vat-reduced--ets2-adopted.json,central_technology,False,high_indexed,adopted,cpi_indexed,off,vat_reduced,adopted,0.2501242019,0.0665305306,0.3887552545,0.2046058603,0.0899841528,0.1327258407,0.039142124,0.6084319047,0.1669593344,0.0527407962,0.06672679,0.0199431061,0.7943119727,0.0920329075,0.0269852237,-0.2120683668,-0.3934172237,0.8755255948,-0.0483083606,-0.2217316437,-3.1070548791,-0.8288325691,5.8431904121,-0.8199711116,-1.0873318522,-2.2268188206,-0.5552806393,4.431197335,-0.8910732828,-0.7580245922
central-technology--purchase-high-indexed--tax-adopted--index-cpi-indexed--gdp-off--electricity-vat-reduced--ets2-high-market,scenarios/central-technology--purchase-high-indexed--tax-adopted--index-cpi-indexed--gdp-off--electricity-vat-reduced--ets2-high-market.json,central_technology,False,high_indexed,adopted,cpi_indexed,off,vat_reduced,high_market,0.2501242019,0.0665305306,0.3887552545,0.2046058603,0.0899841528,0.1179229116,0.0366622286,0.6230719174,0.1721420475,0.0502008949,0.0558529934,0.0179389761,0.8072516158,0.09416518,0.0247912348,-0.2120683668,-0.3934172237,0.8755255948,-0.0483083606,-0.2217316437,-4.5873477877,-1.0768221183,7.3071916843,-0.3016997955,-1.3413219828,-3.3141984786,-0.7556936415,5.7251616418,-0.6778460343,-0.9774234875
central-technology--purchase-high-indexed--tax-adopted--index-cpi-indexed--gdp-off--electricity-vat-reduced--ets2-off,scenarios/central-technology--purchase-high-indexed--tax-adopted--index-cpi-indexed--gdp-off--electricity-vat-reduced--ets2-off.json,central_technology,False,high_indexed,adopted,cpi_indexed,off,vat_reduced,off,0.2501242019,0.0665305306,0.3887552545,0.2046058603,0.0899841528,0.1506724797,0.041967452,0.5912906004,0.1606010537,0.0554684141,0.0794254893,0.0221227222,0.7798507508,0.0893614184,0.0292396192,-0.2120683668,-0.3934172237,0.8755255948,-0.0483083606,-0.2217316437,-1.3123909781,-0.5462997711,4.1290599849,-1.455799177,-0.8145700588,-0.9569488835,-0.337319031,2.9850751488,-1.1582221912,-0.532585043
central-technology--purchase-high-indexed--tax-adopted--index-cpi-indexed--gdp-on--electricity-adopted--ets2-adopted,scenarios/central-technology--purchase-high-indexed--tax-adopted--index-cpi-indexed--gdp-on--electricity-adopted--ets2-adopted.json,central_technology,False,high_indexed,adopted,cpi_indexed,on,adopted,adopted,0.2592271359,0.0693294358,0.3759821393,0.2028595109,0.092601778,0.1362313714,0.0412858045,0.5989634598,0.1689112153,0.054608149,0.0666808404,0.0210456319,0.7903726479,0.0941494691,0.0277514106,0.6982250371,-0.113526697,-0.4017859233,-0.2229432941,0.0400308774,-2.756501808,-0.6144645266,4.8963459262,-0.6247830144,-0.9005965772,-2.2314137716,-0.445028062,4.0372648569,-0.6794171194,-0.6814059039
central-technology--purchase-high-indexed--tax-adopted--index-cpi-indexed--gdp-on--electricity-adopted--ets2-high-market,scenarios/central-technology--purchase-high-indexed--tax-adopted--index-cpi-indexed--gdp-on--electricity-adopted--ets2-high-market.json,central_technology,False,high_indexed,adopted,cpi_indexed,on,adopted,high_market,0.2592271359,0.0693294358,0.3759821393,0.2028595109,0.092601778,0.1215168846,0.0387311658,0.6134489171,0.1742158107,0.0520872218,0.0563038683,0.0189778948,0.8028647418,0.0962602284,0.0255932667,0.6982250371,-0.113526697,-0.4017859233,-0.2229432941,0.0400308774,-4.2279504899,-0.8699283942,6.3448916542,-0.0943234773,-1.1526892928,-3.269110989,-0.6518017758,5.2864742452,-0.4683411896,-0.8972202908
central-technology--purchase-high-indexed--tax-adopted--index-cpi-indexed--gdp-on--electricity-adopted--ets2-off,scenarios/central-technology--purchase-high-indexed--tax-adopted--index-cpi-indexed--gdp-on--electricity-adopted--ets2-off.json,central_technology,False,high_indexed,adopted,cpi_indexed,on,adopted,off,0.2592271359,0.0693294358,0.3759821393,0.2028595109,0.092601778,0.1539498299,0.0441912745,0.5820942086,0.1624622572,0.0573024297,0.0786226359,0.0232879185,0.7765844831,0.0915509741,0.0299539885,0.6982250371,-0.113526697,-0.4017859233,-0.2229432941,0.0400308774,-0.9846559628,-0.3239175221,3.2094208066,-1.2696788236,-0.6311684981,-1.0372342217,-0.2207994056,2.6584483711,-0.9392666257,-0.461148118
central-technology--purchase-high-indexed--tax-adopted--index-cpi-indexed--gdp-on--electricity-north-reduction--ets2-adopted,scenarios/central-technology--purchase-high-indexed--tax-adopted--index-cpi-indexed--gdp-on--electricity-north-reduction--ets2-adopted.json,central_technology,False,high_indexed,adopted,cpi_indexed,on,north_reduction,adopted,0.2576083253,0.0688964903,0.3780838152,0.2032283246,0.0921830446,0.1350393356,0.0409245502,0.6010202473,0.1687916974,0.0542241695,0.0659804815,0.0208245864,0.7917709296,0.0939164615,0.027507541,0.5363439782,-0.1568212481,-0.1916183348,-0.1860619282,-0.001842467,-2.875705393,-0.6505899495,5.1020246783,-0.6367348095,-0.9389945264,-2.3014496649,-0.4671326069,4.1770930272,-0.7027178861,-0.7057928693
central-technology--purchase-high-indexed--tax-adopted--index-cpi-indexed--gdp-on--electricity-north-reduction--ets2-high-market,scenarios/central-technology--purchase-high-indexed--tax-adopted--index-cpi-indexed--gdp-on--electricity-north-reduction--ets2-high-market.json,central_technology,False,high_indexed,adopted,cpi_indexed,on,north_reduction,high_market,0.2576083253,0.0688964903,0.3780838152,0.2032283246,0.0921830446,0.1204189842,0.0383812312,0.6154511741,0.1740425064,0.0517061041,0.0556962333,0.0187730841,0.8041757672,0.0959939604,0.025360955,0.5363439782,-0.1568212481,-0.1916183348,-0.1860619282,-0.001842467,-4.3377405266,-0.9049218532,6.5451173541,-0.1116539092,-1.1908010651,-3.3298744866,-0.6722828421,5.4175767839,-0.4949679942,-0.9204514611
central-technology--purchase-high-indexed--tax-adopted--index-cpi-indexed--gdp-on--electricity-north-reduction--ets2-off,scenarios/central-technology--purchase-high-indexed--tax-adopted--index-cpi-indexed--gdp-on--electricity-north-reduction--ets2-off.json,central_technology,False,high_indexed,adopted,cpi_indexed,on,north_reduction,off,0.2576083253,0.0688964903,0.3780838152,0.2032283246,0.0921830446,0.1526529586,0.0438190078,0.584209099,0.1624007107,0.0569182239,0.0778208875,0.0230504417,0.7780761199,0.091352614,0.0296999369,0.5363439782,-0.1568212481,-0.1916183348,-0.1860619282,-0.001842467,-1.1143430884,-0.3611441912,3.4209098411,-1.2758334743,-0.6695890873,-1.1174090644,-0.2445470856,2.8076120605,-0.959102638,-0.4865532724
central-technology--purchase-high-indexed--tax-adopted--index-cpi-indexed--gdp-on--electricity-industrial--ets2-adopted,scenarios/central-technology--purchase-high-indexed--tax-adopted--index-cpi-indexed--gdp-on--electricity-industrial--ets2-adopted.json,central_technology,False,high_indexed,adopted,cpi_indexed,on,industrial,adopted,0.252889445,0.0676344415,0.3842463166,0.204275833,0.0909539638,0.1315921962,0.0398798722,0.6070038028,0.1684158135,0.0531083153,0.0639668788,0.0201890584,0.7958132293,0.0932273512,0.0268034823,0.0644559528,-0.283026132,0.4246318089,-0.0813110846,-0.1247505451,-3.2204193322,-0.7550577541,5.7003802274,-0.6743231996,-1.0505799415,-2.5028099375,-0.5306854078,4.5813229946,-0.7716289169,-0.7761987324
central-technology--purchase-high-indexed--tax-adopted--index-cpi-indexed--gdp-on--electricity-industrial--ets2-high-market,scenarios/central-technology--purchase-high-indexed--tax-adopted--index-cpi-indexed--gdp-on--electricity-industrial--ets2-high-market.json,central_technology,False,high_indexed,adopted,cpi_indexed,on,industrial,high_market,0.252889445,0.0676344415,0.3842463166,0.204275833,0.0909539638,0.1172469534,0.0373702075,0.6212733609,0.1735097485,0.0505997297,0.0539507117,0.0181847351,0.8079648386,0.0952088254,0.0246908892,0.0644559528,-0.283026132,0.4246318089,-0.0813110846,-0.1247505451,-4.654943611,-1.006024225,7.1273360374,-0.1649296978,-1.3014385037,-3.5044266432,-0.7311177421,5.7964839235,-0.5734814961,-0.9874580421
central-technology--purchase-high-indexed--tax-adopted--index-cpi-indexed--gdp-on--electricity-industrial--ets2-off,scenarios/central-technology--purchase-high-indexed--tax-adopted--index-cpi-indexed--gdp-on--electricity-industrial--ets2-off.json,central_technology,False,high_indexed,adopted,cpi_indexed,on,industrial,off,0.252889445,0.0676344415,0.3842463166,0.204275833,0.0909539638,0.1488987377,0.0427413593,0.5903652286,0.162194327,0.0558003474,0.0755136923,0.0223670536,0.782389747,0.0907637539,0.0289657533,0.0644559528,-0.283026132,0.4246318089,-0.0813110846,-0.1247505451,-1.4897651795,-0.4689090435,4.0365228018,-1.2964718511,-0.7813767276,-1.3481285848,-0.3128858956,3.2389747611,-1.0179886441,-0.5599716366
central-technology--purchase-high-indexed--tax-adopted--index-cpi-indexed--gdp-on--electricity-vat-reduced--ets2-adopted,scenarios/central-technology--purchase-high-indexed--tax-adopted--index-cpi-indexed--gdp-on--electricity-vat-reduced--ets2-adopted.json,central_technology,False,high_indexed,adopted,cpi_indexed,on,vat_reduced,adopted,0.2488159751,0.0665450055,0.3896097755,0.2051463871,0.0898828568,0.128649453,0.0389880547,0.612154935,0.1680583137,0.0521492436,0.0622616248,0.0196508506,0.7992630508,0.0926206789,0.0262037949,-0.3428910389,-0.3919697308,0.9609776955,0.0057443209,-0.2318612467,-3.514693652,-0.8442395035,6.2154934412,-0.7100731728,-1.1464871129,-2.6733353369,-0.5845061869,4.9263051439,-0.8322961414,-0.8361674788
central-technology--purchase-high-indexed--tax-adopted--index-cpi-indexed--gdp-on--electricity-vat-reduced--ets2-high-market,scenarios/central-technology--purchase-high-indexed--tax-adopted--index-cpi-indexed--gdp-on--electricity-vat-reduced--ets2-high-market.json,central_technology,False,high_indexed,adopted,cpi_indexed,on,vat_reduced,high_market,0.2488159751,0.0665450055,0.3896097755,0.2051463871,0.0898828568,0.1145424753,0.0365082072,0.6262823609,0.1730167713,0.0496501853,0.052474232,0.0176870699,0.8111974315,0.0945203769,0.0241208897,-0.3428910389,-0.3919697308,0.9609776955,0.0057443209,-0.2318612467,-4.9253914204,-1.0922242537,7.6282360357,-0.2142274218,-1.3963929398,-3.65207462,-0.7808842653,6.1197432174,-0.642326339,-1.0444579931
central-technology--purchase-high-indexed--tax-adopted--index-cpi-indexed--gdp-on--electricity-vat-reduced--ets2-off,scenarios/central-technology--purchase-high-indexed--tax-adopted--index-cpi-indexed--gdp-on--electricity-vat-reduced--ets2-off.json,central_technology,False,high_indexed,adopted,cpi_indexed,on,vat_reduced,off,0.2488159751,0.0665450055,0.3896097755,0.2051463871,0.0898828568,0.1456892036,0.041820063,0.5956691094,0.1619837088,0.0548379152,0.0735573548,0.021787589,0.78607279,0.090242719,0.028339547,-0.3428910389,-0.3919697308,0.9609776955,0.0057443209,-0.2318612467,-1.8107185955,-0.5610386712,4.5669108847,-1.3175336679,-0.87761995,-1.5437623324,-0.3708323471,3.6072790709,-1.0700921285,-0.6225922628
central-technology--purchase-high-indexed--tax-plus30--index-adopted--gdp-off--electricity-adopted--ets2-adopted,scenarios/central-technology--purchase-high-indexed--tax-plus30--index-adopted--gdp-off--electricity-adopted--ets2-adopted.json,central_technology,False,high_indexed,plus30,adopted,off,adopted,adopted,0.2280028026,0.0707116599,0.3959251821,0.2152404537,0.0901199017,0.1286866245,0.0408470786,0.6059033154,0.171083954,0.0534790275,0.0673812682,0.0210307537,0.7896349101,0.0940891631,0.0278639049,-2.4242082948,0.0246957064,1.5925183599,1.0151509856,-0.2081567572,-3.5109764976,-0.6583371183,5.5903314794,-0.4075091454,-1.0135087182,-2.1613709914,-0.4465158786,3.9634910717,-0.6854477256,-0.6701564761
central-technology--purchase-high-indexed--tax-plus30--index-adopted--gdp-off--electricity-adopted--ets2-high-market,scenarios/central-technology--purchase-high-indexed--tax-plus30--index-adopted--gdp-off--electricity-adopted--ets2-high-market.json,central_technology,False,high_indexed,plus30,adopted,off,adopted,high_market,0.2280028026,0.0707116599,0.3959251821,0.2152404537,0.0901199017,0.1152108659,0.0383152428,0.6194692482,0.1759720078,0.0510326353,0.0568367108,0.0189697263,0.8022727234,0.0962303863,0.0256904532,-2.4242082948,0.0246957064,1.5925183599,1.0151509856,-0.2081567572,-4.8585523627,-0.9115206933,6.9469247661,0.0812962305,-1.2581479405,-3.2158267372,-0.6526186223,5.2272724098,-0.4713254005,-0.8875016498
central-technology--purchase-high-indexed--tax-plus30--index-adopted--gdp-off--electricity-adopted--ets2-off,scenarios/central-technology--purchase-high-indexed--tax-plus30--index-adopted--gdp-off--electricity-adopted--ets2-off.json,central_technology,False,high_indexed,plus30,adopted,off,adopted,off,0.2280028026,0.0707116599,0.3959251821,0.2152404537,0.0901199017,0.1448099501,0.0437341644,0.5901977252,0.16515595,0.0561022103,0.0795378514,0.0232632008,0.7756643324,0.0914520632,0.0300825522,-2.4242082948,0.0246957064,1.5925183599,1.0151509856,-0.2081567572,-1.8986439419,-0.3696285369,4.0197724691,-1.0003095479,-0.7511904424,-0.9457126747,-0.2232711738,2.5664333086,-0.9491577161,-0.448291744
central-technology--purchase-high-indexed--tax-plus30--index-adopted--gdp-off--electricity-north-reduction--ets2-adopted,scenarios/central-technology--purchase-high-indexed--tax-plus30--index-adopted--gdp-off--electricity-north-reduction--ets2-adopted.json,central_technology,False,high_indexed,plus30,adopted,off,north_reduction,adopted,0.2264924312,0.0702432407,0.3980367964,0.2155494093,0.0896781224,0.1275438188,0.0404843347,0.6079354475,0.1709403998,0.0530959991,0.0666745693,0.0208101819,0.7910380452,0.0938577358,0.0276194678,-2.5752454362,-0.0221462046,1.8036797846,1.0460465415,-0.2523346853,-3.6252570729,-0.6946114992,5.7935446949,-0.4218645628,-1.05181156,-2.2320408887,-0.4685730652,4.1038045895,-0.7085904524,-0.6946001831
central-technology--purchase-high-indexed--tax-plus30--index-adopted--gdp-off--electricity-north-reduction--ets2-high-market,scenarios/central-technology--purchase-high-indexed--tax-plus30--index-adopted--gdp-off--electricity-north-reduction--ets2-high-market.json,central_technology,False,high_indexed,plus30,adopted,off,north_reduction,high_market,0.2264924312,0.0702432407,0.3980367964,0.2155494093,0.0896781224,0.1141567543,0.0379646809,0.6214485285,0.1757766531,0.0506533831,0.0562240334,0.0187652401,0.8035877372,0.0959654094,0.0254575799,-2.5752454362,-0.0221462046,1.8036797846,1.0460465415,-0.2523346853,-4.9639635174,-0.9465768832,7.1448527918,0.0617607679,-1.2960731591,-3.277094476,-0.6730672411,5.35877379,-0.4978230961,-0.9107889768
central-technology--purchase-high-indexed--tax-plus30--index-adopted--gdp-off--electricity-north-reduction--ets2-off,scenarios/central-technology--purchase-high-indexed--tax-plus30--index-adopted--gdp-off--electricity-north-reduction--ets2-off.json,central_technology,False,high_indexed,plus30,adopted,off,north_reduction,off,0.2264924312,0.0702432407,0.3980367964,0.2155494093,0.0896781224,0.1435683435,0.0433591858,0.5922864526,0.1650683994,0.0557176187,0.0787282167,0.0230263991,0.7771618317,0.0912555941,0.0298279583,-2.5752454362,-0.0221462046,1.8036797846,1.0460465415,-0.2523346853,-2.0228046006,-0.4071263929,4.2286452085,-1.0090646112,-0.7896496039,-1.0266761454,-0.2469513392,2.7161832404,-0.9688046236,-0.4737511322
central-technology--purchase-high-indexed--tax-plus30--index-adopted--gdp-off--electricity-industrial--ets2-adopted,scenarios/central-technology--purchase-high-indexed--tax-plus30--index-adopted--gdp-off--electricity-industrial--ets2-adopted.json,central_technology,False,high_indexed,plus30,adopted,off,industrial,adopted,0.222095173,0.0688794969,0.4042233133,0.2164184128,0.088383604,0.1242404218,0.0394357866,0.6138459284,0.1704944164,0.0519834468,0.0646426467,0.0201759869,0.7950944481,0.0931731822,0.0269137362,-3.0149712477,-0.1585205897,2.4223314703,1.1329468906,-0.3817865234,-3.9555967754,-0.7994663108,6.3845927855,-0.4664629047,-1.1630667947,-2.4352331456,-0.5319925649,4.5094448722,-0.7770458139,-0.7651733478
central-technology--purchase-high-indexed--tax-plus30--index-adopted--gdp-off--electricity-industrial--ets2-high-market,scenarios/central-technology--purchase-high-indexed--tax-plus30--index-adopted--gdp-off--electricity-industrial--ets2-high-market.json,central_technology,False,high_indexed,plus30,adopted,off,industrial,high_market,0.222095173,0.0688794969,0.4042233133,0.2164184128,0.088383604,0.111112349,0.0369522145,0.6272028215,0.1751797297,0.0495528853,0.0544639614,0.0181778014,0.8073883829,0.0951839871,0.0247858671,-3.0149712477,-0.1585205897,2.4223314703,1.1329468906,-0.3817865234,-5.2684040503,-1.0478235221,7.7202820931,0.0020684194,-1.4061229401,-3.453101677,-0.7318111125,5.7388383607,-0.5759653193,-0.9779602518
central-technology--purchase-high-indexed--tax-plus30--index-adopted--gdp-off--electricity-industrial--ets2-off,scenarios/central-technology--purchase-high-indexed--tax-plus30--index-adopted--gdp-off--electricity-industrial--ets2-off.json,central_technology,False,high_indexed,plus30,adopted,off,industrial,off,0.222095173,0.0688794969,0.4042233133,0.2164184128,0.088383604,0.1399758341,0.0422742093,0.5983647243,0.1647859799,0.0545992523,0.0763982,0.0223449167,0.7814925201,0.0906722,0.0290921631,-3.0149712477,-0.1585205897,2.4223314703,1.1329468906,-0.3817865234,-2.3820555369,-0.5156240444,4.8364723783,-1.0373065528,-0.9014862442,-1.2596778138,-0.3150995793,3.1492520797,-1.0271440312,-0.5473306554
central-technology--purchase-high-indexed--tax-plus30--index-adopted--gdp-off--electricity-vat-reduced--ets2-adopted,scenarios/central-technology--purchase-high-indexed--tax-plus30--index-adopted--gdp-off--electricity-vat-reduced--ets2-adopted.json,central_technology,False,high_indexed,plus30,adopted,off,vat_reduced,adopted,0.2183059601,0.0677043292,0.4096015025,0.2171300868,0.0872581215,0.1214220181,0.0385411827,0.6189325631,0.1700763848,0.0510278513,0.0629217709,0.0196388745,0.7985563888,0.0925703832,0.0263125827,-3.3938925442,-0.2760373638,2.9601503903,1.20411429,-0.4943347723,-4.2374371456,-0.8889267018,6.8932562567,-0.5082660682,-1.2586263412,-2.6073207247,-0.5857038052,4.8556389441,-0.8373257176,-0.8252886965
central-technology--purchase-high-indexed--tax-plus30--index-adopted--gdp-off--electricity-vat-reduced--ets2-high-market,scenarios/central-technology--purchase-high-indexed--tax-plus30--index-adopted--gdp-off--electricity-vat-reduced--ets2-high-market.json,central_technology,False,high_indexed,plus30,adopted,off,vat_reduced,high_market,0.2183059601,0.0677043292,0.4096015025,0.2171300868,0.0872581215,0.1085179972,0.0360894207,0.632152138,0.1746315135,0.0486089307,0.0529750974,0.0176808806,0.8106309043,0.094498683,0.0242144347,-3.3938925442,-0.2760373638,2.9601503903,1.20411429,-0.4943347723,-5.5278392354,-1.1341029024,8.2152137424,-0.052753202,-1.5005184026,-3.6019880778,-0.7815031906,6.0630904998,-0.644495735,-1.0351034963
central-technology--purchase-high-indexed--tax-plus30--index-adopted--gdp-off--electricity-vat-reduced--ets2-off,scenarios/central-technology--purchase-high-indexed--tax-plus30--index-adopted--gdp-off--electricity-vat-reduced--ets2-off.json,central_technology,False,high_indexed,plus30,adopted,off,vat_reduced,off,0.2183059601,0.0677043292,0.4096015025,0.2171300868,0.0872581215,0.1369065987,0.0413472671,0.6035995151,0.1645094693,0.0536371498,0.0744223624,0.0217670245,0.7851902555,0.0901558275,0.0284645301,-3.3938925442,-0.2760373638,2.9601503903,1.20411429,-0.4943347723,-2.688979077,-0.6083182587,5.3599514503,-1.0649576191,-0.9976964955,-1.4572615747,-0.3728888031,3.5190256141,-1.0787812802,-0.6100939561
central-technology--purchase-high-indexed--tax-plus30--index-adopted--gdp-on--electricity-adopted--ets2-adopted,scenarios/central-technology--purchase-high-indexed--tax-plus30--index-adopted--gdp-on--electricity-adopted--ets2-adopted.json,central_technology,False,high_indexed,plus30,adopted,on,adopted,adopted,0.2264623192,0.0707102209,0.3969627608,0.2158943062,0.0899703929,0.1241235626,0.0406171713,0.610142558,0.1723463968,0.0527703113,0.0624707629,0.0206709201,0.7951206523,0.0947580494,0.0269796153,-2.5782566318,0.024551807,1.696276224,1.0805362332,-0.2231076323,-3.9672826882,-0.6813278435,6.0142557486,-0.2812648705,-1.0843803465,-2.6524215261,-0.482499238,4.5120652945,-0.6185590904,-0.7585854399
central-technology--purchase-high-indexed--tax-plus30--index-adopted--gdp-on--electricity-adopted--ets2-high-market,scenarios/central-technology--purchase-high-indexed--tax-plus30--index-adopted--gdp-on--electricity-adopted--ets2-high-market.json,central_technology,False,high_indexed,plus30,adopted,on,adopted,high_market,0.2264623192,0.0707102209,0.3969627608,0.2158943062,0.0899703929,0.111379848,0.03809479,0.623163825,0.1769895627,0.0503719742,0.0530741356,0.0186611575,0.8066907122,0.0966469785,0.0249270161,-2.5782566318,0.024551807,1.696276224,1.0805362332,-0.2231076323,-5.2416541468,-0.9335659731,7.3163824431,0.1830517279,-1.3242140511,-3.5920842526,-0.6834754986,5.6690712901,-0.4296661825,-0.9638453564
central-technology--purchase-high-indexed--tax-plus30--index-adopted--gdp-on--electricity-adopted--ets2-off,scenarios/central-technology--purchase-high-indexed--tax-plus30--index-adopted--gdp-on--electricity-adopted--ets2-off.json,central_technology,False,high_indexed,plus30,adopted,on,adopted,off,0.2264623192,0.0707102209,0.3969627608,0.2158943062,0.0899703929,0.1393105429,0.043498094,0.5951213655,0.1667238176,0.05534618,0.0731717083,0.0228470134,0.7824769838,0.0924341721,0.0290701224,-2.5782566318,0.024551807,1.696276224,1.0805362332,-0.2231076323,-2.448584662,-0.3932355702,4.5121364947,-0.8435227915,-0.826793471,-1.5823269896,-0.2648899068,3.2476984471,-0.8509468282,-0.5495347226
central-technology--purchase-high-indexed--tax-plus30--index-adopted--gdp-on--electricity-north-reduction--ets2-adopted,scenarios/central-technology--purchase-high-indexed--tax-plus30--index-adopted--gdp-on--electricity-north-reduction--ets2-adopted.json,central_technology,False,high_indexed,plus30,adopted,on,north_reduction,adopted,0.2249576169,0.0702403951,0.3990746051,0.2161998413,0.0895275415,0.1230114004,0.0402532365,0.6121592565,0.1721879551,0.0523881516,0.0618081695,0.0204516749,0.7964867526,0.0945136671,0.0267397359,-2.7287268574,-0.022430768,1.907460653,1.1110897453,-0.267392773,-4.0784989131,-0.717721324,6.2159255922,-0.2971090411,-1.122596314,-2.7186808692,-0.5044237596,4.6486753239,-0.6429973187,-0.7825733763
central-technology--purchase-high-indexed--tax-plus30--index-adopted--gdp-on--electricity-north-reduction--ets2-high-market,scenarios/central-technology--purchase-high-indexed--tax-plus30--index-adopted--gdp-on--electricity-north-reduction--ets2-high-market.json,central_technology,False,high_indexed,plus30,adopted,on,north_reduction,high_market,0.2249576169,0.0702403951,0.3990746051,0.2161998413,0.0895275415,0.1103529872,0.037743577,0.6251287562,0.1767805819,0.0499940977,0.0524967908,0.0184581599,0.8079751853,0.0963712599,0.0246986041,-2.7287268574,-0.022430768,1.907460653,1.1110897453,-0.267392773,-5.3443402311,-0.9686872709,7.5128755655,0.16215364,-1.3620017035,-3.6498187329,-0.7037752589,5.7975185928,-0.4572380463,-0.9866865548
central-technology--purchase-high-indexed--tax-plus30--index-adopted--gdp-on--electricity-north-reduction--ets2-off,scenarios/central-technology--purchase-high-indexed--tax-plus30--index-adopted--gdp-on--electricity-north-reduction--ets2-off.json,central_technology,False,high_indexed,plus30,adopted,on,north_reduction,off,0.2249576169,0.0702403951,0.3990746051,0.2161998413,0.0895275415,0.1381033788,0.0431211711,0.5971936353,0.1666201018,0.054961713,0.0724165124,0.0226112123,0.783929908,0.0922223949,0.0288199724,-2.7287268574,-0.022430768,1.907460653,1.1110897453,-0.267392773,-2.5693010688,-0.4309278619,4.7193634719,-0.8538943707,-0.8652401706,-1.6578465806,-0.2884700193,3.3929908627,-0.8721245401,-0.5745497228
central-technology--purchase-high-indexed--tax-plus30--index-adopted--gdp-on--electricity-industrial--ets2-adopted,scenarios/central-technology--purchase-high-indexed--tax-plus30--index-adopted--gdp-on--electricity-industrial--ets2-adopted.json,central_technology,False,high_indexed,plus30,adopted,on,industrial,adopted,0.2205771535,0.0688726464,0.4052615331,0.2170586714,0.0882299956,0.1197973989,0.0392015131,0.6180240458,0.1716985938,0.0512784483,0.0599037305,0.019821516,0.8004355939,0.0937917299,0.0260474297,-3.1667732023,-0.1592056359,2.5261534532,1.1969727499,-0.397147365,-4.3998990633,-0.8228936594,6.8024045272,-0.3460451641,-1.2335666404,-2.9091247634,-0.5674396465,5.0435594514,-0.7151910462,-0.8518039952
central-technology--purchase-high-indexed--tax-plus30--index-adopted--gdp-on--electricity-industrial--ets2-high-market,scenarios/central-technology--purchase-high-indexed--tax-plus30--index-adopted--gdp-on--electricity-industrial--ets2-high-market.json,central_technology,False,high_indexed,plus30,adopted,on,industrial,high_market,0.2205771535,0.0688726464,0.4052615331,0.2170586714,0.0882299956,0.1073879473,0.0367294567,0.6308406853,0.1761440391,0.0488978716,0.0508387052,0.0178751679,0.8116872435,0.0955589142,0.0240399693,-3.1667732023,-0.1592056359,2.5261534532,1.1969727499,-0.397147365,-5.6408442166,-1.0700993061,8.0840684786,0.0984993591,-1.471624315,-3.8156272977,-0.7620744607,6.1687244126,-0.5384726149,-1.0525500392
central-technology--purchase-high-indexed--tax-plus30--index-adopted--gdp-on--electricity-industrial--ets2-off,scenarios/central-technology--purchase-high-indexed--tax-plus30--index-adopted--gdp-on--electricity-industrial--ets2-off.json,central_technology,False,high_indexed,plus30,adopted,on,industrial,off,0.2205771535,0.0688726464,0.4052615331,0.2170586714,0.0882299956,0.1346115475,0.0420308875,0.6032230075,0.1662904668,0.0538440906,0.0702440803,0.0219328957,0.7881309419,0.0915947257,0.0280973564,-3.1667732023,-0.1592056359,2.5261534532,1.1969727499,-0.397147365,-2.9184841985,-0.5399562261,5.3223006946,-0.8868578625,-0.9770024075,-1.8750897854,-0.3563016791,3.813094255,-0.9348914658,-0.6468113246
central-technology--purchase-high-indexed--tax-plus30--index-adopted--gdp-on--electricity-vat-reduced--ets2-adopted,scenarios/central-technology--purchase-high-indexed--tax-plus30--index-adopted--gdp-on--electricity-vat-reduced--ets2-adopted.json,central_technology,False,high_indexed,plus30,adopted,on,vat_reduced,adopted,0.2168027602,0.0676941361,0.4106397636,0.2177613222,0.0871020179,0.117056232,0.0383045163,0.6230704126,0.1712431529,0.0503256863,0.0582916081,0.0192880816,0.8038051677,0.0931571168,0.0254580258,-3.5442125331,-0.2770566697,3.0639765068,1.2672378346,-0.5099451385,-4.6740157553,-0.9125933458,7.3070411994,-0.3915892568,-1.3288428416,-3.0703370064,-0.6207830866,5.3805168366,-0.778652354,-0.9107443897
central-technology--purchase-high-indexed--tax-plus30--index-adopted--gdp-on--electricity-vat-reduced--ets2-high-market,scenarios/central-technology--purchase-high-indexed--tax-plus30--index-adopted--gdp-on--electricity-vat-reduced--ets2-high-market.json,central_technology,False,high_indexed,plus30,adopted,on,vat_reduced,high_market,0.2168027602,0.0676941361,0.4106397636,0.2177613222,0.0871020179,0.1048620096,0.0358655206,0.6357528032,0.1755617541,0.0479579124,0.0494366794,0.0173822079,0.8148538233,0.0948473809,0.0234799084,-3.5442125331,-0.2770566697,3.0639765068,1.2672378346,-0.5099451385,-5.8934379885,-1.156492912,8.5752802651,0.0402708631,-1.5656202278,-3.9558298757,-0.8113704571,6.4853823992,-0.6096259436,-1.1085561228
central-technology--purchase-high-indexed--tax-plus30--index-adopted--gdp-on--electricity-vat-reduced--ets2-off,scenarios/central-technology--purchase-high-indexed--tax-plus30--index-adopted--gdp-on--electricity-vat-reduced--ets2-off.json,central_technology,False,high_indexed,plus30,adopted,on,vat_reduced,off,0.2168027602,0.0676941361,0.4106397636,0.2177613222,0.0871020179,0.1316295344,0.0410997886,0.6084144952,0.1659731001,0.0528830816,0.0684029494,0.021358024,0.7917171121,0.0910405534,0.027481361,-3.5442125331,-0.2770566697,3.0639765068,1.2672378346,-0.5099451385,-3.2166855092,-0.6330661113,5.8414494639,-0.9185945321,-1.0731033113,-2.059202876,-0.4137888467,4.1717112794,-0.9903086927,-0.708410864
central-technology--purchase-high-indexed--tax-plus30--index-cpi-indexed--gdp-off--electricity-adopted--ets2-adopted,scenarios/central-technology--purchase-high-indexed--tax-plus30--index-cpi-indexed--gdp-off--electricity-adopted--ets2-adopted.json,central_technology,False,high_indexed,plus30,cpi_indexed,off,adopted,adopted,0.2372446742,0.0695003215,0.3902863193,0.2121285645,0.0908401205,0.1259718152,0.0408468247,0.6083516699,0.171749133,0.0530805571,0.0634774308,0.0208163641,0.7939460899,0.0945837274,0.0271763879,-1.5000211275,-0.0964381313,1.0286320736,0.703962062,-0.1361348767,-3.7824574269,-0.6583625086,5.8351669383,-0.3409912422,-1.0533557605,-2.5517547368,-0.4679548444,4.394609056,-0.6359912957,-0.7389081791
central-technology--purchase-high-indexed--tax-plus30--index-cpi-indexed--gdp-off--electricity-adopted--ets2-high-market,scenarios/central-technology--purchase-high-indexed--tax-plus30--index-cpi-indexed--gdp-off--electricity-adopted--ets2-high-market.json,central_technology,False,high_indexed,plus30,cpi_indexed,off,adopted,high_market,0.2372446742,0.0695003215,0.3902863193,0.2121285645,0.0908401205,0.1129358068,0.0383003487,0.6216024285,0.1765007357,0.0506606803,0.0538502945,0.0187811356,0.8057414765,0.0965301852,0.0250969081,-1.5000211275,-0.0964381313,1.0286320736,0.703962062,-0.1361348767,-5.0860582738,-0.9130101037,7.1602427982,0.1341690209,-1.2953434415,-3.5144683619,-0.6714776874,5.57414772,-0.4413455119,-0.9468561588
central-technology--purchase-high-indexed--tax-plus30--index-cpi-indexed--gdp-off--electricity-adopted--ets2-off,scenarios/central-technology--purchase-high-indexed--tax-plus30--index-cpi-indexed--gdp-off--electricity-adopted--ets2-off.json,central_technology,False,high_indexed,plus30,cpi_indexed,off,adopted,off,0.2372446742,0.0695003215,0.3902863193,0.2121285645,0.0908401205,0.141530909,0.0437565757,0.5930425324,0.1659919616,0.0556780214,0.0744679103,0.0230229621,0.7810242534,0.0921893236,0.0292955506,-1.5000211275,-0.0964381313,1.0286320736,0.703962062,-0.1361348767,-2.2265480543,-0.367387405,4.3042531797,-0.9167083869,-0.7936093337,-1.4527067839,-0.2472950407,3.1024254068,-0.8754316755,-0.5269919066
central-technology--purchase-high-indexed--tax-plus30--index-cpi-indexed--gdp-off--electricity-north-reduction--ets2-adopted,scenarios/central-technology--purchase-high-indexed--tax-plus30--index-cpi-indexed--gdp-off--electricity-north-reduction--ets2-adopted.json,central_technology,False,high_indexed,plus30,cpi_indexed,off,north_reduction,adopted,0.2356977503,0.0690471534,0.392395534,0.2124552896,0.0904042726,0.1248474486,0.0404822446,0.6103750895,0.1715972278,0.0526979894,0.0628058301,0.0205961238,0.7953202678,0.0943423031,0.0269354751,-1.6547135179,-0.1417549372,1.2395535488,0.7366345691,-0.1797196628,-3.8948940894,-0.6948205102,6.0375088974,-0.3561817659,-1.0916125319,-2.618914806,-0.4899788682,4.5320268485,-0.6601337232,-0.7629994511
central-technology--purchase-high-indexed--tax-plus30--index-cpi-indexed--gdp-off--electricity-north-reduction--ets2-high-market,scenarios/central-technology--purchase-high-indexed--tax-plus30--index-cpi-indexed--gdp-off--electricity-north-reduction--ets2-high-market.json,central_technology,False,high_indexed,plus30,cpi_indexed,off,north_reduction,high_market,0.2356977503,0.0690471534,0.392395534,0.2124552896,0.0904042726,0.1118980446,0.0379484085,0.6235736037,0.1762977577,0.0502821855,0.0532656911,0.018577246,0.8070326303,0.0962569402,0.0248674923,-1.6547135179,-0.1417549372,1.2395535488,0.7366345691,-0.1797196628,-5.1898344903,-0.9482041258,7.3573603183,0.1138712232,-1.3331929254,-3.5729287065,-0.6918666504,5.7032631001,-0.4686700084,-0.9697977349
central-technology--purchase-high-indexed--tax-plus30--index-cpi-indexed--gdp-off--electricity-north-reduction--ets2-off,scenarios/central-technology--purchase-high-indexed--tax-plus30--index-cpi-indexed--gdp-off--electricity-north-reduction--ets2-off.json,central_technology,False,high_indexed,plus30,cpi_indexed,off,north_reduction,off,0.2356977503,0.0690471534,0.392395534,0.2124552896,0.0904042726,0.1403101024,0.0433791436,0.5951219794,0.1658953194,0.0552934551,0.0737016674,0.0227860657,0.7824868712,0.0919810164,0.0290443793,-1.6547135179,-0.1417549372,1.2395535488,0.7366345691,-0.1797196628,-2.3486287069,-0.4051306185,4.5121978889,-0.9263726051,-0.8320659584,-1.5293310791,-0.2709846842,3.2486871862,-0.89626239,-0.552109033
central-technology--purchase-high-indexed--tax-plus30--index-cpi-indexed--gdp-off--electricity-industrial--ets2-adopted,scenarios/central-technology--purchase-high-indexed--tax-plus30--index-cpi-indexed--gdp-off--electricity-industrial--ets2-adopted.json,central_technology,False,high_indexed,plus30,cpi_indexed,off,industrial,adopted,0.2311925314,0.0677273591,0.3985764369,0.2133771231,0.0891265494,0.1215978194,0.0394285404,0.6162597631,0.1711269173,0.0515869599,0.060875352,0.0199630557,0.7992925601,0.0936289048,0.0262401274,-2.1052354126,-0.2737343657,1.857643836,0.8288179269,-0.3074919846,-4.2198570141,-0.8001909344,6.6259762539,-0.4032128199,-1.2027154855,-2.8119626205,-0.5532856773,4.9292560713,-0.7314735508,-0.8325342227
central-technology--purchase-high-indexed--tax-plus30--index-cpi-indexed--gdp-off--electricity-industrial--ets2-high-market,scenarios/central-technology--purchase-high-indexed--tax-plus30--index-cpi-indexed--gdp-off--electricity-industrial--ets2-high-market.json,central_technology,False,high_indexed,plus30,cpi_indexed,off,industrial,high_market,0.2311925314,0.0677273591,0.3985764369,0.2133771231,0.0891265494,0.1089012363,0.0369320895,0.6293039562,0.1756786743,0.0491840437,0.05158665,0.0179916541,0.8107640602,0.0954517195,0.0242059162,-2.1052354126,-0.2737343657,1.857643836,0.8288179269,-0.3074919846,-5.4895153224,-1.0498360236,7.9303955615,0.0519628834,-1.443007099,-3.7408328171,-0.7504258449,6.0764060845,-0.5491920786,-1.0359553439
central-technology--purchase-high-indexed--tax-plus30--index-cpi-indexed--gdp-off--electricity-industrial--ets2-off,scenarios/central-technology--purchase-high-indexed--tax-plus30--index-cpi-indexed--gdp-off--electricity-industrial--ets2-off.json,central_technology,False,high_indexed,plus30,cpi_indexed,off,industrial,off,0.2311925314,0.0677273591,0.3985764369,0.2133771231,0.0891265494,0.136778362,0.0422872487,0.6011726597,0.1655863504,0.0541753791,0.0714972521,0.0221045349,0.7867160881,0.0913633859,0.028318739,-2.1052354126,-0.2737343657,1.857643836,0.8288179269,-0.3074919846,-2.7018027475,-0.5143201005,5.1172659164,-0.9572695091,-0.9438735594,-1.7497726088,-0.3391377579,3.6716088743,-0.9580254439,-0.6246730637
central-technology--purchase-high-indexed--tax-plus30--index-cpi-indexed--gdp-off--electricity-vat-reduced--ets2-adopted,scenarios/central-technology--purchase-high-indexed--tax-plus30--index-cpi-indexed--gdp-off--electricity-vat-reduced--ets2-adopted.json,central_technology,False,high_indexed,plus30,cpi_indexed,off,vat_reduced,adopted,0.2273084346,0.0665895213,0.4039514503,0.2141356282,0.0880149656,0.1188258422,0.0385297166,0.6213236375,0.1706879123,0.0506328914,0.059241011,0.0194271009,0.8026822612,0.0930015625,0.0256480644,-2.4936450894,-0.3875181524,2.3951451797,0.9046684304,-0.4186503682,-4.497054734,-0.8900733151,7.1323636961,-0.447113315,-1.2981223319,-2.9753967188,-0.6068811623,5.2682261905,-0.7942077842,-0.8917405251
central-technology--purchase-high-indexed--tax-plus30--index-cpi-indexed--gdp-off--electricity-vat-reduced--ets2-high-market,scenarios/central-technology--purchase-high-indexed--tax-plus30--index-cpi-indexed--gdp-off--electricity-vat-reduced--ets2-high-market.json,central_technology,False,high_indexed,plus30,cpi_indexed,off,vat_reduced,high_market,0.2273084346,0.0665895213,0.4039514503,0.2141356282,0.0880149656,0.1063478913,0.0360661639,0.6342322377,0.1751114095,0.0482422977,0.0501667771,0.0174964511,0.8139472383,0.0947462342,0.0236432993,-2.4936450894,-0.3875181524,2.3951451797,0.9046684304,-0.4186503682,-5.7448498256,-1.1364285826,8.42322371,-0.0047635996,-1.5371817023,-3.8828201063,-0.7999461411,6.3947238975,-0.619740618,-1.092217032
central-technology--purchase-high-indexed--tax-plus30--index-cpi-indexed--gdp-off--electricity-vat-reduced--ets2-off,scenarios/central-technology--purchase-high-indexed--tax-plus30--index-cpi-indexed--gdp-off--electricity-vat-reduced--ets2-off.json,central_technology,False,high_indexed,plus30,cpi_indexed,off,vat_reduced,off,0.2273084346,0.0665895213,0.4039514503,0.2141356282,0.0880149656,0.1337617373,0.0413546103,0.6063829962,0.1652868723,0.0532137838,0.0696287752,0.021526865,0.7903264943,0.0908177873,0.0277000782,-2.4936450894,-0.3875181524,2.3951451797,0.9046684304,-0.4186503682,-3.0034652197,-0.6075839458,5.6382995686,-0.9872173141,-1.0400330891,-1.9366203001,-0.3969047518,4.032649495,-1.0125853022,-0.6865391409
central-technology--purchase-high-indexed--tax-plus30--index-cpi-indexed--gdp-on--electricity-adopted--ets2-adopted,scenarios/central-technology--purchase-high-indexed--tax-plus30--index-cpi-indexed--gdp-on--electricity-adopted--ets2-adopted.json,central_technology,False,high_indexed,plus30,cpi_indexed,on,adopted,adopted,0.2357534446,0.0694976775,0.3912776579,0.2127652032,0.0907060168,0.121351978,0.0406037243,0.6126790498,0.1730187928,0.0523464551,0.0584387075,0.0204055176,0.7996988073,0.095235947,0.0262210206,-1.649144094,-0.096702526,1.1277659362,0.7676259314,-0.1495452475,-4.244441148,-0.6826725424,6.2679049206,-0.2140252628,-1.1267659674,-3.055627065,-0.509039489,4.9698807966,-0.5707693378,-0.8344449048
central-technology--purchase-high-indexed--tax-plus30--index-cpi-indexed--gdp-on--electricity-adopted--ets2-high-market,scenarios/central-technology--purchase-high-indexed--tax-plus30--index-cpi-indexed--gdp-on--electricity-adopted--ets2-high-market.json,central_technology,False,high_indexed,plus30,cpi_indexed,on,adopted,high_market,0.2357534446,0.0694976775,0.3912776579,0.2127652032,0.0907060168,0.1090485023,0.0380690633,0.6253815106,0.1775239251,0.0499769987,0.0499523452,0.0184321691,0.8104168593,0.0969280372,0.0242705892,-1.649144094,-0.096702526,1.1277659362,0.7676259314,-0.1495452475,-5.4747887162,-0.9361386416,7.5381509998,0.2364879597,-1.3637116017,-3.9042633001,-0.7063743386,6.041685992,-0.4015603102,-1.029488043
central-technology--purchase-high-indexed--tax-plus30--index-cpi-indexed--gdp-on--electricity-adopted--ets2-off,scenarios/central-technology--purchase-high-indexed--tax-plus30--index-cpi-indexed--gdp-on--electricity-adopted--ets2-off.json,central_technology,False,high_indexed,plus30,cpi_indexed,on,adopted,off,0.2357534446,0.0694976775,0.3912776579,0.2127652032,0.0907060168,0.1359772917,0.0435039196,0.5980566777,0.1675685137,0.0548935972,0.0680030942,0.0225417128,0.7880972136,0.0931550531,0.0282029263,-1.649144094,-0.096702526,1.1277659362,0.7676259314,-0.1495452475,-2.781909782,-0.392653014,4.8056677183,-0.7590531731,-0.8720517492,-2.0991883972,-0.2954199761,3.8097214243,-0.7788587191,-0.6362543319
central-technology--purchase-high-indexed--tax-plus30--index-cpi-indexed--gdp-on--electricity-north-reduction--ets2-adopted,scenarios/central-technology--purchase-high-indexed--tax-plus30--index-cpi-indexed--gdp-on--electricity-north-reduction--ets2-adopted.json,central_technology,False,high_indexed,plus30,cpi_indexed,on,north_reduction,adopted,0.2342117249,0.0690431945,0.3933872127,0.2130887973,0.0902690706,0.1202589753,0.0402380114,0.614686523,0.1728515772,0.051964913,0.0578130778,0.0201870614,0.8010337829,0.0949807999,0.0259852781,-1.80331606,-0.1421508273,1.3387214143,0.7999853388,-0.1932398659,-4.3537414241,-0.7192438316,6.4686522492,-0.2307468238,-1.1649201697,-3.1181900408,-0.5308851108,5.1033783537,-0.5962840482,-0.858019154
central-technology--purchase-high-indexed--tax-plus30--index-cpi-indexed--gdp-on--electricity-north-reduction--ets2-high-market,scenarios/central-technology--purchase-high-indexed--tax-plus30--index-cpi-indexed--gdp-on--electricity-north-reduction--ets2-high-market.json,central_technology,False,high_indexed,plus30,cpi_indexed,on,north_reduction,high_market,0.2342117249,0.0690431945,0.3933872127,0.2130887973,0.0902690706,0.1080386434,0.0377165194,0.6273378728,0.1773069415,0.049600023,0.0494048082,0.0182301307,0.8116754932,0.0966433963,0.0240461717,-1.80331606,-0.1421508273,1.3387214143,0.7999853388,-0.1932398659,-5.5757746138,-0.9713930326,7.7337872213,0.2147895986,-1.4014091735,-3.9590169982,-0.7265781833,6.1675493813,-0.430024408,-1.0519297918
central-technology--purchase-high-indexed--tax-plus30--index-cpi-indexed--gdp-on--electricity-north-reduction--ets2-off,scenarios/central-technology--purchase-high-indexed--tax-plus30--index-cpi-indexed--gdp-on--electricity-north-reduction--ets2-off.json,central_technology,False,high_indexed,plus30,cpi_indexed,on,north_reduction,off,0.2342117249,0.0690431945,0.3933872127,0.2130887973,0.0902690706,0.1347917325,0.0431246175,0.6001190894,0.16745523,0.0545093307,0.0672932221,0.0223064039,0.7895129198,0.0929305479,0.0279569064,-1.80331606,-0.1421508273,1.3387214143,0.7999853388,-0.1932398659,-2.9004657058,-0.4305832251,5.0119088892,-0.7703815516,-0.9104784067,-2.1701756048,-0.3189508648,3.9512920426,-0.8013092455,-0.6608563275
central-technology--purchase-high-indexed--tax-plus30--index-cpi-indexed--gdp-on--electricity-industrial--ets2-adopted,scenarios/central-technology--purchase-high-indexed--tax-plus30--index-cpi-indexed--gdp-on--electricity-industrial--ets2-adopted.json,central_technology,False,high_indexed,plus30,cpi_indexed,on,industrial,adopted,0.2297219471,0.0677196544,0.3995688585,0.2140013034,0.0889882366,0.1171008138,0.0391813075,0.6205240116,0.1723366734,0.0508571938,0.0560154107,0.0195593554,0.8048922711,0.0942278325,0.0253051303,-2.2522938433,-0.2745048349,1.9568859957,0.8912359495,-0.321323267,-4.669557568,-0.8249142281,7.0524010995,-0.2822372102,-1.2756920933,-3.2979567447,-0.5936557093,5.4892271766,-0.6715807844,-0.9260339381
central-technology--purchase-high-indexed--tax-plus30--index-cpi-indexed--gdp-on--electricity-industrial--ets2-high-market,scenarios/central-technology--purchase-high-indexed--tax-plus30--index-cpi-indexed--gdp-on--electricity-industrial--ets2-high-market.json,central_technology,False,high_indexed,plus30,cpi_indexed,on,industrial,high_market,0.2297219471,0.0677196544,0.3995688585,0.2140013034,0.0889882366,0.1051230788,0.0366986896,0.6330245087,0.1766471489,0.0485065739,0.0478327158,0.0176500364,0.8153126276,0.0958053916,0.0233992286,-2.2522938433,-0.2745048349,1.9568859957,0.8912359495,-0.321323267,-5.8673310704,-1.0731760096,8.3024508166,0.1488103414,-1.510754078,-4.116226232,-0.7845876156,6.531262826,-0.5138248748,-1.1166241036
central-technology--purchase-high-indexed--tax-plus30--index-cpi-indexed--gdp-on--electricity-industrial--ets2-off,scenarios/central-technology--purchase-high-indexed--tax-plus30--index-cpi-indexed--gdp-on--electricity-industrial--ets2-off.json,central_technology,False,high_indexed,plus30,cpi_indexed,on,industrial,off,0.2297219471,0.0677196544,0.3995688585,0.2140013034,0.0889882366,0.131362983,0.0420276399,0.6061191883,0.1670976749,0.0533925139,0.0652518876,0.0216297409,0.7936057692,0.0922661073,0.027246495,-2.2522938433,-0.2745048349,1.9568859957,0.8912359495,-0.321323267,-3.2433406521,-0.5402809835,5.6119187781,-0.8061370607,-1.0221600817,-2.3743090521,-0.3866171613,4.360576989,-0.8677533074,-0.7318974683
central-technology--purchase-high-indexed--tax-plus30--index-cpi-indexed--gdp-on--electricity-vat-reduced--ets2-adopted,scenarios/central-technology--purchase-high-indexed--tax-plus30--index-cpi-indexed--gdp-on--electricity-vat-reduced--ets2-adopted.json,central_technology,False,high_indexed,plus30,cpi_indexed,on,vat_reduced,adopted,0.2258515039,0.0665786878,0.4049442129,0.2147515178,0.0878740775,0.1144078292,0.0382802492,0.62554633,0.1718592305,0.0499063611,0.0544942923,0.0190282142,0.8081843062,0.0935668522,0.024726335,-2.6393381582,-0.3886014965,2.4944214398,0.9662573954,-0.4327391804,-4.938856027,-0.9150200555,7.5546329413,-0.3299814959,-1.3707753628,-3.4500685818,-0.6467698336,5.8184306865,-0.7376788101,-0.9839134611
central-technology--purchase-high-indexed--tax-plus30--index-cpi-indexed--gdp-on--electricity-vat-reduced--ets2-high-market,scenarios/central-technology--purchase-high-indexed--tax-plus30--index-cpi-indexed--gdp-on--electricity-vat-reduced--ets2-high-market.json,central_technology,False,high_indexed,plus30,cpi_indexed,on,vat_reduced,high_market,0.2258515039,0.0665786878,0.4049442129,0.2147515178,0.0878740775,0.1026397409,0.0358317511,0.6379144241,0.1760448939,0.04756919,0.0465038568,0.0171596939,0.8184150094,0.0950721266,0.0228493133,-2.6393381582,-0.3886014965,2.4944214398,0.9662573954,-0.4327391804,-6.1156648568,-1.1598698608,8.7914423528,0.0885848399,-1.6044924751,-4.2491121359,-0.8336218591,6.8415010015,-0.5871513733,-1.1716156332
central-technology--purchase-high-indexed--tax-plus30--index-cpi-indexed--gdp-on--electricity-vat-reduced--ets2-off,scenarios/central-technology--purchase-high-indexed--tax-plus30--index-cpi-indexed--gdp-on--electricity-vat-reduced--ets2-off.json,central_technology,False,high_indexed,plus30,cpi_indexed,on,vat_reduced,off,0.2258515039,0.0665786878,0.4049442129,0.2147515178,0.0878740775,0.1284355374,0.0410910471,0.6112847732,0.1667561799,0.0524324624,0.0635227021,0.0210565493,0.7970989311,0.0916805916,0.0266412259,-2.6393381582,-0.3886014965,2.4944214398,0.9662573954,-0.4327391804,-3.5360852111,-0.6339402673,6.1284772648,-0.8402865585,-1.1181652279,-2.5472276064,-0.4439363234,4.7098931717,-0.9263048688,-0.792424373
accelerated-technology--purchase-adopted--tax-adopted--index-adopted--gdp-off--electricity-adopted--ets2-adopted,scenarios/accelerated-technology--purchase-adopted--tax-adopted--index-adopted--gdp-off--electricity-adopted--ets2-adopted.json,accelerated_technology,True,adopted,adopted,adopted,off,adopted,adopted,0.2447495221,0.0683708702,0.3999999992,0.1974178718,0.0894617367,0.13957006,0.040415242,0.6200000001,0.1458094383,0.0542052596,0.064833354,0.0185739191,0.8199999992,0.071411584,0.0251811437,0.0,0.0,0.0,0.0,0.0,0.0,0.0,0.0,0.0,0.0,0.0,0.0,0.0,0.0,0.0
accelerated-technology--purchase-adopted--tax-adopted--index-adopted--gdp-off--electricity-adopted--ets2-high-market,scenarios/accelerated-technology--purchase-adopted--tax-adopted--index-adopted--gdp-off--electricity-adopted--ets2-high-market.json,accelerated_technology,False,adopted,adopted,adopted,off,adopted,high_market,0.2447495221,0.0683708702,0.3999999992,0.1974178718,0.0894617367,0.1241661446,0.0379677691,0.6353032211,0.1508426411,0.0517202242,0.0540865931,0.0167377379,0.83269459,0.0733382427,0.0231428363,0.0,0.0,0.0,0.0,0.0,-1.5403915453,-0.2447472892,1.5303221022,0.5033202718,-0.2485035395,-1.0746760881,-0.1836181197,1.2694590716,0.1926658695,-0.2038307332
accelerated-technology--purchase-adopted--tax-adopted--index-adopted--gdp-off--electricity-adopted--ets2-off,scenarios/accelerated-technology--purchase-adopted--tax-adopted--index-adopted--gdp-off--electricity-adopted--ets2-off.json,accelerated_technology,False,adopted,adopted,adopted,off,adopted,off,0.2447495221,0.0683708702,0.3999999992,0.1974178718,0.0894617367,0.1582226786,0.0431840048,0.602037404,0.1397049475,0.0568509651,0.0774863301,0.0205660277,0.8056228216,0.0690477511,0.0272770695,0.0,0.0,0.0,0.0,0.0,1.8652618542,0.2768762794,-1.7962596043,-0.6104490857,0.2645705564,1.2652976122,0.19921086,-1.4377177641,-0.2363832958,0.2095925876
accelerated-technology--purchase-adopted--tax-adopted--index-adopted--gdp-off--electricity-north-reduction--ets2-adopted,scenarios/accelerated-technology--purchase-adopted--tax-adopted--index-adopted--gdp-off--electricity-north-reduction--ets2-adopted.json,accelerated_technology,False,adopted,adopted,adopted,off,north_reduction,adopted,0.2431623681,0.0679274982,0.4021454272,0.1977290171,0.0890356894,0.1383517085,0.0400624445,0.6220512875,0.145709319,0.0538252405,0.0641518852,0.0183786871,0.8212754885,0.0712342786,0.0249596605,-0.1587154017,-0.0443372066,0.2145428068,0.0311145294,-0.0426047279,-0.1218351516,-0.0352797522,0.2051287456,-0.0100119369,-0.0380019048,-0.0681468754,-0.0195232002,0.1275489275,-0.0177305389,-0.022148313
accelerated-technology--purchase-adopted--tax-adopted--index-adopted--gdp-off--electricity-north-reduction--ets2-high-market,scenarios/accelerated-technology--purchase-adopted--tax-adopted--index-adopted--gdp-off--electricity-north-reduction--ets2-high-market.json,accelerated_technology,False,adopted,adopted,adopted,off,north_reduction,high_market,0.2431623681,0.0679274982,0.4021454272,0.1977290171,0.0890356894,0.1230457107,0.0376251606,0.6372924466,0.1506943052,0.0513423769,0.0535018022,0.0165567674,0.8338752313,0.0731338968,0.0229323023,-0.1587154017,-0.0443372066,0.2145428068,0.0311145294,-0.0426047279,-1.6524349345,-0.2790081381,1.7292446521,0.4884866848,-0.2862882643,-1.1331551798,-0.2017151683,1.3875232068,0.172231276,-0.2248841348
accelerated-technology--purchase-adopted--tax-adopted--index-adopted--gdp-off--electricity-north-reduction--ets2-off,scenarios/accelerated-technology--purchase-adopted--tax-adopted--index-adopted--gdp-off--electricity-north-reduction--ets2-off.json,accelerated_technology,False,adopted,adopted,adopted,off,north_reduction,off,0.2431623681,0.0679274982,0.4021454272,0.1977290171,0.0890356894,0.1568949149,0.0428216158,0.6041552829,0.1396565637,0.0564716226,0.0766967118,0.0203564512,0.8070022882,0.0688986354,0.0270459134,-0.1587154017,-0.0443372066,0.2145428068,0.0311145294,-0.0426047279,1.7324854875,0.240637383,-1.584471713,-0.6152874643,0.2266363068,1.186335782,0.1782532126,-1.299771104,-0.2512948626,0.1864769719
accelerated-technology--purchase-adopted--tax-adopted--index-adopted--gdp-off--electricity-industrial--ets2-adopted,scenarios/accelerated-technology--purchase-adopted--tax-adopted--index-adopted--gdp-off--electricity-industrial--ets2-adopted.json,accelerated_technology,False,adopted,adopted,adopted,off,industrial,adopted,0.2385392116,0.0666360177,0.4084307994,0.198607556,0.0877864153,0.1348284041,0.0390422027,0.6280146323,0.1453938846,0.0527208763,0.0621930658,0.0178175106,0.8249585717,0.0707104364,0.0243204155,-0.6210310432,-0.1734852534,0.8430800189,0.1189684226,-0.1675321448,-0.4741655909,-0.1373039253,0.8014632178,-0.041555375,-0.1484383266,-0.2640288175,-0.0756408482,0.4958572469,-0.0701147656,-0.0860728156
accelerated-technology--purchase-adopted--tax-adopted--index-adopted--gdp-off--electricity-industrial--ets2-high-market,scenarios/accelerated-technology--purchase-adopted--tax-adopted--index-adopted--gdp-off--electricity-industrial--ets2-high-market.json,accelerated_technology,False,adopted,adopted,adopted,off,industrial,high_market,0.2385392116,0.0666360177,0.4084307994,0.198607556,0.0877864153,0.1198085894,0.0366353072,0.6430724363,0.1502381615,0.0502455056,0.0518223221,0.0160370323,0.8372835079,0.0725319104,0.0223252273,-0.6210310432,-0.1734852534,0.8430800189,0.1189684226,-0.1675321448,-1.9761470652,-0.3779934732,2.307243621,0.4428723199,-0.3959754024,-1.301103194,-0.2536886737,1.7283508655,0.1120326365,-0.2855916342
accelerated-technology--purchase-adopted--tax-adopted--index-adopted--gdp-off--electricity-industrial--ets2-off,scenarios/accelerated-technology--purchase-adopted--tax-adopted--index-adopted--gdp-off--electricity-industrial--ets2-off.json,accelerated_technology,False,adopted,adopted,adopted,off,industrial,off,0.2385392116,0.0666360177,0.4084307994,0.198607556,0.0877864153,0.1530510826,0.0417725116,0.6103160738,0.1394924923,0.0553678396,0.0744249314,0.0197534868,0.8109870727,0.0684564325,0.0263780766,-0.6210310432,-0.1734852534,0.8430800189,0.1189684226,-0.1675321448,1.3481022552,0.1357269651,-0.9683926279,-0.631694599,0.1162580066,0.9591577443,0.1179567732,-0.901292657,-0.2955151519,0.1196932915
accelerated-technology--purchase-adopted--tax-adopted--index-adopted--gdp-off--electricity-vat-reduced--ets2-adopted,scenarios/accelerated-technology--purchase-adopted--tax-adopted--index-adopted--gdp-off--electricity-vat-reduced--ets2-adopted.json,accelerated_technology,False,adopted,adopted,adopted,off,vat_reduced,adopted,0.2345525216,0.0655223343,0.4138946345,0.1993312634,0.0866992462,0.131820561,0.0381712229,0.6331433036,0.145093256,0.0517716565,0.0605347415,0.0173424221,0.8280968168,0.0702498771,0.0237761426,-1.0197000468,-0.2848535881,1.3894635353,0.1913391544,-0.2762490548,-0.7749499059,-0.2244019094,1.3143303478,-0.0716182292,-0.2433603034,-0.4298612533,-0.1231497005,0.8096817583,-0.1161706938,-0.1405001107
accelerated-technology--purchase-adopted--tax-adopted--index-adopted--gdp-off--electricity-vat-reduced--ets2-high-market,scenarios/accelerated-technology--purchase-adopted--tax-adopted--index-adopted--gdp-off--electricity-vat-reduced--ets2-high-market.json,accelerated_technology,False,adopted,adopted,adopted,off,vat_reduced,high_market,0.2345525216,0.0655223343,0.4138946345,0.1993312634,0.0866992462,0.1170486281,0.0357913608,0.6480399663,0.1498159177,0.049304127,0.05040218,0.0155975525,0.840186546,0.072004708,0.0218090135,-1.0197000468,-0.2848535881,1.3894635353,0.1913391544,-0.2762490548,-2.2521431885,-0.4623881133,2.8039966227,0.4006479406,-0.4901132616,-1.4431174029,-0.2976366554,2.0186546794,0.0593123965,-0.3372130177
accelerated-technology--purchase-adopted--tax-adopted--index-adopted--gdp-off--electricity-vat-reduced--ets2-off,scenarios/accelerated-technology--purchase-adopted--tax-adopted--index-adopted--gdp-off--electricity-vat-reduced--ets2-off.json,accelerated_technology,False,adopted,adopted,adopted,off,vat_reduced,off,0.2345525216,0.0655223343,0.4138946345,0.1993312634,0.0866992462,0.1497647185,0.0408755583,0.6156191062,0.1393231445,0.0544174725,0.0724991979,0.0192423684,0.8143840625,0.0680657049,0.0258086663,-1.0197000468,-0.2848535881,1.3894635353,0.1913391544,-0.2762490548,1.0194658435,0.0460316287,-0.438089386,-0.6486293803,0.0212212942,0.7665843889,0.0668449326,-0.5615936778,-0.3345879099,0.0627522662
accelerated-technology--purchase-adopted--tax-adopted--index-adopted--gdp-on--electricity-adopted--ets2-adopted,scenarios/accelerated-technology--purchase-adopted--tax-adopted--index-adopted--gdp-on--electricity-adopted--ets2-adopted.json,accelerated_technology,False,adopted,adopted,adopted,on,adopted,adopted,0.2433786893,0.0683927545,0.4009157449,0.1979604706,0.0893523408,0.1355082091,0.0402864393,0.6237127177,0.1468401734,0.0536524605,0.0609033942,0.0183468929,0.8243126984,0.0719001741,0.0245368404,-0.1370832813,0.0021884236,0.0915745749,0.0542598786,-0.0109395958,-0.4061850883,-0.0128802697,0.3712717588,0.1030735112,-0.055279912,-0.3929959789,-0.0227026156,0.4312699188,0.0488590065,-0.0644303309
accelerated-technology--purchase-adopted--tax-adopted--index-adopted--gdp-on--electricity-adopted--ets2-high-market,scenarios/accelerated-technology--purchase-adopted--tax-adopted--index-adopted--gdp-on--electricity-adopted--ets2-high-market.json,accelerated_technology,False,adopted,adopted,adopted,on,adopted,high_market,0.2433786893,0.0683927545,0.4009157449,0.1979604706,0.0893523408,0.1207937185,0.0378337312,0.6384955707,0.1516755152,0.0512014644,0.0511348109,0.0165392436,0.836085061,0.0736506607,0.0225902239,-0.1370832813,0.0021884236,0.0915745749,0.0542598786,-0.0109395958,-1.8776341542,-0.2581510793,1.8495570579,0.5866076897,-0.3003795141,-1.3698543104,-0.2034675496,1.6085061756,0.2239076633,-0.2590919789
accelerated-technology--purchase-adopted--tax-adopted--index-adopted--gdp-on--electricity-adopted--ets2-off,scenarios/accelerated-technology--purchase-adopted--tax-adopted--index-adopted--gdp-on--electricity-adopted--ets2-off.json,accelerated_technology,False,adopted,adopted,adopted,on,adopted,off,0.2433786893,0.0683927545,0.4009157449,0.1979604706,0.0893523408,0.1532626237,0.0430689023,0.6064169659,0.1409837461,0.0562677621,0.0722752322,0.0203103329,0.8111225283,0.0697572859,0.0265346206,-0.1370832813,0.0021884236,0.0915745749,0.0542598786,-0.0109395958,1.3692563628,0.2653660311,-1.3583034191,-0.4825692222,0.2062502474,0.7441878238,0.1736413883,-0.8877470951,-0.1654298098,0.1353476929
accelerated-technology--purchase-adopted--tax-adopted--index-adopted--gdp-on--electricity-north-reduction--ets2-adopted,scenarios/accelerated-technology--purchase-adopted--tax-adopted--index-adopted--gdp-on--electricity-north-reduction--ets2-adopted.json,accelerated_technology,False,adopted,adopted,adopted,on,north_reduction,adopted,0.2417962302,0.0679480617,0.4030614048,0.1982690315,0.0889252718,0.134316113,0.0399320304,0.6257498952,0.1467292941,0.0532726673,0.0602574202,0.0181522959,0.825556869,0.0717147368,0.0243186781,-0.2953291899,-0.0422808501,0.306140562,0.0851159703,-0.0536464923,-0.5253947052,-0.0483211557,0.5749895155,0.0919855739,-0.0932592286,-0.4575933826,-0.0421623135,0.5556869749,0.0303152797,-0.0862465586
accelerated-technology--purchase-adopted--tax-adopted--index-adopted--gdp-on--electricity-north-reduction--ets2-high-market,scenarios/accelerated-technology--purchase-adopted--tax-adopted--index-adopted--gdp-on--electricity-north-reduction--ets2-high-market.json,accelerated_technology,False,adopted,adopted,adopted,on,north_reduction,high_market,0.2417962302,0.0679480617,0.4030614048,0.1982690315,0.0889252718,0.1196965431,0.0374900855,0.6404717298,0.1515172803,0.0508243613,0.0505778996,0.016359114,0.8372404703,0.0734395848,0.0223829312,-0.2953291899,-0.0422808501,0.306140562,0.0851159703,-0.0536464923,-1.987351691,-0.292515646,2.047172976,0.570784193,-0.338089832,-1.4255454351,-0.2214805051,1.7240471022,0.2028000807,-0.2798212427
accelerated-technology--purchase-adopted--tax-adopted--index-adopted--gdp-on--electricity-north-reduction--ets2-off,scenarios/accelerated-technology--purchase-adopted--tax-adopted--index-adopted--gdp-on--electricity-north-reduction--ets2-off.json,accelerated_technology,False,adopted,adopted,adopted,on,north_reduction,off,0.2417962302,0.0679480617,0.4030614048,0.1982690315,0.0889252718,0.1519644614,0.0427041009,0.6085197773,0.1409237708,0.0558878897,0.0715303965,0.0201010239,0.8124633416,0.069598542,0.0263066961,-0.2953291899,-0.0422808501,0.306140562,0.0851159703,-0.0536464923,1.2394401337,0.2288858877,-1.1480222727,-0.4885667565,0.1682630078,0.6697042499,0.152710481,-0.7536657694,-0.1813042074,0.1125552458
accelerated-technology--purchase-adopted--tax-adopted--index-adopted--gdp-on--electricity-industrial--ets2-adopted,scenarios/accelerated-technology--purchase-adopted--tax-adopted--index-adopted--gdp-on--electricity-industrial--ets2-adopted.json,accelerated_technology,False,adopted,adopted,adopted,on,industrial,adopted,0.2371870117,0.066652808,0.4093472176,0.1991398646,0.087673098,0.1308694794,0.0389073501,0.6316714779,0.1463824569,0.0521692358,0.0584011383,0.0175930988,0.8291491511,0.0711674052,0.0236892066,-0.7562510335,-0.1718062189,0.9347218464,0.1721992778,-0.1788638718,-0.8700580654,-0.1507891878,1.1671477778,0.0573018513,-0.2036023759,-0.6432215674,-0.0980820281,0.9149151866,-0.0244178847,-0.1491937063
accelerated-technology--purchase-adopted--tax-adopted--index-adopted--gdp-on--electricity-industrial--ets2-high-market,scenarios/accelerated-technology--purchase-adopted--tax-adopted--index-adopted--gdp-on--electricity-industrial--ets2-high-market.json,accelerated_technology,False,adopted,adopted,adopted,on,industrial,high_market,0.2371870117,0.066652808,0.4093472176,0.1991398646,0.087673098,0.1165272157,0.0364974223,0.6462131633,0.1510323125,0.0497298861,0.0489788509,0.0158419114,0.8405756847,0.0728182033,0.0217853497,-0.7562510335,-0.1718062189,0.9347218464,0.1721992778,-0.1788638718,-2.3042844297,-0.3917819671,2.6213163263,0.5222874169,-0.4475373465,-1.5854503078,-0.2732007636,2.0575685413,0.1406619257,-0.3395793955
accelerated-technology--purchase-adopted--tax-adopted--index-adopted--gdp-on--electricity-industrial--ets2-off,scenarios/accelerated-technology--purchase-adopted--tax-adopted--index-adopted--gdp-on--electricity-industrial--ets2-off.json,accelerated_technology,False,adopted,adopted,adopted,on,industrial,off,0.2371870117,0.066652808,0.4093472176,0.1991398646,0.087673098,0.1482072652,0.0416482771,0.6146357894,0.1407257779,0.0547828905,0.0693881746,0.0194990301,0.8163358924,0.0691284654,0.0256484374,-0.7562510335,-0.1718062189,0.9347218464,0.1721992778,-0.1788638718,0.8637205149,0.1233035144,-0.5364210726,-0.508366046,0.0577630894,0.4554820633,0.0925111043,-0.3664106873,-0.2283118591,0.0467293789
accelerated-technology--purchase-adopted--tax-adopted--index-adopted--gdp-on--electricity-vat-reduced--ets2-adopted,scenarios/accelerated-technology--purchase-adopted--tax-adopted--index-adopted--gdp-on--electricity-vat-reduced--ets2-adopted.json,accelerated_technology,False,adopted,adopted,adopted,on,vat_reduced,adopted,0.2332126558,0.0655359594,0.4148111491,0.1998567146,0.0865835212,0.1279279701,0.0380328427,0.6367633569,0.1460546846,0.0512211457,0.0568302206,0.0171198664,0.8322096088,0.0706868269,0.0231534773,-1.1536866325,-0.2834910809,1.481114989,0.2438842806,-0.2878215562,-1.1642089959,-0.238239931,1.6763356807,0.0245246302,-0.298411384,-0.8003133367,-0.145405267,1.2209609533,-0.0724757153,-0.2027666344
accelerated-technology--purchase-adopted--tax-adopted--index-adopted--gdp-on--electricity-vat-reduced--ets2-high-market,scenarios/accelerated-technology--purchase-adopted--tax-adopted--index-adopted--gdp-on--electricity-vat-reduced--ets2-high-market.json,accelerated_technology,False,adopted,adopted,adopted,on,vat_reduced,high_market,0.2332126558,0.0655359594,0.4148111491,0.1998567146,0.0865835212,0.1138257594,0.0356513007,0.6511468631,0.1505852327,0.048790844,0.0476271451,0.0154047104,0.8434162392,0.0722745242,0.0212773811,-1.1536866325,-0.2834910809,1.481114989,0.2438842806,-0.2878215562,-2.5744300594,-0.4763941245,3.1146863021,0.477579435,-0.5414415531,-1.7206208945,-0.3169208677,2.3416239989,0.086294019,-0.3903762556
accelerated-technology--purchase-adopted--tax-adopted--index-adopted--gdp-on--electricity-vat-reduced--ets2-off,scenarios/accelerated-technology--purchase-adopted--tax-adopted--index-adopted--gdp-on--electricity-vat-reduced--ets2-off.json,accelerated_technology,False,adopted,adopted,adopted,on,vat_reduced,off,0.2332126558,0.0655359594,0.4148111491,0.1998567146,0.0865835212,0.1449960878,0.0407458922,0.6198991567,0.1405269999,0.0538318634,0.0675731049,0.0189889706,0.819636538,0.0687139087,0.0250874779,-1.1536866325,-0.2834910809,1.481114989,0.2438842806,-0.2878215562,0.5426027803,0.0330650205,-0.0100843399,-0.5282438481,-0.0373396127,0.2739750868,0.0415051509,-0.0363461277,-0.2697675371,-0.0093665729
accelerated-technology--purchase-adopted--tax-adopted--index-cpi-indexed--gdp-off--electricity-adopted--ets2-adopted,scenarios/accelerated-technology--purchase-adopted--tax-adopted--index-cpi-indexed--gdp-off--electricity-adopted--ets2-adopted.json,accelerated_technology,False,adopted,adopted,cpi_indexed,off,adopted,adopted,0.2529130719,0.067272342,0.3950311941,0.194808393,0.089974999,0.1371570965,0.0404489439,0.6221409687,0.1463578343,0.0538951565,0.0617153355,0.0184452974,0.8233840905,0.0717744817,0.0246807949,0.8163549842,-0.1098528183,-0.4968805098,-0.260947882,0.0513262259,-0.2412963498,0.0033701929,0.2140968673,0.0548395991,-0.0310103095,-0.3118018488,-0.0128621663,0.3384091295,0.0362897666,-0.050034881
accelerated-technology--purchase-adopted--tax-adopted--index-cpi-indexed--gdp-off--electricity-adopted--ets2-high-market,scenarios/accelerated-technology--purchase-adopted--tax-adopted--index-cpi-indexed--gdp-off--electricity-adopted--ets2-high-market.json,accelerated_technology,False,adopted,adopted,cpi_indexed,off,adopted,high_market,0.2529130719,0.067272342,0.3950311941,0.194808393,0.089974999,0.1221662415,0.0379814797,0.6371433475,0.1512803273,0.051428604,0.0517481209,0.0166205649,0.8353524652,0.073565219,0.02271363,0.8163549842,-0.1098528183,-0.4968805098,-0.260947882,0.0513262259,-1.7403818486,-0.2433762322,1.7143347462,0.5470888949,-0.2776655603,-1.3085233106,-0.1953354118,1.5352465964,0.2153634967,-0.2467513708
accelerated-technology--purchase-adopted--tax-adopted--index-cpi-indexed--gdp-off--electricity-adopted--ets2-off,scenarios/accelerated-technology--purchase-adopted--tax-adopted--index-cpi-indexed--gdp-off--electricity-adopted--ets2-off.json,accelerated_technology,False,adopted,adopted,cpi_indexed,off,adopted,off,0.2529130719,0.067272342,0.3950311941,0.194808393,0.089974999,0.1552700157,0.0432480234,0.6045643795,0.140392699,0.0565248824,0.0733450998,0.0204291252,0.809943297,0.0695817455,0.0267007324,0.8163549842,-0.1098528183,-0.4968805098,-0.260947882,0.0513262259,1.5699955637,0.2832781453,-1.5435620609,-0.5416739338,0.2319622857,0.8511745829,0.1855206173,-1.0056702297,-0.1829838485,0.1519588781
accelerated-technology--purchase-adopted--tax-adopted--index-cpi-indexed--gdp-off--electricity-north-reduction--ets2-adopted,scenarios/accelerated-technology--purchase-adopted--tax-adopted--index-cpi-indexed--gdp-off--electricity-north-reduction--ets2-adopted.json,accelerated_technology,False,adopted,adopted,cpi_indexed,off,north_reduction,adopted,0.2512957017,0.0668421378,0.3971744854,0.19513307,0.0895546051,0.1359545344,0.0400942968,0.6241842685,0.1462516648,0.0535152355,0.0610620625,0.0182500491,0.824635102,0.0715909078,0.0244618786,0.6546179597,-0.1528732456,-0.2825513763,-0.2284801799,0.009286842,-0.3615525595,-0.0320945173,0.4184268381,0.0442226503,-0.0690024117,-0.3771291544,-0.0323869987,0.4635102795,0.0179323811,-0.0719265074
accelerated-technology--purchase-adopted--tax-adopted--index-cpi-indexed--gdp-off--electricity-north-reduction--ets2-high-market,scenarios/accelerated-technology--purchase-adopted--tax-adopted--index-cpi-indexed--gdp-off--electricity-north-reduction--ets2-high-market.json,accelerated_technology,False,adopted,adopted,cpi_indexed,off,north_reduction,high_market,0.2512957017,0.0668421378,0.3971744854,0.19513307,0.0895546051,0.1210597535,0.0376374726,0.6391251742,0.1511264419,0.0510511579,0.0511854452,0.0164398436,0.8365134043,0.0733556996,0.0225056073,0.6546179597,-0.1528732456,-0.2825513763,-0.2284801799,0.009286842,-1.8510306583,-0.2777769427,1.9125174106,0.5317003554,-0.315410165,-1.3647908783,-0.2134075417,1.6513405016,0.1944115548,-0.2675536364
accelerated-technology--purchase-adopted--tax-adopted--index-cpi-indexed--gdp-off--electricity-north-reduction--ets2-off,scenarios/accelerated-technology--purchase-adopted--tax-adopted--index-cpi-indexed--gdp-off--electricity-north-reduction--ets2-off.json,accelerated_technology,False,adopted,adopted,cpi_indexed,off,north_reduction,off,0.2512957017,0.0668421378,0.3971744854,0.19513307,0.0895546051,0.1539601194,0.0428831724,0.6066737347,0.1403377779,0.0561451956,0.0725911094,0.020219113,0.8112925239,0.0694251903,0.0264720634,0.6546179597,-0.1528732456,-0.2825513763,-0.2284801799,0.009286842,1.439005934,0.2467930419,-1.3326265342,-0.5471660473,0.1939936056,0.7757755362,0.1645193974,-0.8707475301,-0.1986393742,0.1290919706
accelerated-technology--purchase-adopted--tax-adopted--index-cpi-indexed--gdp-off--electricity-industrial--ets2-adopted,scenarios/accelerated-technology--purchase-adopted--tax-adopted--index-cpi-indexed--gdp-off--electricity-industrial--ets2-adopted.json,accelerated_technology,False,adopted,adopted,cpi_indexed,off,industrial,adopted,0.2465831333,0.0655886418,0.40345488,0.1960519328,0.088321412,0.1324773164,0.0390688318,0.6301239612,0.1459185776,0.0524113129,0.0591846913,0.0176889459,0.8282472121,0.0710489611,0.0238301896,0.1833611246,-0.2782228401,0.3454880843,-0.1365939,-0.1140324688,-0.7092743661,-0.1346410147,1.0123961143,0.0109139306,-0.1793946641,-0.564866267,-0.088497313,0.8247212805,-0.0362622947,-0.1350954057
accelerated-technology--purchase-adopted--tax-adopted--index-cpi-indexed--gdp-off--electricity-industrial--ets2-high-market,scenarios/accelerated-technology--purchase-adopted--tax-adopted--index-cpi-indexed--gdp-off--electricity-industrial--ets2-high-market.json,accelerated_technology,False,adopted,adopted,cpi_indexed,off,industrial,high_market,0.2465831333,0.0655886418,0.40345488,0.1960519328,0.088321412,0.1178632641,0.0366436841,0.6448833232,0.1506541435,0.0499555851,0.0495697634,0.0159209157,0.8398646265,0.072738806,0.0219058884,0.1833611246,-0.2782228401,0.3454880843,-0.1365939,-0.1140324688,-2.1706795945,-0.3771557844,2.4883323078,0.4844705198,-0.4249674487,-1.5263590641,-0.2653003347,1.9864627277,0.1327221979,-0.3275255268
accelerated-technology--purchase-adopted--tax-adopted--index-cpi-indexed--gdp-off--electricity-industrial--ets2-off,scenarios/accelerated-technology--purchase-adopted--tax-adopted--index-cpi-indexed--gdp-off--electricity-industrial--ets2-off.json,accelerated_technology,False,adopted,adopted,cpi_indexed,off,industrial,off,0.2465831333,0.0655886418,0.40345488,0.1960519328,0.088321412,0.1501685521,0.0418270909,0.6128091812,0.1401545799,0.0550405959,0.0704223978,0.0196150525,0.8151894967,0.0689614521,0.0258116009,0.1833611246,-0.2782228401,0.3454880843,-0.1365939,-0.1140324688,1.0598492039,0.1411848917,-0.7190818847,-0.5654858445,0.0835336337,0.5589043794,0.1041133439,-0.4810502582,-0.2450131931,0.063045728
accelerated-technology--purchase-adopted--tax-adopted--index-cpi-indexed--gdp-off--electricity-vat-reduced--ets2-adopted,scenarios/accelerated-technology--purchase-adopted--tax-adopted--index-cpi-indexed--gdp-off--electricity-vat-reduced--ets2-adopted.json,accelerated_technology,False,adopted,adopted,cpi_indexed,off,vat_reduced,adopted,0.2425176633,0.0645072675,0.4089159328,0.1968114957,0.0872476406,0.1295093205,0.0381935414,0.6352317834,0.1456026958,0.051462659,0.057595792,0.0172140604,0.8313246491,0.0705729749,0.0232925236,-0.2231858769,-0.3863602674,0.8915933625,-0.0606376101,-0.221409608,-1.0060739545,-0.2221700614,1.5231783309,-0.0206742549,-0.2742600601,-0.7237562005,-0.1359858676,1.1324649825,-0.083860913,-0.1888620014
accelerated-technology--purchase-adopted--tax-adopted--index-cpi-indexed--gdp-off--electricity-vat-reduced--ets2-high-market,scenarios/accelerated-technology--purchase-adopted--tax-adopted--index-cpi-indexed--gdp-off--electricity-vat-reduced--ets2-high-market.json,accelerated_technology,False,adopted,adopted,cpi_indexed,off,vat_reduced,high_market,0.2425176633,0.0645072675,0.4089159328,0.1968114957,0.0872476406,0.1151383473,0.0357965076,0.6498316799,0.1502179855,0.0490154796,0.0482039014,0.0154822254,0.8427188662,0.0721989426,0.0213960643,-0.2231858769,-0.3863602674,0.8915933625,-0.0606376101,-0.221409608,-2.4431712684,-0.461873435,2.9831679836,0.4408547138,-0.518977994,-1.6629452586,-0.3091693618,2.2718866975,0.0787358597,-0.3785079369
accelerated-technology--purchase-adopted--tax-adopted--index-cpi-indexed--gdp-off--electricity-vat-reduced--ets2-off,scenarios/accelerated-technology--purchase-adopted--tax-adopted--index-cpi-indexed--gdp-off--electricity-vat-reduced--ets2-off.json,accelerated_technology,False,adopted,adopted,cpi_indexed,off,vat_reduced,off,0.2425176633,0.0645072675,0.4089159328,0.1968114957,0.0872476406,0.1469275126,0.0409243503,0.6180897483,0.1399686431,0.0540897457,0.0685846963,0.0191031896,0.818511097,0.0685523165,0.0252487006,-0.2231858769,-0.3863602674,0.8915933625,-0.0606376101,-0.221409608,0.7357452568,0.0509108292,-0.1910251746,-0.5840795267,-0.0115513846,0.3751342286,0.0529270556,-0.148890227,-0.285926756,0.0067556988
accelerated-technology--purchase-adopted--tax-adopted--index-cpi-indexed--gdp-on--electricity-adopted--ets2-adopted,scenarios/accelerated-technology--purchase-adopted--tax-adopted--index-cpi-indexed--gdp-on--electricity-adopted--ets2-adopted.json,accelerated_technology,False,adopted,adopted,cpi_indexed,on,adopted,adopted,0.2516009723,0.0672898437,0.3959002891,0.1953313545,0.0898775404,0.133018749,0.0403121983,0.6259453169,0.1474033619,0.0533203739,0.0576142381,0.0181840547,0.8279547678,0.0722688916,0.0239780478,0.6851450169,-0.1081026516,-0.4099710073,-0.2086517289,0.0415803708,-0.6551311015,-0.0103043655,0.594531681,0.159392355,-0.0884885689,-0.721911588,-0.0389864407,0.7954768536,0.0857307615,-0.1203095865
accelerated-technology--purchase-adopted--tax-adopted--index-cpi-indexed--gdp-on--electricity-adopted--ets2-high-market,scenarios/accelerated-technology--purchase-adopted--tax-adopted--index-cpi-indexed--gdp-on--electricity-adopted--ets2-high-market.json,accelerated_technology,False,adopted,adopted,cpi_indexed,on,adopted,high_market,0.2516009723,0.0672898437,0.3959002891,0.1953313545,0.0898775404,0.1187235795,0.0378408536,0.6404204969,0.1521251757,0.0508898943,0.0486408551,0.0163949842,0.8389762508,0.0738779126,0.0221099974,0.6851450169,-0.1081026516,-0.4099710073,-0.2086517289,0.0415803708,-2.0846480581,-0.2574388386,2.0420496863,0.6315737366,-0.3315365261,-1.6192498917,-0.2178934902,1.8976251565,0.2466328555,-0.30711463
accelerated-technology--purchase-adopted--tax-adopted--index-cpi-indexed--gdp-on--electricity-adopted--ets2-off,scenarios/accelerated-technology--purchase-adopted--tax-adopted--index-cpi-indexed--gdp-on--electricity-adopted--ets2-off.json,accelerated_technology,False,adopted,adopted,cpi_indexed,on,adopted,off,0.2516009723,0.0672898437,0.3959002891,0.1953313545,0.0898775404,0.1502280801,0.0431229468,0.60904237,0.1416894643,0.0559171388,0.0679595855,0.0201295373,0.8157168301,0.0703025132,0.0258915338,0.6851450169,-0.1081026516,-0.4099710073,-0.2086517289,0.0415803708,1.0658020059,0.2707704844,-1.0957630046,-0.4119974076,0.1711879219,0.3126231463,0.1555618258,-0.4283169113,-0.1109070794,0.0710390185
accelerated-technology--purchase-adopted--tax-adopted--index-cpi-indexed--gdp-on--electricity-north-reduction--ets2-adopted,scenarios/accelerated-technology--purchase-adopted--tax-adopted--index-cpi-indexed--gdp-on--electricity-north-reduction--ets2-adopted.json,accelerated_technology,False,adopted,adopted,cpi_indexed,on,north_reduction,adopted,0.2499878732,0.0668584257,0.3980438943,0.1956536789,0.0894561278,0.1318431993,0.0399559403,0.6279740023,0.1472860763,0.0529407817,0.0569984687,0.0179897071,0.8291723394,0.0720765829,0.0237629019,0.523835116,-0.1512444484,-0.1956104854,-0.1764192887,-0.0005608935,-0.7726860684,-0.0459301639,0.7974002244,0.1476637972,-0.1264477892,-0.7834885332,-0.0584211945,0.9172340132,0.0664998876,-0.141824173
accelerated-technology--purchase-adopted--tax-adopted--index-cpi-indexed--gdp-on--electricity-north-reduction--ets2-high-market,scenarios/accelerated-technology--purchase-adopted--tax-adopted--index-cpi-indexed--gdp-on--electricity-north-reduction--ets2-high-market.json,accelerated_technology,False,adopted,adopted,cpi_indexed,on,north_reduction,high_market,0.2499878732,0.0668584257,0.3980438943,0.1956536789,0.0894561278,0.1176410262,0.0374958106,0.6423888018,0.1519610708,0.0505132906,0.04810782,0.0162153183,0.8401100916,0.0736611547,0.0219056153,0.523835116,-0.1512444484,-0.1956104854,-0.1764192887,-0.0005608935,-2.1929033834,-0.2919431379,2.238880173,0.6151632467,-0.3691968984,-1.6725533958,-0.2358600762,2.0110092367,0.2249570694,-0.3275528342
accelerated-technology--purchase-adopted--tax-adopted--index-cpi-indexed--gdp-on--electricity-north-reduction--ets2-off,scenarios/accelerated-technology--purchase-adopted--tax-adopted--index-cpi-indexed--gdp-on--electricity-north-reduction--ets2-off.json,accelerated_technology,False,adopted,adopted,cpi_indexed,on,north_reduction,off,0.2499878732,0.0668584257,0.3980438943,0.1956536789,0.0894561278,0.1489486418,0.0427556843,0.6111360898,0.1416225529,0.0555370313,0.0672526058,0.0199201309,0.8170250303,0.0701356258,0.0256666072,0.523835116,-0.1512444484,-0.1956104854,-0.1764192887,-0.0005608935,0.937858179,0.234044229,-0.88639103,-0.418688548,0.13317717,0.2419251813,0.1346211842,-0.2974968903,-0.1275958279,0.0485463528
accelerated-technology--purchase-adopted--tax-adopted--index-cpi-indexed--gdp-on--electricity-industrial--ets2-adopted,scenarios/accelerated-technology--purchase-adopted--tax-adopted--index-cpi-indexed--gdp-on--electricity-industrial--ets2-adopted.json,accelerated_technology,False,adopted,adopted,cpi_indexed,on,industrial,adopted,0.2452880044,0.0656014614,0.4043249808,0.196565516,0.0882200373,0.1284448405,0.0389260455,0.6338704592,0.1469205574,0.0518380974,0.0552293978,0.0174313576,0.8326875331,0.0715094196,0.023142292,0.0538482344,-0.2769408776,0.4324981609,-0.0852355769,-0.1241699408,-1.1125219582,-0.1489196439,1.3870459084,0.1111119087,-0.236716215,-0.9603956221,-0.1142561457,1.2687533811,0.0097835526,-0.2038851658
accelerated-technology--purchase-adopted--tax-adopted--index-cpi-indexed--gdp-on--electricity-industrial--ets2-high-market,scenarios/accelerated-technology--purchase-adopted--tax-adopted--index-cpi-indexed--gdp-on--electricity-industrial--ets2-high-market.json,accelerated_technology,False,adopted,adopted,cpi_indexed,on,industrial,high_market,0.2452880044,0.0656014614,0.4043249808,0.196565516,0.0882200373,0.1145142855,0.0364992222,0.6481070639,0.1514590236,0.0494204047,0.0465776239,0.0156995473,0.8433828689,0.0730234116,0.0213165483,0.0538482344,-0.2769408776,0.4324981609,-0.0852355769,-0.1241699408,-2.5055774553,-0.3916019742,2.8107063866,0.5649585273,-0.4784854844,-1.8255730088,-0.2874371738,2.3382869604,0.1611827577,-0.3864595355
accelerated-technology--purchase-adopted--tax-adopted--index-cpi-indexed--gdp-on--electricity-industrial--ets2-off,scenarios/accelerated-technology--purchase-adopted--tax-adopted--index-cpi-indexed--gdp-on--electricity-industrial--ets2-off.json,accelerated_technology,False,adopted,adopted,cpi_indexed,on,industrial,off,0.2452880044,0.0656014614,0.4043249808,0.196565516,0.0882200373,0.1452461868,0.0416928951,0.6172250975,0.14140428,0.0544315406,0.0652198358,0.0193180272,0.8208029348,0.0696419952,0.025017207,0.0538482344,-0.2769408776,0.4324981609,-0.0852355769,-0.1241699408,0.567612672,0.1277653143,-0.2774902531,-0.440515835,0.0226281018,0.0386481791,0.074410811,0.0802935569,-0.1769588822,-0.0163936647
accelerated-technology--purchase-adopted--tax-adopted--index-cpi-indexed--gdp-on--electricity-vat-reduced--ets2-adopted,scenarios/accelerated-technology--purchase-adopted--tax-adopted--index-cpi-indexed--gdp-on--electricity-vat-reduced--ets2-adopted.json,accelerated_technology,False,adopted,adopted,cpi_indexed,on,vat_reduced,adopted,0.2412337957,0.0645171768,0.4097863607,0.197318814,0.0871438528,0.1255450451,0.0380472437,0.638940213,0.146576655,0.0508908432,0.0537327697,0.0169589958,0.8356819842,0.0710119597,0.0226142906,-0.351572643,-0.3853693437,0.9786361574,-0.0099057779,-0.2317883929,-1.4025014892,-0.2367998296,1.8940212937,0.0767216617,-0.3314416366,-1.1100584276,-0.1614923277,1.5681984952,-0.0399624324,-0.2566853075
accelerated-technology--purchase-adopted--tax-adopted--index-cpi-indexed--gdp-on--electricity-vat-reduced--ets2-high-market,scenarios/accelerated-technology--purchase-adopted--tax-adopted--index-cpi-indexed--gdp-on--electricity-vat-reduced--ets2-high-market.json,accelerated_technology,False,adopted,adopted,cpi_indexed,on,vat_reduced,high_market,0.2412337957,0.0645171768,0.4097863607,0.197318814,0.0871438528,0.1118495409,0.0356498862,0.6530204386,0.1509972425,0.0484828918,0.0452844683,0.0152636737,0.8461700458,0.0724658494,0.0208159629,-0.351572643,-0.3853693437,0.9786361574,-0.0099057779,-0.2317883929,-2.7720519134,-0.4765355738,3.3020438479,0.5187804189,-0.5722367797,-1.9548885744,-0.3310245377,2.6170046534,0.1054265362,-0.4365180775
accelerated-technology--purchase-adopted--tax-adopted--index-cpi-indexed--gdp-on--electricity-vat-reduced--ets2-off,scenarios/accelerated-technology--purchase-adopted--tax-adopted--index-cpi-indexed--gdp-on--electricity-vat-reduced--ets2-off.json,accelerated_technology,False,adopted,adopted,cpi_indexed,on,vat_reduced,off,0.2412337957,0.0645171768,0.4097863607,0.197318814,0.0871438528,0.142082446,0.0407847438,0.6224645626,0.1411879283,0.0534803193,0.0634981757,0.0188080738,0.8240223905,0.0692073273,0.0244640327,-0.351572643,-0.3853693437,0.9786361574,-0.0099057779,-0.2317883929,0.2512385945,0.036950185,0.2464562491,-0.4621510028,-0.0724940258,-0.1335178286,0.0234154723,0.4022391224,-0.2204256735,-0.0717110926
accelerated-technology--purchase-adopted--tax-plus30--index-adopted--gdp-off--electricity-adopted--ets2-adopted,scenarios/accelerated-technology--purchase-adopted--tax-plus30--index-adopted--gdp-off--electricity-adopted--ets2-adopted.json,accelerated_technology,False,adopted,plus30,adopted,off,adopted,adopted,0.2209646016,0.0685288671,0.4162253373,0.2069431966,0.0873379974,0.1256776443,0.0398919828,0.6328718016,0.1493300026,0.0522285686,0.0582217055,0.0181719101,0.8273047713,0.0722254253,0.0240761877,-2.3784920463,0.0157996852,1.6225338169,0.9525324775,-0.2123739333,-1.389241572,-0.0523259199,1.2871801561,0.35205643,-0.1976690942,-0.6611648496,-0.040200895,0.7304772053,0.0813841309,-0.1104955916
accelerated-technology--purchase-adopted--tax-plus30--index-adopted--gdp-off--electricity-adopted--ets2-high-market,scenarios/accelerated-technology--purchase-adopted--tax-plus30--index-adopted--gdp-off--electricity-adopted--ets2-high-market.json,accelerated_technology,False,adopted,plus30,adopted,off,adopted,high_market,0.2209646016,0.0685288671,0.4162253373,0.2069431966,0.0873379974,0.1125853967,0.0374421004,0.6464128995,0.1536899193,0.0498696841,0.0491023812,0.0163883293,0.8384579684,0.0738568203,0.0221945008,-2.3784920463,0.0157996852,1.6225338169,0.9525324775,-0.2123739333,-2.6984663343,-0.2973141554,2.6412899394,0.7880480935,-0.4335575432,-1.5730972796,-0.2185589784,1.8457969128,0.2445236293,-0.2986642842
accelerated-technology--purchase-adopted--tax-plus30--index-adopted--gdp-off--electricity-adopted--ets2-off,scenarios/accelerated-technology--purchase-adopted--tax-plus30--index-adopted--gdp-off--electricity-adopted--ets2-off.json,accelerated_technology,False,adopted,plus30,adopted,off,adopted,off,0.2209646016,0.0685288671,0.4162253373,0.2069431966,0.0873379974,0.1413369229,0.0426852728,0.6171540759,0.1440670369,0.0547566916,0.0687548387,0.0201093893,0.8149007259,0.0702308105,0.0260042356,-2.3784920463,0.0157996852,1.6225338169,0.9525324775,-0.2123739333,0.1766862856,0.2270030774,-0.2845924184,-0.1742401424,0.0551431978,0.3921484695,0.1535470218,-0.5099273311,-0.1180773512,0.0823091909
accelerated-technology--purchase-adopted--tax-plus30--index-adopted--gdp-off--electricity-north-reduction--ets2-adopted,scenarios/accelerated-technology--purchase-adopted--tax-plus30--index-adopted--gdp-off--electricity-north-reduction--ets2-adopted.json,accelerated_technology,False,adopted,plus30,adopted,off,north_reduction,adopted,0.2194639515,0.0680634629,0.4183719401,0.2072054013,0.0868952442,0.1245508201,0.0395343118,0.6348730054,0.1491918374,0.0518500253,0.0576002609,0.0179779475,0.8285270373,0.0720342544,0.0238604999,-2.5285570573,-0.0307407341,1.8371940986,0.9787529479,-0.2566492551,-1.5019239919,-0.0880930222,1.4873005357,0.3382399021,-0.2355234237,-0.7233093104,-0.0595971587,0.8527038085,0.0622670384,-0.1320643778
accelerated-technology--purchase-adopted--tax-plus30--index-adopted--gdp-off--electricity-north-reduction--ets2-high-market,scenarios/accelerated-technology--purchase-adopted--tax-plus30--index-adopted--gdp-off--electricity-north-reduction--ets2-high-market.json,accelerated_technology,False,adopted,plus30,adopted,off,north_reduction,high_market,0.2194639515,0.0680634629,0.4183719401,0.2072054013,0.0868952442,0.1115460968,0.0370964644,0.6483558242,0.1535066267,0.0494949879,0.0485648606,0.0162089273,0.8395956234,0.0736409919,0.0219895967,-2.5285570573,-0.0307407341,1.8371940986,0.9787529479,-0.2566492551,-2.8023963236,-0.3318777597,2.8355824126,0.7697188353,-0.4710271645,-1.6268493348,-0.2364991751,1.9595624142,0.2229407911,-0.3191546955
accelerated-technology--purchase-adopted--tax-plus30--index-adopted--gdp-off--electricity-north-reduction--ets2-off,scenarios/accelerated-technology--purchase-adopted--tax-plus30--index-adopted--gdp-off--electricity-north-reduction--ets2-off.json,accelerated_technology,False,adopted,plus30,adopted,off,north_reduction,off,0.2194639515,0.0680634629,0.4183719401,0.2072054013,0.0868952442,0.1401123471,0.0423154377,0.6192182714,0.143977567,0.0543763767,0.068040744,0.0199005311,0.8162146708,0.0700652856,0.0257787685,-2.5285570573,-0.0307407341,1.8371940986,0.9787529479,-0.2566492551,0.0542287113,0.1900195713,-0.0781728648,-0.1831871321,0.0171117143,0.3207389972,0.1326612063,-0.3785328483,-0.1346298431,0.0597624879
accelerated-technology--purchase-adopted--tax-plus30--index-adopted--gdp-off--electricity-industrial--ets2-adopted,scenarios/accelerated-technology--purchase-adopted--tax-plus30--index-adopted--gdp-off--electricity-industrial--ets2-adopted.json,accelerated_technology,False,adopted,plus30,adopted,off,industrial,adopted,0.2150971858,0.0667091758,0.4246565803,0.2079383293,0.0855987289,0.1212946474,0.0385007533,0.6406882541,0.1487654401,0.050750905,0.055814813,0.0174206811,0.8320558364,0.0714703705,0.023238299,-2.9652336299,-0.1661694434,2.4656581154,1.0520457451,-0.3863007871,-1.8275412646,-0.1914488633,2.0688254003,0.2956001811,-0.3454354535,-0.9018540995,-0.1153237959,1.2055837199,0.0058786423,-0.1942844667
accelerated-technology--purchase-adopted--tax-plus30--index-adopted--gdp-off--electricity-industrial--ets2-high-market,scenarios/accelerated-technology--purchase-adopted--tax-plus30--index-adopted--gdp-off--electricity-industrial--ets2-high-market.json,accelerated_technology,False,adopted,plus30,adopted,off,industrial,high_market,0.2150971858,0.0667091758,0.4246565803,0.2079383293,0.0855987289,0.1085453566,0.0360985195,0.6539992886,0.1529487542,0.0484080811,0.0470217359,0.0156938966,0.8428794429,0.0730059212,0.0213990035,-2.9652336299,-0.1661694434,2.4656581154,1.0520457451,-0.3863007871,-3.1024703469,-0.431672245,3.3999288494,0.7139315862,-0.5797178437,-1.7811618097,-0.2880022507,2.2879443676,0.1594337124,-0.3782140196
accelerated-technology--purchase-adopted--tax-plus30--index-adopted--gdp-off--electricity-industrial--ets2-off,scenarios/accelerated-technology--purchase-adopted--tax-plus30--index-adopted--gdp-off--electricity-industrial--ets2-off.json,accelerated_technology,False,adopted,plus30,adopted,off,industrial,off,0.2150971858,0.0667091758,0.4246565803,0.2079383293,0.0855987289,0.1365703188,0.041245707,0.6252197276,0.1436933565,0.0532708902,0.0659874154,0.0192999744,0.8200092457,0.0695755912,0.0251277733,-2.9652336299,-0.1661694434,2.4656581154,1.0520457451,-0.3863007871,-0.2999741273,0.0830464997,0.5219727549,-0.2116081875,-0.0934369397,0.1154061397,0.0726055296,0.0009246473,-0.1835992813,-0.0053370354
accelerated-technology--purchase-adopted--tax-plus30--index-adopted--gdp-off--electricity-vat-reduced--ets2-adopted,scenarios/accelerated-technology--purchase-adopted--tax-plus30--index-adopted--gdp-off--electricity-vat-reduced--ets2-adopted.json,accelerated_technology,False,adopted,plus30,adopted,off,vat_reduced,adopted,0.2113368843,0.0655429745,0.4301147635,0.208532835,0.0844725427,0.1185177472,0.0376193233,0.6456866181,0.1483689859,0.0498073255,0.054304245,0.0169492091,0.8350619374,0.0709756968,0.0227089117,-3.3412637815,-0.282789572,3.0114764329,1.1114963232,-0.4989194025,-2.1052312863,-0.2795918709,2.5686618057,0.2559547555,-0.439793404,-1.0529108955,-0.1624709981,1.5061938152,-0.0435887229,-0.2472231987
accelerated-technology--purchase-adopted--tax-plus30--index-adopted--gdp-off--electricity-vat-reduced--ets2-high-market,scenarios/accelerated-technology--purchase-adopted--tax-plus30--index-adopted--gdp-off--electricity-vat-reduced--ets2-high-market.json,accelerated_technology,False,adopted,plus30,adopted,off,vat_reduced,high_market,0.2113368843,0.0655429745,0.4301147635,0.208532835,0.0844725427,0.1059892597,0.0352484481,0.6588471443,0.1524389254,0.0474762225,0.0457175936,0.0152586282,0.8456760609,0.0724506215,0.0208970958,-3.3412637815,-0.282789572,3.0114764329,1.1114963232,-0.4989194025,-3.3580800295,-0.5166793923,3.8847144197,0.6629487068,-0.6729037047,-1.9115760391,-0.3315290876,2.5676061667,0.1039037468,-0.4284047868
accelerated-technology--purchase-adopted--tax-plus30--index-adopted--gdp-off--electricity-vat-reduced--ets2-off,scenarios/accelerated-technology--purchase-adopted--tax-plus30--index-adopted--gdp-off--electricity-vat-reduced--ets2-off.json,accelerated_technology,False,adopted,plus30,adopted,off,vat_reduced,off,0.2113368843,0.0655429745,0.4301147635,0.208532835,0.0844725427,0.1335456333,0.0403322194,0.630381864,0.1434198896,0.0523203936,0.0642482252,0.0187912967,0.8232430007,0.0691442783,0.0245731992,-3.3412637815,-0.282789572,3.0114764329,1.1114963232,-0.4989194025,-0.6024426687,-0.0083022571,1.0381863964,-0.238954876,-0.1884865945,-0.058512881,0.0217377601,0.3243001406,-0.2267305772,-0.0607944424
accelerated-technology--purchase-adopted--tax-plus30--index-adopted--gdp-on--electricity-adopted--ets2-adopted,scenarios/accelerated-technology--purchase-adopted--tax-plus30--index-adopted--gdp-on--electricity-adopted--ets2-adopted.json,accelerated_technology,False,adopted,plus30,adopted,on,adopted,adopted,0.2194546872,0.0685221694,0.4172810066,0.2075557806,0.0871863563,0.1212365236,0.0396724405,0.6370972884,0.1504508418,0.0515429057,0.0539680925,0.0178574757,0.8321423498,0.0727245649,0.0233075171,-2.5294834894,0.0151299183,1.7281007386,1.0137908796,-0.2275380471,-1.8333536418,-0.0742801521,1.7097288332,0.4641403454,-0.2662353848,-1.0865261454,-0.071644336,1.2142350525,0.1312980877,-0.1873626588
accelerated-technology--purchase-adopted--tax-plus30--index-adopted--gdp-on--electricity-adopted--ets2-high-market,scenarios/accelerated-technology--purchase-adopted--tax-plus30--index-adopted--gdp-on--electricity-adopted--ets2-high-market.json,accelerated_technology,False,adopted,plus30,adopted,on,adopted,high_market,0.2194546872,0.0685221694,0.4172810066,0.2075557806,0.0871863563,0.1088551422,0.0372312753,0.6500856709,0.1545977455,0.0492301661,0.0458472561,0.016120147,0.8423306098,0.074169177,0.0215328102,-2.5294834894,0.0151299183,1.7281007386,1.0137908796,-0.2275380471,-3.0714917826,-0.3183966695,3.0085670855,0.8788307169,-0.4975093503,-1.898609794,-0.245377208,2.2330610506,0.275759297,-0.3648333456
accelerated-technology--purchase-adopted--tax-plus30--index-adopted--gdp-on--electricity-adopted--ets2-off,scenarios/accelerated-technology--purchase-adopted--tax-plus30--index-adopted--gdp-on--electricity-adopted--ets2-off.json,accelerated_technology,False,adopted,plus30,adopted,on,adopted,off,0.2194546872,0.0685221694,0.4172810066,0.2075557806,0.0871863563,0.135986102,0.0424600761,0.6220758407,0.1454525562,0.054025425,0.0632301069,0.0197428642,0.8209458452,0.070960724,0.0251204597,-2.5294834894,0.0151299183,1.7281007386,1.0137908796,-0.2275380471,-0.3583958011,0.2044834125,0.2075840643,-0.0356882148,-0.017983461,-0.1603247102,0.1168945175,0.0945845933,-0.0450860045,-0.0060683961
accelerated-technology--purchase-adopted--tax-plus30--index-adopted--gdp-on--electricity-north-reduction--ets2-adopted,scenarios/accelerated-technology--purchase-adopted--tax-plus30--index-adopted--gdp-on--electricity-north-reduction--ets2-adopted.json,accelerated_technology,False,adopted,plus30,adopted,on,north_reduction,adopted,0.2179598962,0.0680554383,0.4194274722,0.2078145708,0.0867426226,0.1201400072,0.0393136255,0.6390813453,0.1502997406,0.0511652814,0.0533860877,0.0176648964,0.8333289068,0.0725239732,0.023096136,-2.6789625913,-0.0315431898,1.9427473008,1.0396698972,-0.2719114168,-1.9430052792,-0.1101616499,1.9081345258,0.4490302251,-0.3039978218,-1.14472663,-0.0909022658,1.332890752,0.1112389143,-0.2085007704
accelerated-technology--purchase-adopted--tax-plus30--index-adopted--gdp-on--electricity-north-reduction--ets2-high-market,scenarios/accelerated-technology--purchase-adopted--tax-plus30--index-adopted--gdp-on--electricity-north-reduction--ets2-high-market.json,accelerated_technology,False,adopted,plus30,adopted,on,north_reduction,high_market,0.2179598962,0.0680554383,0.4194274722,0.2078145708,0.0867426226,0.107842749,0.0368850106,0.652012784,0.154402592,0.0488568644,0.0453411322,0.0159421911,0.8434391293,0.0739455259,0.0213320216,-2.6789625913,-0.0315431898,1.9427473008,1.0396698972,-0.2719114168,-3.1727311038,-0.3530231369,3.2012783974,0.8593153639,-0.5348395206,-1.949222181,-0.2631728011,2.3439130056,0.2533941871,-0.3849122105
accelerated-technology--purchase-adopted--tax-plus30--index-adopted--gdp-on--electricity-north-reduction--ets2-off,scenarios/accelerated-technology--purchase-adopted--tax-plus30--index-adopted--gdp-on--electricity-north-reduction--ets2-off.json,accelerated_technology,False,adopted,plus30,adopted,on,north_reduction,off,0.2179598962,0.0680554383,0.4194274722,0.2078145708,0.0867426226,0.1347956782,0.0420883801,0.6241215503,0.1453490611,0.0536453303,0.062565079,0.019535217,0.8222162843,0.070784073,0.0248993467,-2.6789625913,-0.0315431898,1.9427473008,1.0396698972,-0.2719114168,-0.4774381876,0.1673138142,0.4121550181,-0.0460377218,-0.0559929229,-0.2268275036,0.096129795,0.2216285059,-0.0627511049,-0.0281796925
accelerated-technology--purchase-adopted--tax-plus30--index-adopted--gdp-on--electricity-industrial--ets2-adopted,scenarios/accelerated-technology--purchase-adopted--tax-plus30--index-adopted--gdp-on--electricity-industrial--ets2-adopted.json,accelerated_technology,False,adopted,plus30,adopted,on,industrial,adopted,0.2136104668,0.0666973797,0.4257114431,0.2085373621,0.0854433483,0.1169722021,0.038277019,0.6448459758,0.1498356607,0.0500691424,0.0517144839,0.0171117802,0.8367542563,0.0719329104,0.0224865692,-3.113905525,-0.1673490537,2.5711443928,1.1119490289,-0.4018388429,-2.2597857966,-0.2138222947,2.4845975737,0.4026222393,-0.4136117217,-1.3118870113,-0.1462138825,1.6754257024,0.0521326346,-0.2694574432
accelerated-technology--purchase-adopted--tax-plus30--index-adopted--gdp-on--electricity-industrial--ets2-high-market,scenarios/accelerated-technology--purchase-adopted--tax-plus30--index-adopted--gdp-on--electricity-industrial--ets2-high-market.json,accelerated_technology,False,adopted,plus30,adopted,on,industrial,high_market,0.2136104668,0.0666973797,0.4257114431,0.2085373621,0.0854433483,0.1049203342,0.0358854691,0.6576096859,0.1538102387,0.0477742722,0.0438885272,0.0154314472,0.8466386331,0.0732879363,0.0207534563,-3.113905525,-0.1673490537,2.5711443928,1.1119490289,-0.4018388429,-3.464972588,-0.4529772863,3.7609685793,0.800080035,-0.6430987399,-2.0944826819,-0.3142471909,2.6638633849,0.1876352282,-0.4427687402
accelerated-technology--purchase-adopted--tax-plus30--index-adopted--gdp-on--electricity-industrial--ets2-off,scenarios/accelerated-technology--purchase-adopted--tax-plus30--index-adopted--gdp-on--electricity-industrial--ets2-off.json,accelerated_technology,False,adopted,plus30,adopted,on,industrial,off,0.2136104668,0.0666973797,0.4257114431,0.2085373621,0.0854433483,0.1313534151,0.0410135736,0.6300682622,0.1450238986,0.0525408505,0.0606535645,0.0189383689,0.8258846659,0.070262213,0.0242611877,-3.113905525,-0.1673490537,2.5711443928,1.1119490289,-0.4018388429,-0.8216644897,0.0598331617,1.0068262129,-0.0785539754,-0.1664409094,-0.4179789516,0.0364449823,0.5884666638,-0.1149371006,-0.0919955939
accelerated-technology--purchase-adopted--tax-plus30--index-adopted--gdp-on--electricity-vat-reduced--ets2-adopted,scenarios/accelerated-technology--purchase-adopted--tax-plus30--index-adopted--gdp-on--electricity-vat-reduced--ets2-adopted.json,accelerated_technology,False,adopted,plus30,adopted,on,vat_reduced,adopted,0.2098654377,0.065528038,0.4311687237,0.2091229003,0.0843149003,0.1142715927,0.0373932939,0.6497999013,0.1494067186,0.0491284935,0.0503008551,0.0166440253,0.8396718275,0.0714151134,0.0219681787,-3.4884084344,-0.2842832241,3.1168724557,1.1705028449,-0.5146836421,-2.5298467329,-0.302194809,2.9799901272,0.3597280243,-0.5076766097,-1.4532498929,-0.1929893772,1.9671828238,0.0003529414,-0.3212964951
accelerated-technology--purchase-adopted--tax-plus30--index-adopted--gdp-on--electricity-vat-reduced--ets2-high-market,scenarios/accelerated-technology--purchase-adopted--tax-plus30--index-adopted--gdp-on--electricity-vat-reduced--ets2-high-market.json,accelerated_technology,False,adopted,plus30,adopted,on,vat_reduced,high_market,0.2098654377,0.065528038,0.4311687237,0.2091229003,0.0843149003,0.1024317097,0.0350342952,0.6624167973,0.1532707661,0.0468464317,0.0426613368,0.0149999603,0.8493632005,0.0727135371,0.0202619653,-3.4884084344,-0.2842832241,3.1168724557,1.1705028449,-0.5146836421,-3.71383503,-0.5380946809,4.241679725,0.7461327781,-0.7358827922,-2.2172017186,-0.3573958781,2.9363201242,0.1301953106,-0.491917838
accelerated-technology--purchase-adopted--tax-plus30--index-adopted--gdp-on--electricity-vat-reduced--ets2-off,scenarios/accelerated-technology--purchase-adopted--tax-plus30--index-adopted--gdp-on--electricity-vat-reduced--ets2-off.json,accelerated_technology,False,adopted,plus30,adopted,on,vat_reduced,off,0.2098654377,0.065528038,0.4311687237,0.2091229003,0.0843149003,0.1284150862,0.0400961146,0.635182134,0.1447150104,0.0515916547,0.0590353432,0.0184330981,0.8290102446,0.0698034541,0.02371786,-3.4884084344,-0.2842832241,3.1168724557,1.1705028449,-0.5146836421,-1.1154973793,-0.031912735,1.5182133954,-0.1094427917,-0.2613604893,-0.579801083,-0.014082093,0.9010245337,-0.1608129927,-0.1463283651
accelerated-technology--purchase-adopted--tax-plus30--index-cpi-indexed--gdp-off--electricity-adopted--ets2-adopted,scenarios/accelerated-technology--purchase-adopted--tax-plus30--index-cpi-indexed--gdp-off--electricity-adopted--ets2-adopted.json,accelerated_technology,False,adopted,plus30,cpi_indexed,off,adopted,adopted,0.2300190813,0.0673835994,0.4104857478,0.2040381042,0.0880734673,0.1230335697,0.0398940877,0.6353104257,0.1499194438,0.051842473,0.0548392547,0.0179836184,0.8311062002,0.0725927733,0.0234781534,-1.4730440777,-0.0987270788,1.0485748595,0.6620232378,-0.1388269408,-1.6536490303,-0.0521154247,1.5310425661,0.4110005503,-0.2362786614,-0.9994099299,-0.0590300684,1.110620099,0.1181189282,-0.1702990289
accelerated-technology--purchase-adopted--tax-plus30--index-cpi-indexed--gdp-off--electricity-adopted--ets2-high-market,scenarios/accelerated-technology--purchase-adopted--tax-plus30--index-cpi-indexed--gdp-off--electricity-adopted--ets2-high-market.json,accelerated_technology,False,adopted,plus30,cpi_indexed,off,adopted,high_market,0.2300190813,0.0673835994,0.4104857478,0.2040381042,0.0880734673,0.1103686548,0.0374297407,0.6485317572,0.1541607385,0.0495091087,0.0465181274,0.0162239272,0.841498009,0.0740801819,0.0216797545,-1.4730440777,-0.0987270788,1.0485748595,0.6620232378,-0.1388269408,-2.9201405222,-0.2985501265,2.8531757156,0.8351300172,-0.4696150841,-1.8315226642,-0.2349991841,2.1498009749,0.266859789,-0.3501389157
accelerated-technology--purchase-adopted--tax-plus30--index-cpi-indexed--gdp-off--electricity-adopted--ets2-off,scenarios/accelerated-technology--purchase-adopted--tax-plus30--index-cpi-indexed--gdp-off--electricity-adopted--ets2-off.json,accelerated_technology,False,adopted,plus30,cpi_indexed,off,adopted,off,0.2300190813,0.0673835994,0.4104857478,0.2040381042,0.0880734673,0.1381442937,0.0427095487,0.6199959834,0.1448044416,0.0543457326,0.064353815,0.0198960255,0.8196567427,0.0707767342,0.0253166825,-1.4730440777,-0.0987270788,1.0485748595,0.6620232378,-0.1388269408,-0.1425766336,0.2294306678,-0.0004016645,-0.100499676,0.0140473064,-0.0479538986,0.1322106459,-0.0343256519,-0.0634849809,0.0135538855
accelerated-technology--purchase-adopted--tax-plus30--index-cpi-indexed--gdp-off--electricity-north-reduction--ets2-adopted,scenarios/accelerated-technology--purchase-adopted--tax-plus30--index-cpi-indexed--gdp-off--electricity-north-reduction--ets2-adopted.json,accelerated_technology,False,adopted,plus30,cpi_indexed,off,north_reduction,adopted,0.2284808794,0.0669329865,0.4126319292,0.2043180367,0.0876361683,0.1219249944,0.0395346281,0.6373019245,0.1497740287,0.0514644243,0.0542492041,0.0177901211,0.832300526,0.0723943454,0.0232658033,-1.6268642693,-0.143788376,1.2631930051,0.6900164842,-0.182556844,-1.7645065624,-0.0880613874,1.730192446,0.3964590353,-0.2740835315,-1.0584149875,-0.0783797923,1.2300526767,0.0982761392,-0.1915340361
accelerated-technology--purchase-adopted--tax-plus30--index-cpi-indexed--gdp-off--electricity-north-reduction--ets2-high-market,scenarios/accelerated-technology--purchase-adopted--tax-plus30--index-cpi-indexed--gdp-off--electricity-north-reduction--ets2-high-market.json,accelerated_technology,False,adopted,plus30,cpi_indexed,off,north_reduction,high_market,0.2284808794,0.0669329865,0.4126319292,0.2043180367,0.0876361683,0.1093455093,0.0370827575,0.6504657305,0.1539708171,0.0491351855,0.04600556,0.0160451613,0.8426128894,0.0738583443,0.021478045,-1.6268642693,-0.143788376,1.2631930051,0.6900164842,-0.182556844,-3.0224550694,-0.3332484471,3.0465730409,0.8161378813,-0.5070074057,-1.8827794024,-0.2528757763,2.261289016,0.2446760318,-0.3703098692
accelerated-technology--purchase-adopted--tax-plus30--index-cpi-indexed--gdp-off--electricity-north-reduction--ets2-off,scenarios/accelerated-technology--purchase-adopted--tax-plus30--index-cpi-indexed--gdp-off--electricity-north-reduction--ets2-off.json,accelerated_technology,False,adopted,plus30,cpi_indexed,off,north_reduction,off,0.2284808794,0.0669329865,0.4126319292,0.2043180367,0.0876361683,0.1369403537,0.0423373311,0.6220497224,0.1447070894,0.0539655034,0.0636788419,0.0196873466,0.8209366124,0.0706026184,0.0250945807,-1.6268642693,-0.143788376,1.2631930051,0.6900164842,-0.182556844,-0.2629706283,0.192208912,0.2049722335,-0.110234897,-0.02397562,-0.1154512126,0.1113427567,0.0936613133,-0.0808965595,-0.0086562979
accelerated-technology--purchase-adopted--tax-plus30--index-cpi-indexed--gdp-off--electricity-industrial--ets2-adopted,scenarios/accelerated-technology--purchase-adopted--tax-plus30--index-cpi-indexed--gdp-off--electricity-industrial--ets2-adopted.json,accelerated_technology,False,adopted,plus30,cpi_indexed,off,industrial,adopted,0.2240033087,0.0656212917,0.4189167811,0.2051035713,0.0863550472,0.1187220059,0.0384960473,0.6430885114,0.1493265177,0.0503669177,0.0525543724,0.0172343294,0.8357483745,0.0718095281,0.0226533956,-2.074621339,-0.2749578549,1.8916781924,0.768569953,-0.3106689516,-2.084805411,-0.1919194677,2.3088511319,0.351707939,-0.3838341921,-1.2278981599,-0.1339589702,1.5748375292,0.0397944095,-0.2527748086
accelerated-technology--purchase-adopted--tax-plus30--index-cpi-indexed--gdp-off--electricity-industrial--ets2-high-market,scenarios/accelerated-technology--purchase-adopted--tax-plus30--index-cpi-indexed--gdp-off--electricity-industrial--ets2-high-market.json,accelerated_technology,False,adopted,plus30,cpi_indexed,off,industrial,high_market,0.2240033087,0.0656212917,0.4189167811,0.2051035713,0.0863550472,0.106391776,0.0360810467,0.6560828241,0.1533936796,0.0480506736,0.0445343746,0.0155320623,0.8458307956,0.0732059784,0.020896789,-2.074621339,-0.2749578549,1.8916781924,0.768569953,-0.3106689516,-3.3178284074,-0.4334195281,3.6082824021,0.7584241289,-0.6154585955,-2.0298979357,-0.3041856744,2.5830796383,0.1794394357,-0.4284354638
accelerated-technology--purchase-adopted--tax-plus30--index-cpi-indexed--gdp-off--electricity-industrial--ets2-off,scenarios/accelerated-technology--purchase-adopted--tax-plus30--index-cpi-indexed--gdp-off--electricity-industrial--ets2-off.json,accelerated_technology,False,adopted,plus30,cpi_indexed,off,industrial,off,0.2240033087,0.0656212917,0.4189167811,0.2051035713,0.0863550472,0.1334585772,0.0412608834,0.6280201972,0.1443998684,0.0528604738,0.0617385792,0.019087483,0.8246323383,0.0700880903,0.0244535092,-2.074621339,-0.2749578549,1.8916781924,0.768569953,-0.3106689516,-0.6111482837,0.0845641435,0.8020197104,-0.1409569889,-0.1344785813,-0.3094774768,0.0513563906,0.463233902,-0.1323493714,-0.0727634445
accelerated-technology--purchase-adopted--tax-plus30--index-cpi-indexed--gdp-off--electricity-vat-reduced--ets2-adopted,scenarios/accelerated-technology--purchase-adopted--tax-plus30--index-cpi-indexed--gdp-off--electricity-vat-reduced--ets2-adopted.json,accelerated_technology,False,adopted,plus30,cpi_indexed,off,vat_reduced,adopted,0.2201457539,0.0644912292,0.4243768855,0.2057445917,0.0852415397,0.1159909942,0.0376105067,0.6480616983,0.1489118668,0.0494249341,0.0511209606,0.0167642659,0.8386851913,0.0712970482,0.022132534,-2.4603768202,-0.3879641006,2.4376886334,0.8326719911,-0.4220197037,-2.357906583,-0.2804735277,2.8061698177,0.310242845,-0.478032552,-1.3712393417,-0.1809653186,1.8685192077,-0.011453581,-0.3048609665
accelerated-technology--purchase-adopted--tax-plus30--index-cpi-indexed--gdp-off--electricity-vat-reduced--ets2-high-market,scenarios/accelerated-technology--purchase-adopted--tax-plus30--index-cpi-indexed--gdp-off--electricity-vat-reduced--ets2-high-market.json,accelerated_technology,False,adopted,plus30,cpi_indexed,off,vat_reduced,high_market,0.2201457539,0.0644912292,0.4243768855,0.2057445917,0.0852415397,0.1038761508,0.0352279132,0.6609075922,0.1528672949,0.0471210489,0.0432913854,0.0150985503,0.8485710821,0.0726360135,0.0204029687,-2.4603768202,-0.3879641006,2.4376886334,0.8326719911,-0.4220197037,-3.5693909267,-0.5187328798,4.0907592142,0.7057856551,-0.7084210628,-2.1541968611,-0.3475368761,2.8571082884,0.1224429442,-0.4778174954
accelerated-technology--purchase-adopted--tax-plus30--index-cpi-indexed--gdp-off--electricity-vat-reduced--ets2-off,scenarios/accelerated-technology--purchase-adopted--tax-plus30--index-cpi-indexed--gdp-off--electricity-vat-reduced--ets2-off.json,accelerated_technology,False,adopted,plus30,cpi_indexed,off,vat_reduced,off,0.2201457539,0.0644912292,0.4243768855,0.2057445917,0.0852415397,0.1304860105,0.0403418662,0.6331550009,0.1441065051,0.0519106173,0.0600958305,0.0185796006,0.8277813454,0.0696355905,0.0239076331,-2.4603768202,-0.3879641006,2.4376886334,0.8326719911,-0.4220197037,-0.9084049539,-0.0073375767,1.3155000855,-0.1702933278,-0.2294642271,-0.4737523503,0.0005681495,0.7781346145,-0.1775993536,-0.1273510601
accelerated-technology--purchase-adopted--tax-plus30--index-cpi-indexed--gdp-on--electricity-adopted--ets2-adopted,scenarios/accelerated-technology--purchase-adopted--tax-plus30--index-cpi-indexed--gdp-on--electricity-adopted--ets2-adopted.json,accelerated_technology,False,adopted,plus30,cpi_indexed,on,adopted,adopted,0.2285563623,0.0673760521,0.411495318,0.2046353246,0.0879369431,0.1185369805,0.0396618412,0.6396215342,0.151047468,0.0511321762,0.0504771597,0.0176255194,0.8361683474,0.0730802412,0.0226487323,-1.619315983,-0.0994818135,1.1495318819,0.7217452809,-0.1524793663,-2.103307956,-0.0753400827,1.9621534141,0.5238029645,-0.3073083399,-1.4356194325,-0.0948399692,1.6168348166,0.1668657186,-0.2532411335
accelerated-technology--purchase-adopted--tax-plus30--index-cpi-indexed--gdp-on--electricity-adopted--ets2-high-market,scenarios/accelerated-technology--purchase-adopted--tax-plus30--index-cpi-indexed--gdp-on--electricity-adopted--ets2-high-market.json,accelerated_technology,False,adopted,plus30,cpi_indexed,on,adopted,high_market,0.2285563623,0.0673760521,0.411495318,0.2046353246,0.0879369431,0.1065833467,0.0372084723,0.6522867072,0.1550742575,0.0488472163,0.043147133,0.0159210794,0.8455886964,0.0743789837,0.0209641076,-1.619315983,-0.0994818135,1.1495318819,0.7217452809,-0.1524793663,-3.2986713349,-0.3206769725,3.2286707166,0.9264819202,-0.5358043294,-2.1686221028,-0.2652839689,2.5588697109,0.2967399634,-0.4217036027
accelerated-technology--purchase-adopted--tax-plus30--index-cpi-indexed--gdp-on--electricity-adopted--ets2-off,scenarios/accelerated-technology--purchase-adopted--tax-plus30--index-cpi-indexed--gdp-on--electricity-adopted--ets2-off.json,accelerated_technology,False,adopted,plus30,cpi_indexed,on,adopted,off,0.2285563623,0.0673760521,0.411495318,0.2046353246,0.0879369431,0.1327406347,0.0424683991,0.6250054381,0.146198559,0.0535869692,0.058748498,0.0194739928,0.825917149,0.0714955929,0.0243647672,-1.619315983,-0.0994818135,1.1495318819,0.7217452809,-0.1524793663,-0.6829425377,0.2053157161,0.5005437979,0.0389120661,-0.0618290424,-0.6084855992,0.0900073737,0.5917149782,0.0084008893,-0.081637642
accelerated-technology--purchase-adopted--tax-plus30--index-cpi-indexed--gdp-on--electricity-north-reduction--ets2-adopted,scenarios/accelerated-technology--purchase-adopted--tax-plus30--index-cpi-indexed--gdp-on--electricity-north-reduction--ets2-adopted.json,accelerated_technology,False,adopted,plus30,cpi_indexed,on,north_reduction,adopted,0.2270235587,0.0669241974,0.4136414912,0.2049121201,0.0874986325,0.1174594149,0.0393012935,0.641595345,0.1508887471,0.0507551995,0.0499281176,0.0174338059,0.8373250244,0.0728718316,0.0224412204,-1.7725963377,-0.144667277,1.3641492041,0.749424831,-0.1963104204,-2.2110645139,-0.111394852,2.1595344948,0.5079308805,-0.3450060094,-1.4905236356,-0.1140113152,1.7325025125,0.1460247597,-0.2739923213
accelerated-technology--purchase-adopted--tax-plus30--index-cpi-indexed--gdp-on--electricity-north-reduction--ets2-high-market,scenarios/accelerated-technology--purchase-adopted--tax-plus30--index-cpi-indexed--gdp-on--electricity-north-reduction--ets2-high-market.json,accelerated_technology,False,adopted,plus30,cpi_indexed,on,north_reduction,high_market,0.2270235587,0.0669241974,0.4136414912,0.2049121201,0.0874986325,0.105587746,0.0368609059,0.6542043779,0.1548721425,0.0484748277,0.0426674468,0.0157440775,0.8466726502,0.0741488436,0.0207669818,-1.7725963377,-0.144667277,1.3641492041,0.749424831,-0.1963104204,-3.3982314078,-0.355433605,3.4204377774,0.9062704188,-0.5730431835,-2.2165907188,-0.2829841517,2.6672650968,0.2737259574,-0.4414161836
accelerated-technology--purchase-adopted--tax-plus30--index-cpi-indexed--gdp-on--electricity-north-reduction--ets2-off,scenarios/accelerated-technology--purchase-adopted--tax-plus30--index-cpi-indexed--gdp-on--electricity-north-reduction--ets2-off.json,accelerated_technology,False,adopted,plus30,cpi_indexed,on,north_reduction,off,0.2270235587,0.0669241974,0.4136414912,0.2049121201,0.0874986325,0.1315716268,0.0420943924,0.6270400837,0.1460867666,0.0532071306,0.0581241622,0.0192670375,0.8271514662,0.0713097051,0.024147629,-1.7725963377,-0.144667277,1.3641492041,0.749424831,-0.1963104204,-0.7998433267,0.1679150408,0.7040083648,0.0277328215,-0.0998129005,-0.67091918,0.0693118471,0.715146693,-0.0101878927,-0.1033514674
accelerated-technology--purchase-adopted--tax-plus30--index-cpi-indexed--gdp-on--electricity-industrial--ets2-adopted,scenarios/accelerated-technology--purchase-adopted--tax-plus30--index-cpi-indexed--gdp-on--electricity-industrial--ets2-adopted.json,accelerated_technology,False,adopted,plus30,cpi_indexed,on,industrial,adopted,0.2225619843,0.0656089715,0.4199260604,0.2056883283,0.0862146555,0.1143468127,0.0382598334,0.6473297398,0.1504024903,0.0496611238,0.0483516086,0.0168833235,0.8406638458,0.0722582375,0.0218429846,-2.2187537755,-0.2761898759,1.9926061254,0.8270456529,-0.3247081268,-2.5223247339,-0.2155408607,2.7329739747,0.4593051976,-0.4544135777,-1.6481745386,-0.1690595601,2.066384655,0.0846653476,-0.3338159039
accelerated-technology--purchase-adopted--tax-plus30--index-cpi-indexed--gdp-on--electricity-industrial--ets2-high-market,scenarios/accelerated-technology--purchase-adopted--tax-plus30--index-cpi-indexed--gdp-on--electricity-industrial--ets2-high-market.json,accelerated_technology,False,adopted,plus30,cpi_indexed,on,industrial,high_market,0.2225619843,0.0656089715,0.4199260604,0.2056883283,0.0862146555,0.1027141743,0.035857736,0.6597734799,0.1542595682,0.0473950416,0.0412910284,0.0152361859,0.8498010836,0.0734725936,0.0201991084,-2.2187537755,-0.2761898759,1.9926061254,0.8270456529,-0.3247081268,-3.6855885688,-0.455750599,3.9773479783,0.8450129873,-0.6810217977,-2.3542325569,-0.3337733115,2.9801084352,0.2061009557,-0.4982035224
accelerated-technology--purchase-adopted--tax-plus30--index-cpi-indexed--gdp-on--electricity-industrial--ets2-off,scenarios/accelerated-technology--purchase-adopted--tax-plus30--index-cpi-indexed--gdp-on--electricity-industrial--ets2-off.json,accelerated_technology,False,adopted,plus30,cpi_indexed,on,industrial,off,0.2225619843,0.0656089715,0.4199260604,0.2056883283,0.0862146555,0.128191857,0.0410130851,0.6329540494,0.1457373994,0.052103609,0.0563301781,0.0186723665,0.8307151284,0.0707611697,0.0235211573,-2.2187537755,-0.2761898759,1.9926061254,0.8270456529,-0.3247081268,-1.1378203012,0.0597843159,1.2954049369,-0.0072038987,-0.2101650529,-0.8503175861,0.0098447392,1.0715129124,-0.0650414325,-0.165998633
accelerated-technology--purchase-adopted--tax-plus30--index-cpi-indexed--gdp-on--electricity-vat-reduced--ets2-adopted,scenarios/accelerated-technology--purchase-adopted--tax-plus30--index-cpi-indexed--gdp-on--electricity-vat-reduced--ets2-adopted.json,accelerated_technology,False,adopted,plus30,cpi_indexed,on,vat_reduced,adopted,0.218718549,0.0644759665,0.4253856086,0.2063210814,0.0850987945,0.1116938017,0.0373721501,0.6522571341,0.1499544514,0.0487224628,0.0470188912,0.0164179677,0.8435074088,0.0717212988,0.0213344335,-2.6030973042,-0.3894903737,2.5385609422,0.8903209582,-0.4362942225,-2.7876258316,-0.3043091923,3.2257133996,0.414501305,-0.5482796806,-1.7814462807,-0.2155951356,2.3507409524,0.0309714784,-0.3846710146
accelerated-technology--purchase-adopted--tax-plus30--index-cpi-indexed--gdp-on--electricity-vat-reduced--ets2-high-market,scenarios/accelerated-technology--purchase-adopted--tax-plus30--index-cpi-indexed--gdp-on--electricity-vat-reduced--ets2-high-market.json,accelerated_technology,False,adopted,plus30,cpi_indexed,on,vat_reduced,high_market,0.218718549,0.0644759665,0.4253856086,0.2063210814,0.0850987945,0.1002675786,0.0350036242,0.6645562732,0.1537027311,0.0464697928,0.0401285632,0.014807242,0.852464943,0.0728823901,0.0197168617,-2.6030973042,-0.3894903737,2.5385609422,0.8903209582,-0.4362942225,-3.9302481405,-0.5411617741,4.4556273102,0.7893292808,-0.7735466763,-2.4704790799,-0.3766677055,3.2464943745,0.1470806056,-0.5464281947
accelerated-technology--purchase-adopted--tax-plus30--index-cpi-indexed--gdp-on--electricity-vat-reduced--ets2-off,scenarios/accelerated-technology--purchase-adopted--tax-plus30--index-cpi-indexed--gdp-on--electricity-vat-reduced--ets2-off.json,accelerated_technology,False,adopted,plus30,cpi_indexed,on,vat_reduced,off,0.218718549,0.0644759665,0.4253856086,0.2063210814,0.0850987945,0.1253075424,0.0400902914,0.6380390723,0.1454076027,0.0511554913,0.0548121188,0.0181691591,0.8337510049,0.0702796831,0.0229880341,-2.6030973042,-0.3894903737,2.5385609422,0.8903209582,-0.4362942225,-1.4262517651,-0.0324950571,1.8039072224,-0.0401835679,-0.3049768323,-1.0021235181,-0.0404759962,1.3751005648,-0.1131900926,-0.2193109579
accelerated-technology--purchase-low-indexed--tax-adopted--index-adopted--gdp-off--electricity-adopted--ets2-adopted,scenarios/accelerated-technology--purchase-low-indexed--tax-adopted--index-adopted--gdp-off--electricity-adopted--ets2-adopted.json,accelerated_technology,False,low_indexed,adopted,adopted,off,adopted,adopted,0.2447495221,0.0683708702,0.3999999992,0.1974178718,0.0894617367,0.1329848727,0.0385083721,0.6337458364,0.143113169,0.0516477498,0.0610480119,0.0174894674,0.8284847066,0.0692668897,0.0237109244,0.0,0.0,0.0,0.0,0.0,-0.6585187354,-0.1906869857,1.3745836297,-0.2696269333,-0.2557509754,-0.3785342131,-0.108445166,0.8484707312,-0.2144694288,-0.1470219233
accelerated-technology--purchase-low-indexed--tax-adopted--index-adopted--gdp-off--electricity-adopted--ets2-high-market,scenarios/accelerated-technology--purchase-low-indexed--tax-adopted--index-adopted--gdp-off--electricity-adopted--ets2-high-market.json,accelerated_technology,False,low_indexed,adopted,adopted,off,adopted,high_market,0.2447495221,0.0683708702,0.3999999992,0.1974178718,0.0894617367,0.1181311772,0.0361223848,0.6487076829,0.147832339,0.049206416,0.0508550737,0.0157377059,0.8406142677,0.0710328347,0.021760118,0.0,0.0,0.0,0.0,0.0,-2.143888281,-0.4292857137,2.8707682824,0.2022900655,-0.4998843532,-1.3978280272,-0.2836213208,2.0614268476,-0.0378749322,-0.3421025674
accelerated-technology--purchase-low-indexed--tax-adopted--index-adopted--gdp-off--electricity-adopted--ets2-off,scenarios/accelerated-technology--purchase-low-indexed--tax-adopted--index-adopted--gdp-off--electricity-adopted--ets2-off.json,accelerated_technology,False,low_indexed,adopted,adopted,off,adopted,off,0.2447495221,0.0683708702,0.3999999992,0.1974178718,0.0894617367,0.1510171872,0.0412173968,0.6161456264,0.1373578283,0.0542619612,0.0730760864,0.0193954832,0.8147253167,0.067078557,0.0257245567,0.0,0.0,0.0,0.0,0.0,1.1447127188,0.0802154872,-0.3854373698,-0.8451609989,0.0056701627,0.8242732426,0.0821564148,-0.5274682514,-0.4333027076,0.0543413016
accelerated-technology--purchase-low-indexed--tax-adopted--index-adopted--gdp-off--electricity-north-reduction--ets2-adopted,scenarios/accelerated-technology--purchase-low-indexed--tax-adopted--index-adopted--gdp-off--electricity-north-reduction--ets2-adopted.json,accelerated_technology,False,low_indexed,adopted,adopted,off,north_reduction,adopted,0.2431623681,0.0679274982,0.4021454272,0.1977290171,0.0890356894,0.1318033661,0.0381662438,0.6357602492,0.1429925097,0.0512776312,0.0603999682,0.0173038113,0.8297086922,0.0690876312,0.0234998971,-0.1587154017,-0.0443372066,0.2145428068,0.0311145294,-0.0426047279,-0.776669389,-0.2248998194,1.5760249118,-0.2816928657,-0.2927628378,-0.4433385772,-0.1270107798,0.9708692951,-0.2323952836,-0.1681246546
accelerated-technology--purchase-low-indexed--tax-adopted--index-adopted--gdp-off--electricity-north-reduction--ets2-high-market,scenarios/accelerated-technology--purchase-low-indexed--tax-adopted--index-adopted--gdp-off--electricity-north-reduction--ets2-high-market.json,accelerated_technology,False,low_indexed,adopted,adopted,off,north_reduction,high_market,0.2431623681,0.0679274982,0.4021454272,0.1977290171,0.0890356894,0.117047363,0.035790974,0.650657713,0.1476644595,0.0488394906,0.0503002142,0.015565998,0.8417459111,0.0708278605,0.0215600161,-0.1587154017,-0.0443372066,0.2145428068,0.0311145294,-0.0426047279,-2.2522697062,-0.4624268001,3.06577129,0.1855021155,-0.5365768991,-1.4533139753,-0.3007921057,2.1745911897,-0.0583723576,-0.3621127511
accelerated-technology--purchase-low-indexed--tax-adopted--index-adopted--gdp-off--electricity-north-reduction--ets2-off,scenarios/accelerated-technology--purchase-low-indexed--tax-adopted--index-adopted--gdp-off--electricity-north-reduction--ets2-off.json,accelerated_technology,False,low_indexed,adopted,adopted,off,north_reduction,off,0.2431623681,0.0679274982,0.4021454272,0.1977290171,0.0890356894,0.1497258047,0.0408649375,0.6182298603,0.1372881727,0.0538912249,0.0723233579,0.0191956978,0.8160509843,0.0669262424,0.0255037175,-0.1587154017,-0.0443372066,0.2145428068,0.0311145294,-0.0426047279,1.0155744643,0.0449695475,-0.1770139795,-0.8521265625,-0.0314034697,0.7490003909,0.0621778773,-0.3949014937,-0.4485341609,0.0322573864
accelerated-technology--purchase-low-indexed--tax-adopted--index-adopted--gdp-off--electricity-industrial--ets2-adopted,scenarios/accelerated-technology--purchase-low-indexed--tax-adopted--index-adopted--gdp-off--electricity-industrial--ets2-adopted.json,accelerated_technology,False,low_indexed,adopted,adopted,off,industrial,adopted,0.2385392116,0.0666360177,0.4084307994,0.198607556,0.0877864153,0.1283883349,0.0371773547,0.6416136577,0.1426179854,0.0502026674,0.0585378417,0.0167703361,0.8332421238,0.0685586476,0.0228910509,-0.6210310432,-0.1734852534,0.8430800189,0.1189684226,-0.1675321448,-1.1181725134,-0.3237887316,2.1613657602,-0.3191452944,-0.4002592209,-0.6295512305,-0.1803583014,1.3242124522,-0.28529364,-0.2290092803
accelerated-technology--purchase-low-indexed--tax-adopted--index-adopted--gdp-off--electricity-industrial--ets2-high-market,scenarios/accelerated-technology--purchase-low-indexed--tax-adopted--index-adopted--gdp-off--electricity-industrial--ets2-high-market.json,accelerated_technology,False,low_indexed,adopted,adopted,off,industrial,high_market,0.2385392116,0.0666360177,0.4084307994,0.198607556,0.0877864153,0.1139175681,0.0348339391,0.6563212924,0.1471522801,0.0477749202,0.0487071873,0.0150730169,0.8450119773,0.0702246015,0.020983217,-0.6210310432,-0.1734852534,0.8430800189,0.1189684226,-0.1675321448,-2.565249192,-0.5581302858,3.6321292357,0.1342841763,-0.6430339342,-1.6126166685,-0.3500902139,2.5011978006,-0.1186982514,-0.4197926668
accelerated-technology--purchase-low-indexed--tax-adopted--index-adopted--gdp-off--electricity-industrial--ets2-off,scenarios/accelerated-technology--purchase-low-indexed--tax-adopted--index-adopted--gdp-off--electricity-industrial--ets2-off.json,accelerated_technology,False,low_indexed,adopted,adopted,off,industrial,off,0.2385392116,0.0666360177,0.4084307994,0.198607556,0.0877864153,0.1459892454,0.0398451115,0.6242897991,0.1370626982,0.0528131457,0.0701584778,0.0186211064,0.819879231,0.0664752474,0.0248659376,-0.6210310432,-0.1734852534,0.8430800189,0.1189684226,-0.1675321448,0.6419185416,-0.0570130462,0.4289799018,-0.8746740144,-0.1392113828,0.532512376,0.0047187293,-0.0120768297,-0.4936336663,-0.0315206093
accelerated-technology--purchase-low-indexed--tax-adopted--index-adopted--gdp-off--electricity-vat-reduced--ets2-adopted,scenarios/accelerated-technology--purchase-low-indexed--tax-adopted--index-adopted--gdp-off--electricity-vat-reduced--ets2-adopted.json,accelerated_technology,False,low_indexed,adopted,adopted,off,vat_reduced,adopted,0.2345525216,0.0655223343,0.4138946345,0.1993312634,0.0866992462,0.1254749608,0.0363337302,0.6466445335,0.1422673117,0.0492794639,0.0569620956,0.0163189051,0.8362517702,0.0680943094,0.0223729196,-1.0197000468,-0.2848535881,1.3894635353,0.1913391544,-0.2762490548,-1.4095099237,-0.4081511796,2.6644533389,-0.3542126674,-0.4925795682,-0.787125842,-0.2255013937,1.6251770992,-0.3317274589,-0.2808224047
accelerated-technology--purchase-low-indexed--tax-adopted--index-adopted--gdp-off--electricity-vat-reduced--ets2-high-market,scenarios/accelerated-technology--purchase-low-indexed--tax-adopted--index-adopted--gdp-off--electricity-vat-reduced--ets2-high-market.json,accelerated_technology,False,low_indexed,adopted,adopted,off,vat_reduced,high_market,0.2345525216,0.0655223343,0.4138946345,0.1993312634,0.0866992462,0.1112509142,0.0340185244,0.6611857877,0.1466828044,0.0468619691,0.0473607227,0.0146563375,0.8477929974,0.0696969669,0.0204929755,-1.0197000468,-0.2848535881,1.3894635353,0.1913391544,-0.2762490548,-2.8319145786,-0.6396717548,4.1185787663,0.0873366105,-0.7343290434,-1.7472631298,-0.3917581586,2.7792998174,-0.1714617143,-0.4688168147
accelerated-technology--purchase-low-indexed--tax-adopted--index-adopted--gdp-off--electricity-vat-reduced--ets2-off,scenarios/accelerated-technology--purchase-low-indexed--tax-adopted--index-adopted--gdp-off--electricity-vat-reduced--ets2-off.json,accelerated_technology,False,low_indexed,adopted,adopted,off,vat_reduced,off,0.2345525216,0.0655223343,0.4138946345,0.1993312634,0.0866992462,0.1427969076,0.0389738209,0.6295024795,0.1368410951,0.0518856969,0.0683242565,0.0181342767,0.8231414521,0.0660775672,0.0243224476,-1.0197000468,-0.2848535881,1.3894635353,0.1913391544,-0.2762490548,0.322684754,-0.1441421072,0.950247946,-0.8968343283,-0.2319562644,0.3490902547,-0.0439642373,0.3141452803,-0.5334016879,-0.0858696099
accelerated-technology--purchase-low-indexed--tax-adopted--index-adopted--gdp-on--electricity-adopted--ets2-adopted,scenarios/accelerated-technology--purchase-low-indexed--tax-adopted--index-adopted--gdp-on--electricity-adopted--ets2-adopted.json,accelerated_technology,False,low_indexed,adopted,adopted,on,adopted,adopted,0.2433786893,0.0683927545,0.4009157449,0.1979604706,0.0893523408,0.1290696261,0.0383722557,0.6373803528,0.144074566,0.0511031993,0.0573208289,0.0172676601,0.8326096551,0.0697083642,0.0230934917,-0.1370832813,0.0021884236,0.0915745749,0.0542598786,-0.0109395958,-1.0500433894,-0.2042986237,1.7380352754,-0.17348723,-0.3102060323,-0.7512525112,-0.1306258984,1.2609655868,-0.1703219787,-0.2087651985
accelerated-technology--purchase-low-indexed--tax-adopted--index-adopted--gdp-on--electricity-adopted--ets2-high-market,scenarios/accelerated-technology--purchase-low-indexed--tax-adopted--index-adopted--gdp-on--electricity-adopted--ets2-high-market.json,accelerated_technology,False,low_indexed,adopted,adopted,on,adopted,high_market,0.2433786893,0.0683927545,0.4009157449,0.1979604706,0.0893523408,0.1148877246,0.0359839182,0.6518268987,0.1486033984,0.04869806,0.0480613276,0.0155451441,0.8438528572,0.0713082439,0.0212324272,-0.1370832813,0.0021884236,0.0915745749,0.0542598786,-0.0109395958,-2.4682335402,-0.4431323738,3.1826898671,0.2793960077,-0.5507199609,-1.6772026379,-0.3028774967,2.3852857955,-0.0103340163,-0.3948716445
accelerated-technology--purchase-low-indexed--tax-adopted--index-adopted--gdp-on--electricity-adopted--ets2-off,scenarios/accelerated-technology--purchase-low-indexed--tax-adopted--index-adopted--gdp-on--electricity-adopted--ets2-off.json,accelerated_technology,False,low_indexed,adopted,adopted,on,adopted,off,0.2433786893,0.0683927545,0.4009157449,0.1979604706,0.0893523408,0.1462237956,0.0410908949,0.6204427051,0.1385590281,0.0536835762,0.0681229201,0.0191434762,0.8199940195,0.0677294143,0.0250101699,-0.1370832813,0.0021884236,0.0915745749,0.0542598786,-0.0109395958,0.6653735604,0.0675652959,0.0442705067,-0.7250410275,-0.0521683356,0.3289566112,0.0569557144,-0.0005979784,-0.3682169723,-0.017097375
accelerated-technology--purchase-low-indexed--tax-adopted--index-adopted--gdp-on--electricity-north-reduction--ets2-adopted,scenarios/accelerated-technology--purchase-low-indexed--tax-adopted--index-adopted--gdp-on--electricity-north-reduction--ets2-adopted.json,accelerated_technology,False,low_indexed,adopted,adopted,on,north_reduction,adopted,0.2417962302,0.0679480617,0.4030614048,0.1982690315,0.0889252718,0.1279142618,0.0380287672,0.6393800458,0.1439433702,0.050733555,0.056706986,0.0170827425,0.8338030904,0.0695213865,0.0228857945,-0.2953291899,-0.0422808501,0.306140562,0.0851159703,-0.0536464923,-1.1655798245,-0.2386474768,1.9380045684,-0.1866068129,-0.3471704541,-0.8126367977,-0.1491176581,1.3803091183,-0.1890197506,-0.2295349119
accelerated-technology--purchase-low-indexed--tax-adopted--index-adopted--gdp-on--electricity-north-reduction--ets2-high-market,scenarios/accelerated-technology--purchase-low-indexed--tax-adopted--index-adopted--gdp-on--electricity-north-reduction--ets2-high-market.json,accelerated_technology,False,low_indexed,adopted,adopted,on,north_reduction,high_market,0.2417962302,0.0679480617,0.4030614048,0.1982690315,0.0889252718,0.1138269501,0.0356516737,0.6537634201,0.1484258834,0.0483320728,0.0475332331,0.0153743352,0.8449599824,0.0710969161,0.0210355332,-0.2953291899,-0.0422808501,0.306140562,0.0851159703,-0.0536464923,-2.5743109948,-0.4763568324,3.3763419997,0.2616445086,-0.5873186812,-1.7300120854,-0.3199583913,2.4959983145,-0.0314667948,-0.414561043
accelerated-technology--purchase-low-indexed--tax-adopted--index-adopted--gdp-on--electricity-north-reduction--ets2-off,scenarios/accelerated-technology--purchase-low-indexed--tax-adopted--index-adopted--gdp-on--electricity-north-reduction--ets2-off.json,accelerated_technology,False,low_indexed,adopted,adopted,on,north_reduction,off,0.2417962302,0.0679480617,0.4030614048,0.1982690315,0.0889252718,0.1449620727,0.0407363335,0.6225110287,0.1384779403,0.0533126249,0.0674135193,0.0189441248,0.8212818103,0.0675679113,0.0247926344,-0.2953291899,-0.0422808501,0.306140562,0.0851159703,-0.0536464923,0.5392012655,0.0321091481,0.2511028637,-0.7331498065,-0.0892634707,0.2580165255,0.037020576,0.1281811056,-0.3843672761,-0.038850931
accelerated-technology--purchase-low-indexed--tax-adopted--index-adopted--gdp-on--electricity-industrial--ets2-adopted,scenarios/accelerated-technology--purchase-low-indexed--tax-adopted--index-adopted--gdp-on--electricity-industrial--ets2-adopted.json,accelerated_technology,False,low_indexed,adopted,adopted,on,industrial,adopted,0.2371870117,0.066652808,0.4093472176,0.1991398646,0.087673098,0.1245755001,0.0370361571,0.6451899821,0.1435381292,0.0496602315,0.0549436072,0.016551532,0.8372480112,0.0689701186,0.022286731,-0.7562510335,-0.1718062189,0.9347218464,0.1721992778,-0.1788638718,-1.4994559934,-0.3379084891,2.5189982053,-0.2271309148,-0.4545028081,-0.9889746804,-0.2022387081,1.7248011943,-0.2441465434,-0.2894412625
accelerated-technology--purchase-low-indexed--tax-adopted--index-adopted--gdp-on--electricity-industrial--ets2-high-market,scenarios/accelerated-technology--purchase-low-indexed--tax-adopted--index-adopted--gdp-on--electricity-industrial--ets2-high-market.json,accelerated_technology,False,low_indexed,adopted,adopted,on,industrial,high_market,0.2371870117,0.066652808,0.4093472176,0.1991398646,0.087673098,0.1107642536,0.0346924083,0.6593872133,0.1478856766,0.0472704482,0.046017385,0.0148840433,0.8481550978,0.0704753575,0.0204681165,-0.7562510335,-0.1718062189,0.9347218464,0.1721992778,-0.1788638718,-2.8805806423,-0.5722833728,3.9387213224,0.2076238286,-0.693481136,-1.8815969024,-0.3689875784,2.815509859,-0.0936226571,-0.4713027211
accelerated-technology--purchase-low-indexed--tax-adopted--index-adopted--gdp-on--electricity-industrial--ets2-off,scenarios/accelerated-technology--purchase-low-indexed--tax-adopted--index-adopted--gdp-on--electricity-industrial--ets2-off.json,accelerated_technology,False,low_indexed,adopted,adopted,on,industrial,off,0.2371870117,0.066652808,0.4093472176,0.1991398646,0.087673098,0.1413122319,0.0397106781,0.6285238085,0.1382190505,0.052234231,0.0653739157,0.0183709682,0.825000166,0.0670903314,0.0241646188,-0.7562510335,-0.1718062189,0.9347218464,0.1721992778,-0.1788638718,0.1742171909,-0.0704563899,0.8523808378,-0.7590387807,-0.1971028582,0.054056169,-0.0202950856,0.5000166706,-0.4321252653,-0.1016524887
accelerated-technology--purchase-low-indexed--tax-adopted--index-adopted--gdp-on--electricity-vat-reduced--ets2-adopted,scenarios/accelerated-technology--purchase-low-indexed--tax-adopted--index-adopted--gdp-on--electricity-vat-reduced--ets2-adopted.json,accelerated_technology,False,low_indexed,adopted,adopted,on,vat_reduced,adopted,0.2332126558,0.0655359594,0.4148111491,0.1998567146,0.0865835212,0.1217280286,0.036189607,0.6501826715,0.1431609449,0.048738748,0.0534519764,0.0161021844,0.8401819053,0.0684868036,0.0217771303,-1.1536866325,-0.2834910809,1.481114989,0.2438842806,-0.2878215562,-1.7842031418,-0.4225634984,3.0182671384,-0.2648493393,-0.5466511589,-1.138137764,-0.2471734635,2.0181906051,-0.292478046,-0.3404013317
accelerated-technology--purchase-low-indexed--tax-adopted--index-adopted--gdp-on--electricity-vat-reduced--ets2-high-market,scenarios/accelerated-technology--purchase-low-indexed--tax-adopted--index-adopted--gdp-on--electricity-vat-reduced--ets2-high-market.json,accelerated_technology,False,low_indexed,adopted,adopted,on,vat_reduced,high_market,0.2332126558,0.0655359594,0.4148111491,0.1998567146,0.0865835212,0.108155436,0.033875302,0.664216888,0.1473920859,0.0463602882,0.0447365459,0.0144697637,0.8508754922,0.0699321896,0.0199860087,-1.1536866325,-0.2834910809,1.481114989,0.2438842806,-0.2878215562,-3.1414624054,-0.6539939999,4.4216887879,0.1582647574,-0.78449714,-2.009680813,-0.4104155402,3.0875492929,-0.1479394444,-0.5195134953
accelerated-technology--purchase-low-indexed--tax-adopted--index-adopted--gdp-on--electricity-vat-reduced--ets2-off,scenarios/accelerated-technology--purchase-low-indexed--tax-adopted--index-adopted--gdp-on--electricity-vat-reduced--ets2-off.json,accelerated_technology,False,low_indexed,adopted,adopted,on,vat_reduced,off,0.2332126558,0.0655359594,0.4148111491,0.1998567146,0.0865835212,0.1381950475,0.0388347064,0.633694862,0.1379685037,0.0513068803,0.0636466155,0.0178855731,0.8281681565,0.0666699421,0.0236297128,-1.1536866325,-0.2834910809,1.481114989,0.2438842806,-0.2878215562,-0.1375012524,-0.1580535539,1.3694861916,-0.7840934608,-0.2898379246,-0.1186738532,-0.0688345942,0.8168157271,-0.4741641936,-0.1551430861
accelerated-technology--purchase-low-indexed--tax-adopted--index-cpi-indexed--gdp-off--electricity-adopted--ets2-adopted,scenarios/accelerated-technology--purchase-low-indexed--tax-adopted--index-cpi-indexed--gdp-off--electricity-adopted--ets2-adopted.json,accelerated_technology,False,low_indexed,adopted,cpi_indexed,off,adopted,adopted,0.2529130719,0.067272342,0.3950311941,0.194808393,0.089974999,0.1306598177,0.038532834,0.6358423522,0.1436229109,0.0513420851,0.0580909893,0.0173620635,0.8317219091,0.0695936682,0.0232313699,0.8163549842,-0.1098528183,-0.4968805098,-0.260947882,0.0513262259,-0.89102423,-0.1882407936,1.5842352163,-0.2186527452,-0.2863174475,-0.6742364722,-0.1211855573,1.1721909884,-0.1817915849,-0.194977374
accelerated-technology--purchase-low-indexed--tax-adopted--index-cpi-indexed--gdp-off--electricity-adopted--ets2-high-market,scenarios/accelerated-technology--purchase-low-indexed--tax-adopted--index-cpi-indexed--gdp-off--electricity-adopted--ets2-high-market.json,accelerated_technology,False,low_indexed,adopted,cpi_indexed,off,adopted,high_market,0.2529130719,0.067272342,0.3950311941,0.194808393,0.089974999,0.116208401,0.0361291873,0.6505062127,0.148235681,0.0489205181,0.0486418989,0.0156229024,0.8431534126,0.0712315598,0.0213502263,0.8163549842,-0.1098528183,-0.4968805098,-0.260947882,0.0513262259,-2.3361659047,-0.4286054716,3.0506212589,0.2426242636,-0.5284741461,-1.6191455053,-0.2951016694,2.3153413351,-0.0180024266,-0.3830917337
accelerated-technology--purchase-low-indexed--tax-adopted--index-cpi-indexed--gdp-off--electricity-adopted--ets2-off,scenarios/accelerated-technology--purchase-low-indexed--tax-adopted--index-cpi-indexed--gdp-off--electricity-adopted--ets2-off.json,accelerated_technology,False,low_indexed,adopted,cpi_indexed,off,adopted,off,0.2529130719,0.067272342,0.3950311941,0.194808393,0.089974999,0.1481647969,0.0412689764,0.6186257675,0.1380021783,0.0539382809,0.0691399529,0.0192578476,0.8188649079,0.0675674112,0.0251698803,0.8163549842,-0.1098528183,-0.4968805098,-0.260947882,0.0513262259,0.8594736873,0.0853734396,-0.1374232556,-0.7807260072,-0.0266978642,0.4306598908,0.0683928565,-0.1135091315,-0.3844172801,-0.0011263356
accelerated-technology--purchase-low-indexed--tax-adopted--index-cpi-indexed--gdp-off--electricity-north-reduction--ets2-adopted,scenarios/accelerated-technology--purchase-low-indexed--tax-adopted--index-cpi-indexed--gdp-off--electricity-north-reduction--ets2-adopted.json,accelerated_technology,False,low_indexed,adopted,cpi_indexed,off,north_reduction,adopted,0.2512957017,0.0668421378,0.3971744854,0.19513307,0.0895546051,0.1294940137,0.0381890272,0.6378484207,0.1434963316,0.0509722067,0.0574701108,0.0171764972,0.8329220119,0.0694084619,0.0230229183,0.6546179597,-0.1528732456,-0.2825513763,-0.2284801799,0.009286842,-1.0076046318,-0.2226214728,1.7848420648,-0.231310675,-0.3233052851,-0.7363243179,-0.1397421895,1.2922012644,-0.2003122178,-0.2158225392
accelerated-technology--purchase-low-indexed--tax-adopted--index-cpi-indexed--gdp-off--electricity-north-reduction--ets2-high-market,scenarios/accelerated-technology--purchase-low-indexed--tax-adopted--index-cpi-indexed--gdp-off--electricity-north-reduction--ets2-high-market.json,accelerated_technology,False,low_indexed,adopted,cpi_indexed,off,north_reduction,high_market,0.2512957017,0.0668421378,0.3971744854,0.19513307,0.0895546051,0.1151383867,0.0357965199,0.6524485843,0.1480624043,0.0485541049,0.0481082684,0.0154515098,0.8442659071,0.071021704,0.0211526107,0.6546179597,-0.1528732456,-0.2825513763,-0.2284801799,0.009286842,-2.4431673324,-0.4618722113,3.2448584214,0.225296594,-0.5651154717,-1.6725085635,-0.3122409232,2.4265907871,-0.038988003,-0.4028532974
accelerated-technology--purchase-low-indexed--tax-adopted--index-cpi-indexed--gdp-off--electricity-north-reduction--ets2-off,scenarios/accelerated-technology--purchase-low-indexed--tax-adopted--index-cpi-indexed--gdp-off--electricity-north-reduction--ets2-off.json,accelerated_technology,False,low_indexed,adopted,cpi_indexed,off,north_reduction,off,0.2512957017,0.0668421378,0.3971744854,0.19513307,0.0895546051,0.1468912919,0.0409142616,0.6207009863,0.1379260795,0.0535673807,0.0684216916,0.0190577872,0.8201609352,0.0674079993,0.0249515867,0.6546179597,-0.1528732456,-0.2825513763,-0.2284801799,0.009286842,0.7321231879,0.0499019588,0.0700986243,-0.7883358794,-0.0637878915,0.3588337589,0.0483868159,0.0160935984,-0.4003584723,-0.0229557009
accelerated-technology--purchase-low-indexed--tax-adopted--index-cpi-indexed--gdp-off--electricity-industrial--ets2-adopted,scenarios/accelerated-technology--purchase-low-indexed--tax-adopted--index-cpi-indexed--gdp-off--electricity-industrial--ets2-adopted.json,accelerated_technology,False,low_indexed,adopted,cpi_indexed,off,industrial,adopted,0.2465831333,0.0655886418,0.40345488,0.1960519328,0.088321412,0.1261247742,0.0371954062,0.6436771766,0.1431045534,0.0498980897,0.0556864147,0.0166433913,0.8363862443,0.06886231,0.0224216396,0.1833611246,-0.2782228401,0.3454880843,-0.1365939,-0.1140324688,-1.3445285822,-0.3219835789,2.3677176514,-0.2704884985,-0.4307169917,-0.9146939274,-0.1930527721,1.638624501,-0.2549273994,-0.275950402
accelerated-technology--purchase-low-indexed--tax-adopted--index-cpi-indexed--gdp-off--electricity-industrial--ets2-high-market,scenarios/accelerated-technology--purchase-low-indexed--tax-adopted--index-cpi-indexed--gdp-off--electricity-industrial--ets2-high-market.json,accelerated_technology,False,low_indexed,adopted,cpi_indexed,off,industrial,high_market,0.2465831333,0.0655886418,0.40345488,0.1960519328,0.088321412,0.1120487655,0.0348359568,0.6580896003,0.1475345301,0.0474911473,0.0465764537,0.0149595185,0.8474765563,0.0704043876,0.0205830839,0.1833611246,-0.2782228401,0.3454880843,-0.1365939,-0.1140324688,-2.752129451,-0.5579285217,3.8089600214,0.1725091753,-0.6714112241,-1.8256900338,-0.3614400541,2.7476557074,-0.1007196385,-0.4598059811
accelerated-technology--purchase-low-indexed--tax-adopted--index-cpi-indexed--gdp-off--electricity-industrial--ets2-off,scenarios/accelerated-technology--purchase-low-indexed--tax-adopted--index-cpi-indexed--gdp-off--electricity-industrial--ets2-off.json,accelerated_technology,False,low_indexed,adopted,cpi_indexed,off,industrial,off,0.2465831333,0.0655886418,0.40345488,0.1960519328,0.088321412,0.1432069766,0.0398880534,0.6267341918,0.1376817767,0.0524890014,0.066356465,0.0184825508,0.8239031795,0.0669364717,0.0243213331,0.1833611246,-0.2782228401,0.3454880843,-0.1365939,-0.1140324688,0.3636916612,-0.0527188546,0.6734191769,-0.8127661615,-0.1716258219,0.1523110972,-0.0091368269,0.3903180238,-0.4475112369,-0.0859810572
accelerated-technology--purchase-low-indexed--tax-adopted--index-cpi-indexed--gdp-off--electricity-vat-reduced--ets2-adopted,scenarios/accelerated-technology--purchase-low-indexed--tax-adopted--index-cpi-indexed--gdp-off--electricity-vat-reduced--ets2-adopted.json,accelerated_technology,False,low_indexed,adopted,cpi_indexed,off,vat_reduced,adopted,0.2425176633,0.0645072675,0.4089159328,0.1968114957,0.0872476406,0.123250944,0.0363478861,0.6486863861,0.1427389936,0.0489757901,0.0541774732,0.0161924034,0.8393366599,0.0683833546,0.0219101089,-0.2231858769,-0.3863602674,0.8915933625,-0.0606376101,-0.221409608,-1.6319116017,-0.406735589,2.8686386051,-0.3070444699,-0.5229469445,-1.0655880768,-0.2381515703,1.9336660661,-0.3028229457,-0.3271034733
accelerated-technology--purchase-low-indexed--tax-adopted--index-cpi-indexed--gdp-off--electricity-vat-reduced--ets2-high-market,scenarios/accelerated-technology--purchase-low-indexed--tax-adopted--index-cpi-indexed--gdp-off--electricity-vat-reduced--ets2-high-market.json,accelerated_technology,False,low_indexed,adopted,cpi_indexed,off,vat_reduced,high_market,0.2425176633,0.0645072675,0.4089159328,0.1968114957,0.0872476406,0.1094167213,0.0340176543,0.6629343392,0.1470515558,0.0465797295,0.0452820349,0.0145437745,0.8502102192,0.0698648237,0.0200991476,-0.2231858769,-0.3863602674,0.8915933625,-0.0606376101,-0.221409608,-3.0153338779,-0.6397587676,4.2934339075,0.1242117475,-0.7625530094,-1.9551319104,-0.4030144549,3.0210219993,-0.1546760289,-0.5081996051
accelerated-technology--purchase-low-indexed--tax-adopted--index-cpi-indexed--gdp-off--electricity-vat-reduced--ets2-off,scenarios/accelerated-technology--purchase-low-indexed--tax-adopted--index-cpi-indexed--gdp-off--electricity-vat-reduced--ets2-off.json,accelerated_technology,False,low_indexed,adopted,cpi_indexed,off,vat_reduced,off,0.2425176633,0.0645072675,0.4089159328,0.1968114957,0.0872476406,0.1400598846,0.0390114804,0.6319232609,0.13744387,0.0515615041,0.0646072912,0.0179953459,0.8270916453,0.0665212548,0.0237844628,-0.2231858769,-0.3863602674,0.8915933625,-0.0606376101,-0.221409608,0.048982457,-0.1403761591,1.1923260775,-0.8365568289,-0.2643755464,-0.0226062781,-0.0578573136,0.7091646038,-0.4890329235,-0.1396680886
accelerated-technology--purchase-low-indexed--tax-adopted--index-cpi-indexed--gdp-on--electricity-adopted--ets2-adopted,scenarios/accelerated-technology--purchase-low-indexed--tax-adopted--index-cpi-indexed--gdp-on--electricity-adopted--ets2-adopted.json,accelerated_technology,False,low_indexed,adopted,cpi_indexed,on,adopted,adopted,0.2516009723,0.0672898437,0.3959002891,0.1953313545,0.0898775404,0.1266721467,0.0383888191,0.639565566,0.1445971207,0.0507763475,0.0542037024,0.0171076303,0.8360919007,0.0700381246,0.0225586419,0.6851450169,-0.1081026516,-0.4099710073,-0.2086517289,0.0415803708,-1.2897913366,-0.2026422837,1.9565565971,-0.1212317672,-0.3428912097,-1.0629651567,-0.1466288731,1.6091901486,-0.1373459454,-0.2622501734
accelerated-technology--purchase-low-indexed--tax-adopted--index-cpi-indexed--gdp-on--electricity-adopted--ets2-high-market,scenarios/accelerated-technology--purchase-low-indexed--tax-adopted--index-cpi-indexed--gdp-on--electricity-adopted--ets2-high-market.json,accelerated_technology,False,low_indexed,adopted,cpi_indexed,on,adopted,high_market,0.2516009723,0.0672898437,0.3959002891,0.1953313545,0.0898775404,0.1128983474,0.0359841731,0.6537075699,0.1490169536,0.0483929561,0.0457023601,0.0154045291,0.8466138874,0.0715049369,0.0207742865,0.6851450169,-0.1081026516,-0.4099710073,-0.2086517289,0.0415803708,-2.6671712651,-0.4431068878,3.3707569779,0.3207515242,-0.5812303492,-1.9130993934,-0.3169389926,2.6613888158,0.0093352835,-0.4406857134
accelerated-technology--purchase-low-indexed--tax-adopted--index-cpi-indexed--gdp-on--electricity-adopted--ets2-off,scenarios/accelerated-technology--purchase-low-indexed--tax-adopted--index-cpi-indexed--gdp-on--electricity-adopted--ets2-off.json,accelerated_technology,False,low_indexed,adopted,cpi_indexed,on,adopted,off,0.2516009723,0.0672898437,0.3959002891,0.1953313545,0.0898775404,0.1432941344,0.0411325588,0.6230179807,0.1392191057,0.0533362205,0.0640245426,0.018963983,0.8243930217,0.0682261083,0.0243923444,0.6851450169,-0.1081026516,-0.4099710073,-0.2086517289,0.0415803708,0.3724074366,0.0717316821,0.3017980594,-0.6590332683,-0.0869039098,-0.0808811374,0.0390063891,0.4393022485,-0.3185475719,-0.0788799283
accelerated-technology--purchase-low-indexed--tax-adopted--index-cpi-indexed--gdp-on--electricity-north-reduction--ets2-adopted,scenarios/accelerated-technology--purchase-low-indexed--tax-adopted--index-cpi-indexed--gdp-on--electricity-north-reduction--ets2-adopted.json,accelerated_technology,False,low_indexed,adopted,cpi_indexed,on,north_reduction,adopted,0.2499878732,0.0668584257,0.3980438943,0.1956536789,0.0894561278,0.1255332175,0.0380436592,0.6415564085,0.1444596654,0.0504070494,0.053618923,0.0169230638,0.8372594199,0.0698446382,0.0223539551,0.523835116,-0.1512444484,-0.1956104854,-0.1764192887,-0.0005608935,-1.4036842552,-0.2371582745,2.1556408398,-0.1349772911,-0.379821019,-1.1214431011,-0.1650855285,1.7259420666,-0.1566945797,-0.2827188574
accelerated-technology--purchase-low-indexed--tax-adopted--index-cpi-indexed--gdp-on--electricity-north-reduction--ets2-high-market,scenarios/accelerated-technology--purchase-low-indexed--tax-adopted--index-cpi-indexed--gdp-on--electricity-north-reduction--ets2-high-market.json,accelerated_technology,False,low_indexed,adopted,cpi_indexed,on,north_reduction,high_market,0.2499878732,0.0668584257,0.3980438943,0.1956536789,0.0894561278,0.1118520273,0.0356506787,0.6556359758,0.1488337368,0.0480275814,0.0451971616,0.0152342459,0.8477000721,0.0712882563,0.020580264,0.523835116,-0.1512444484,-0.1956104854,-0.1764192887,-0.0005608935,-2.7718032759,-0.4764563254,3.5635975764,0.3024298465,-0.6177678216,-1.9636192359,-0.333967312,2.7700072878,-0.0123327727,-0.4600879672
accelerated-technology--purchase-low-indexed--tax-adopted--index-cpi-indexed--gdp-on--electricity-north-reduction--ets2-off,scenarios/accelerated-technology--purchase-low-indexed--tax-adopted--index-cpi-indexed--gdp-on--electricity-north-reduction--ets2-off.json,accelerated_technology,False,low_indexed,adopted,cpi_indexed,on,north_reduction,off,0.2499878732,0.0668584257,0.3980438943,0.1956536789,0.0894561278,0.1420511176,0.040775751,0.6250767192,0.1391311936,0.0529652185,0.0633517051,0.0187646894,0.8256489053,0.0680568514,0.0241778487,0.523835116,-0.1512444484,-0.1956104854,-0.1764192887,-0.0005608935,0.2481057578,0.0360509047,0.5076719132,-0.6678244695,-0.1240041062,-0.1481648875,0.0190770332,0.5648906063,-0.3354732591,-0.1003294929
accelerated-technology--purchase-low-indexed--tax-adopted--index-cpi-indexed--gdp-on--electricity-industrial--ets2-adopted,scenarios/accelerated-technology--purchase-low-indexed--tax-adopted--index-cpi-indexed--gdp-on--electricity-industrial--ets2-adopted.json,accelerated_technology,False,low_indexed,adopted,cpi_indexed,on,industrial,adopted,0.2452880044,0.0656014614,0.4043249808,0.196565516,0.0882200373,0.1222423636,0.0370463445,0.6473402151,0.1440361908,0.0493348859,0.0519394177,0.0163929827,0.8406292823,0.0692745968,0.0217637204,0.0538482344,-0.2769408776,0.4324981609,-0.0852355769,-0.1241699408,-1.7327696428,-0.3368897448,2.7340215072,-0.1773247567,-0.4870373629,-1.2893936269,-0.2180936328,2.0629283069,-0.213698722,-0.3417423252
accelerated-technology--purchase-low-indexed--tax-adopted--index-cpi-indexed--gdp-on--electricity-industrial--ets2-high-market,scenarios/accelerated-technology--purchase-low-indexed--tax-adopted--index-cpi-indexed--gdp-on--electricity-industrial--ets2-high-market.json,accelerated_technology,False,low_indexed,adopted,cpi_indexed,on,industrial,high_market,0.2452880044,0.0656014614,0.4043249808,0.196565516,0.0882200373,0.1088313947,0.0346879103,0.6612358724,0.148276957,0.0469678656,0.043747309,0.0147455557,0.8508346052,0.0706512936,0.0200212365,0.0538482344,-0.2769408776,0.4324981609,-0.0852355769,-0.1241699408,-3.0738665376,-0.5727331704,4.1235872344,0.2467518696,-0.723739396,-2.108604499,-0.3828363356,3.0834605913,-0.0760290444,-0.5159907123
accelerated-technology--purchase-low-indexed--tax-adopted--index-cpi-indexed--gdp-on--electricity-industrial--ets2-off,scenarios/accelerated-technology--purchase-low-indexed--tax-adopted--index-cpi-indexed--gdp-on--electricity-industrial--ets2-off.json,accelerated_technology,False,low_indexed,adopted,cpi_indexed,on,industrial,off,0.2452880044,0.0656014614,0.4043249808,0.196565516,0.0882200373,0.1384559137,0.0397437483,0.6310611028,0.1388523743,0.0518868609,0.061417757,0.0181918566,0.8292747337,0.0675568577,0.023558795,0.0538482344,-0.2769408776,0.4324981609,-0.0852355769,-0.1241699408,-0.1114146314,-0.0671493666,1.1061102677,-0.695706402,-0.2318398677,-0.3415596969,-0.0382062478,0.9274734418,-0.3854726319,-0.1622348652
accelerated-technology--purchase-low-indexed--tax-adopted--index-cpi-indexed--gdp-on--electricity-vat-reduced--ets2-adopted,scenarios/accelerated-technology--purchase-low-indexed--tax-adopted--index-cpi-indexed--gdp-on--electricity-vat-reduced--ets2-adopted.json,accelerated_technology,False,low_indexed,adopted,cpi_indexed,on,vat_reduced,adopted,0.2412337957,0.0645171768,0.4097863607,0.197318814,0.0871438528,0.1194362391,0.0361959302,0.6523099617,0.1436432867,0.0484145823,0.0505191839,0.0159447323,0.8434989679,0.068775314,0.0212618019,-0.351572643,-0.3853693437,0.9786361574,-0.0099057779,-0.2317883929,-2.0133820925,-0.4219311754,3.2309961582,-0.2166151608,-0.5790677294,-1.431417007,-0.2629186793,2.3498968627,-0.2636270005,-0.3919341758
accelerated-technology--purchase-low-indexed--tax-adopted--index-cpi-indexed--gdp-on--electricity-vat-reduced--ets2-high-market,scenarios/accelerated-technology--purchase-low-indexed--tax-adopted--index-cpi-indexed--gdp-on--electricity-vat-reduced--ets2-high-market.json,accelerated_technology,False,low_indexed,adopted,cpi_indexed,on,vat_reduced,high_market,0.2412337957,0.0645171768,0.4097863607,0.197318814,0.0871438528,0.1062587972,0.0338679444,0.6660446385,0.1477691214,0.0460594985,0.0425225548,0.0143327376,0.8535032504,0.0700950661,0.019546391,-0.351572643,-0.3853693437,0.9786361574,-0.0099057779,-0.2317883929,-3.3311262839,-0.6547297581,4.60446384,0.1959683063,-0.8145761043,-2.231079915,-0.4241181449,3.3503251182,-0.131651794,-0.5634752643
accelerated-technology--purchase-low-indexed--tax-adopted--index-cpi-indexed--gdp-on--electricity-vat-reduced--ets2-off,scenarios/accelerated-technology--purchase-low-indexed--tax-adopted--index-cpi-indexed--gdp-on--electricity-vat-reduced--ets2-off.json,accelerated_technology,False,low_indexed,adopted,cpi_indexed,on,vat_reduced,off,0.2412337957,0.0645171768,0.4097863607,0.197318814,0.0871438528,0.1353860136,0.038862534,0.636207108,0.1385845852,0.0509597592,0.0597805577,0.0177069204,0.8323634349,0.0671173463,0.0230317407,-0.351572643,-0.3853693437,0.9786361574,-0.0099057779,-0.2317883929,-0.4184046477,-0.1552708026,1.6207107962,-0.7224853101,-0.3245500357,-0.5052796277,-0.0866998699,1.2363435643,-0.4294237754,-0.2149402912
accelerated-technology--purchase-low-indexed--tax-plus30--index-adopted--gdp-off--electricity-adopted--ets2-adopted,scenarios/accelerated-technology--purchase-low-indexed--tax-plus30--index-adopted--gdp-off--electricity-adopted--ets2-adopted.json,accelerated_technology,False,low_indexed,plus30,adopted,off,adopted,adopted,0.2209646016,0.0685288671,0.4162253373,0.2069431966,0.0873379974,0.119602549,0.0379636557,0.6463391971,0.1463906912,0.0497039069,0.0547789823,0.017097382,0.8354702832,0.0700008203,0.0226525323,-2.3784920463,0.0157996852,1.6225338169,0.9525324775,-0.2123739333,-1.9967511071,-0.2451586234,2.6339197062,0.0581252881,-0.4501352637,-1.0054371731,-0.1476537025,1.5470283914,-0.1410763746,-0.2528611411
accelerated-technology--purchase-low-indexed--tax-plus30--index-adopted--gdp-off--electricity-adopted--ets2-high-market,scenarios/accelerated-technology--purchase-low-indexed--tax-plus30--index-adopted--gdp-off--electricity-adopted--ets2-high-market.json,accelerated_technology,False,low_indexed,plus30,adopted,off,adopted,high_market,0.2209646016,0.0685288671,0.4162253373,0.2069431966,0.0873379974,0.1069996118,0.035584457,0.6595575421,0.1504629274,0.0473954616,0.0461386233,0.0153991504,0.8461187777,0.0714885799,0.0208548687,-2.3784920463,0.0157996852,1.6225338169,0.9525324775,-0.2123739333,-3.2570448192,-0.4830784938,3.9557542,0.4653489102,-0.6809797972,-1.8694730671,-0.3174768695,2.6118778466,0.0076995853,-0.4326274953
accelerated-technology--purchase-low-indexed--tax-plus30--index-adopted--gdp-off--electricity-adopted--ets2-off,scenarios/accelerated-technology--purchase-low-indexed--tax-plus30--index-adopted--gdp-off--electricity-adopted--ets2-off.json,accelerated_technology,False,low_indexed,plus30,adopted,off,adopted,off,0.2209646016,0.0685288671,0.4162253373,0.2069431966,0.0873379974,0.1347110585,0.0406841904,0.6309672399,0.1414478093,0.0521897019,0.064779147,0.0189465805,0.8236115066,0.0681622038,0.0245005622,-2.3784920463,0.0157996852,1.6225338169,0.9525324775,-0.2123739333,-0.4859001538,0.0268948374,1.0967239809,-0.4361629011,-0.2015557634,-0.0054206974,0.0372661419,0.361150733,-0.3249380274,-0.06805815
accelerated-technology--purchase-low-indexed--tax-plus30--index-adopted--gdp-off--electricity-north-reduction--ets2-adopted,scenarios/accelerated-technology--purchase-low-indexed--tax-plus30--index-adopted--gdp-off--electricity-north-reduction--ets2-adopted.json,accelerated_technology,False,low_indexed,plus30,adopted,off,north_reduction,adopted,0.2194639515,0.0680634629,0.4183719401,0.2072054013,0.0868952442,0.1185120366,0.0376175107,0.6483015086,0.146232841,0.0493361031,0.0541887497,0.0169131612,0.8366423761,0.0698084075,0.0224473056,-2.5285570573,-0.0307407341,1.8371940986,0.9787529479,-0.2566492551,-2.1058023404,-0.2797731321,2.8301508546,0.0423402656,-0.4869156477,-1.064460428,-0.1660757888,1.6642376834,-0.1603176558,-0.2733838107
accelerated-technology--purchase-low-indexed--tax-plus30--index-adopted--gdp-off--electricity-north-reduction--ets2-high-market,scenarios/accelerated-technology--purchase-low-indexed--tax-plus30--index-adopted--gdp-off--electricity-north-reduction--ets2-high-market.json,accelerated_technology,False,low_indexed,plus30,adopted,off,north_reduction,high_market,0.2194639515,0.0680634629,0.4183719401,0.2072054013,0.0868952442,0.1059960667,0.0352507118,0.6614598079,0.1502610727,0.0470323408,0.0456291287,0.0152291023,0.847208666,0.071272771,0.0206603319,-2.5285570573,-0.0307407341,1.8371940986,0.9787529479,-0.2566492551,-3.3573993313,-0.5164530151,4.145980785,0.4451634357,-0.7172918744,-1.9204225248,-0.334481676,2.7208666768,-0.013881299,-0.452081177
accelerated-technology--purchase-low-indexed--tax-plus30--index-adopted--gdp-off--electricity-north-reduction--ets2-off,scenarios/accelerated-technology--purchase-low-indexed--tax-plus30--index-adopted--gdp-off--electricity-north-reduction--ets2-off.json,accelerated_technology,False,low_indexed,plus30,adopted,off,north_reduction,off,0.2194639515,0.0680634629,0.4183719401,0.2072054013,0.0868952442,0.1335228725,0.0403253454,0.6329950052,0.1413377176,0.0518190592,0.0640994486,0.0187477825,0.8248730092,0.0679942397,0.02428552,-2.5285570573,-0.0307407341,1.8371940986,0.9787529479,-0.2566492551,-0.6047187517,-0.0089896587,1.2995005149,-0.4471720706,-0.2386200339,-0.0733905394,0.0173863482,0.4873009943,-0.3417344379,-0.0895623652
accelerated-technology--purchase-low-indexed--tax-plus30--index-adopted--gdp-off--electricity-industrial--ets2-adopted,scenarios/accelerated-technology--purchase-low-indexed--tax-plus30--index-adopted--gdp-off--electricity-industrial--ets2-adopted.json,accelerated_technology,False,low_indexed,plus30,adopted,off,industrial,adopted,0.2150971858,0.0667091758,0.4246565803,0.2079383293,0.0855987289,0.1153623404,0.0366177495,0.6540011775,0.1457499647,0.0482687679,0.0524935158,0.016384052,0.8400254852,0.0692414582,0.0218554887,-2.9652336299,-0.1661694434,2.4656581154,1.0520457451,-0.3863007871,-2.4207719663,-0.3797492493,3.400117747,-0.0059473632,-0.5936491682,-1.2339838161,-0.2189867049,2.0025485969,-0.2170125823,-0.3325654936
accelerated-technology--purchase-low-indexed--tax-plus30--index-adopted--gdp-off--electricity-industrial--ets2-high-market,scenarios/accelerated-technology--purchase-low-indexed--tax-plus30--index-adopted--gdp-off--electricity-industrial--ets2-high-market.json,accelerated_technology,False,low_indexed,plus30,adopted,off,industrial,high_market,0.2150971858,0.0667091758,0.4246565803,0.2079383293,0.0855987289,0.103099936,0.0342875566,0.666982804,0.1496501219,0.0459795815,0.0441668988,0.0147410709,0.8503539146,0.0706383129,0.0200998028,-2.9652336299,-0.1661694434,2.4656581154,1.0520457451,-0.3863007871,-3.6470124031,-0.6127685412,4.698280395,0.384068358,-0.8225678087,-2.0666455212,-0.3832848206,3.0353915393,-0.077327114,-0.5081340834
accelerated-technology--purchase-low-indexed--tax-plus30--index-adopted--gdp-off--electricity-industrial--ets2-off,scenarios/accelerated-technology--purchase-low-indexed--tax-plus30--index-adopted--gdp-off--electricity-industrial--ets2-off.json,accelerated_technology,False,low_indexed,plus30,adopted,off,industrial,off,0.2150971858,0.0667091758,0.4246565803,0.2079383293,0.0855987289,0.1300878446,0.03928793,0.6388877601,0.140994142,0.0507423234,0.0621456868,0.018176347,0.8285151313,0.0674979782,0.0236648567,-2.9652336299,-0.1661694434,2.4656581154,1.0520457451,-0.3863007871,-0.9482215478,-0.1127312022,1.8887759983,-0.4815296304,-0.3462936179,-0.2687667207,-0.0397572037,0.851513207,-0.3913605871,-0.1516286955
accelerated-technology--purchase-low-indexed--tax-plus30--index-adopted--gdp-off--electricity-vat-reduced--ets2-adopted,scenarios/accelerated-technology--purchase-low-indexed--tax-plus30--index-adopted--gdp-off--electricity-vat-reduced--ets2-adopted.json,accelerated_technology,False,low_indexed,plus30,adopted,off,vat_reduced,adopted,0.2113368843,0.0655429745,0.4301147635,0.208532835,0.0844725427,0.1126780701,0.0357657215,0.6588971604,0.1453058587,0.0473531893,0.0510599029,0.0159365989,0.842906503,0.0687448002,0.0213521949,-3.3412637815,-0.282789572,3.0114764329,1.1114963232,-0.4989194025,-2.6891989977,-0.4649520439,3.8897160303,-0.0503579602,-0.6852070285,-1.3773451076,-0.263732019,2.2906503798,-0.2666783798,-0.3828948734
accelerated-technology--purchase-low-indexed--tax-plus30--index-adopted--gdp-off--electricity-vat-reduced--ets2-high-market,scenarios/accelerated-technology--purchase-low-indexed--tax-plus30--index-adopted--gdp-off--electricity-vat-reduced--ets2-high-market.json,accelerated_technology,False,low_indexed,plus30,adopted,off,vat_reduced,high_market,0.2113368843,0.0655429745,0.4301147635,0.208532835,0.0844725427,0.1006345696,0.033467659,0.6717243708,0.1490957274,0.0450776733,0.0429316329,0.0143287906,0.8530317141,0.0700842039,0.0196236585,-3.3412637815,-0.282789572,3.0114764329,1.1114963232,-0.4989194025,-3.8935490433,-0.6947583011,5.1724370675,0.3286289077,-0.9127586308,-2.1901721112,-0.4245128504,3.3031714891,-0.1327380126,-0.5557485149
accelerated-technology--purchase-low-indexed--tax-plus30--index-adopted--gdp-off--electricity-vat-reduced--ets2-off,scenarios/accelerated-technology--purchase-low-indexed--tax-plus30--index-adopted--gdp-off--electricity-vat-reduced--ets2-off.json,accelerated_technology,False,low_indexed,plus30,adopted,off,vat_reduced,off,0.2113368843,0.0655429745,0.4301147635,0.208532835,0.0844725427,0.1271565945,0.0384026609,0.6439530941,0.140670349,0.0498173015,0.0604916047,0.0176925617,0.8316177943,0.0670616452,0.0231363941,-3.3412637815,-0.282789572,3.0114764329,1.1114963232,-0.4989194025,-1.2413465498,-0.2012581095,2.3953094013,-0.5139089332,-0.4387958088,-0.4341749266,-0.0881357333,1.1617795081,-0.4349938875,-0.2044749606
accelerated-technology--purchase-low-indexed--tax-plus30--index-adopted--gdp-on--electricity-adopted--ets2-adopted,scenarios/accelerated-technology--purchase-low-indexed--tax-plus30--index-adopted--gdp-on--electricity-adopted--ets2-adopted.json,accelerated_technology,False,low_indexed,plus30,adopted,on,adopted,adopted,0.2194546872,0.0685221694,0.4172810066,0.2075557806,0.0871863563,0.1153297429,0.0377395542,0.6504688253,0.1474302005,0.049031677,0.0507497057,0.0167925453,0.840093326,0.0704468496,0.0219175735,-2.5294834894,0.0151299183,1.7281007386,1.0137908796,-0.2275380471,-2.4240317113,-0.2675687737,3.0468825246,0.1620762177,-0.5173582572,-1.4083648286,-0.1781373802,2.0093326705,-0.0964734407,-0.326357021
accelerated-technology--purchase-low-indexed--tax-plus30--index-adopted--gdp-on--electricity-adopted--ets2-high-market,scenarios/accelerated-technology--purchase-low-indexed--tax-plus30--index-adopted--gdp-on--electricity-adopted--ets2-high-market.json,accelerated_technology,False,low_indexed,plus30,adopted,on,adopted,high_market,0.2194546872,0.0685221694,0.4172810066,0.2075557806,0.0871863563,0.1034178787,0.0353715905,0.6631411691,0.1512982195,0.0467711423,0.0430608234,0.015140422,0.8498156239,0.071759008,0.0202241228,-2.5294834894,0.0151299183,1.7281007386,1.0137908796,-0.2275380471,-3.6152181333,-0.5043651505,4.3141169008,0.5488781133,-0.7434117304,-2.1772530622,-0.3433497111,2.9815624612,0.0347423972,-0.4957020851
accelerated-technology--purchase-low-indexed--tax-plus30--index-adopted--gdp-on--electricity-adopted--ets2-off,scenarios/accelerated-technology--purchase-low-indexed--tax-plus30--index-adopted--gdp-on--electricity-adopted--ets2-off.json,accelerated_technology,False,low_indexed,plus30,adopted,on,adopted,off,0.2194546872,0.0685221694,0.4172810066,0.2075557806,0.0871863563,0.1295512622,0.0404508723,0.6357866883,0.1427422264,0.0514689508,0.0595355724,0.0185892889,0.8293961329,0.0688263344,0.0236526715,-2.5294834894,0.0151299183,1.7281007386,1.0137908796,-0.2275380471,-1.0018797879,0.0035630343,1.5786688269,-0.3067211945,-0.2736308788,-0.5297781642,0.0015369807,0.9396133695,-0.258524968,-0.1528472181
accelerated-technology--purchase-low-indexed--tax-plus30--index-adopted--gdp-on--electricity-north-reduction--ets2-adopted,scenarios/accelerated-technology--purchase-low-indexed--tax-plus30--index-adopted--gdp-on--electricity-north-reduction--ets2-adopted.json,accelerated_technology,False,low_indexed,plus30,adopted,on,north_reduction,adopted,0.2179598962,0.0680554383,0.4194274722,0.2078145708,0.0867426226,0.1142692778,0.0373925364,0.6524133882,0.1472597452,0.0486650524,0.0501973923,0.0166097905,0.8412306689,0.0702455205,0.0217166278,-2.6789625913,-0.0315431898,1.9427473008,1.0396698972,-0.2719114168,-2.5300782228,-0.3022705599,3.2413388087,0.1450306901,-0.5540207162,-1.4635961694,-0.1964128515,2.1230669611,-0.1166063561,-0.346451584
accelerated-technology--purchase-low-indexed--tax-plus30--index-adopted--gdp-on--electricity-north-reduction--ets2-high-market,scenarios/accelerated-technology--purchase-low-indexed--tax-plus30--index-adopted--gdp-on--electricity-north-reduction--ets2-high-market.json,accelerated_technology,False,low_indexed,plus30,adopted,on,north_reduction,high_market,0.2179598962,0.0680554383,0.4194274722,0.2078145708,0.0867426226,0.1024408914,0.0350374355,0.6650271871,0.1510848684,0.0464096176,0.0425814178,0.0149718603,0.8508772522,0.071535834,0.0200336357,-2.6789625913,-0.0315431898,1.9427473008,1.0396698972,-0.2719114168,-3.7129168643,-0.5377806444,4.5027187061,0.5275430051,-0.7795642025,-2.225193616,-0.3602058731,3.087725293,0.012424995,-0.5147507989
accelerated-technology--purchase-low-indexed--tax-plus30--index-adopted--gdp-on--electricity-north-reduction--ets2-off,scenarios/accelerated-technology--purchase-low-indexed--tax-plus30--index-adopted--gdp-on--electricity-north-reduction--ets2-off.json,accelerated_technology,False,low_indexed,plus30,adopted,on,north_reduction,off,0.2179598962,0.0680554383,0.4194274722,0.2078145708,0.0867426226,0.1283971141,0.040090503,0.6377951382,0.1426183837,0.0510988609,0.058903216,0.018391843,0.8306151375,0.0686477873,0.0234420163,-2.6789625913,-0.0315431898,1.9427473008,1.0396698972,-0.2719114168,-1.1172945899,-0.032473893,1.7795138139,-0.3191054598,-0.3106398711,-0.5930138039,-0.0182076111,1.0615138266,-0.2763796711,-0.1739127406
accelerated-technology--purchase-low-indexed--tax-plus30--index-adopted--gdp-on--electricity-industrial--ets2-adopted,scenarios/accelerated-technology--purchase-low-indexed--tax-plus30--index-adopted--gdp-on--electricity-industrial--ets2-adopted.json,accelerated_technology,False,low_indexed,plus30,adopted,on,industrial,adopted,0.2136104668,0.0666973797,0.4257114431,0.2085373621,0.0854433483,0.111207113,0.0363904988,0.6580607638,0.1467401886,0.0476014358,0.0486115588,0.0160850549,0.8445131729,0.0696528626,0.0211373507,-3.113905525,-0.1673490537,2.5711443928,1.1119490289,-0.4018388429,-2.8362947032,-0.4024743163,3.8060763695,0.0930750232,-0.6603823732,-1.622179517,-0.2488864177,2.4513173675,-0.1758721382,-0.4043792946
accelerated-technology--purchase-low-indexed--tax-plus30--index-adopted--gdp-on--electricity-industrial--ets2-high-market,scenarios/accelerated-technology--purchase-low-indexed--tax-plus30--index-adopted--gdp-on--electricity-industrial--ets2-high-market.json,accelerated_technology,False,low_indexed,plus30,adopted,on,industrial,high_market,0.2136104668,0.0666973797,0.4257114431,0.2085373621,0.0854433483,0.0996220076,0.0340733043,0.670502418,0.1504405302,0.0453617399,0.041205898,0.01448822,0.8539407668,0.0708801869,0.0194849282,-3.113905525,-0.1673490537,2.5711443928,1.1119490289,-0.4018388429,-3.9948052463,-0.634193765,5.0502417957,0.4631091866,-0.884351971,-2.3627455985,-0.4085699055,3.3940767601,-0.0531397126,-0.5696215434
accelerated-technology--purchase-low-indexed--tax-plus30--index-adopted--gdp-on--electricity-industrial--ets2-off,scenarios/accelerated-technology--purchase-low-indexed--tax-plus30--index-adopted--gdp-on--electricity-industrial--ets2-off.json,accelerated_technology,False,low_indexed,plus30,adopted,on,industrial,off,0.2136104668,0.0666973797,0.4257114431,0.2085373621,0.0854433483,0.1250614252,0.039048973,0.643630821,0.1422347015,0.0500240792,0.057086209,0.0178245037,0.8341340797,0.0681209481,0.0228342595,-3.113905525,-0.1673490537,2.5711443928,1.1119490289,-0.4018388429,-1.4508634804,-0.136626893,2.3630820912,-0.3574736818,-0.4181180361,-0.7747145029,-0.0749415376,1.413408046,-0.3290635913,-0.2346884142
accelerated-technology--purchase-low-indexed--tax-plus30--index-adopted--gdp-on--electricity-vat-reduced--ets2-adopted,scenarios/accelerated-technology--purchase-low-indexed--tax-plus30--index-adopted--gdp-on--electricity-vat-reduced--ets2-adopted.json,accelerated_technology,False,low_indexed,plus30,adopted,on,vat_reduced,adopted,0.2098654377,0.065528038,0.4311687237,0.2091229003,0.0843149003,0.1085983212,0.0355368193,0.6629109567,0.1462645043,0.0466893984,0.0472710376,0.0156414905,0.8473081727,0.0691343499,0.0206449493,-3.4884084344,-0.2842832241,3.1168724557,1.1705028449,-0.5146836421,-3.0971738783,-0.4878422668,4.291095665,0.0455065979,-0.7515861178,-1.756231635,-0.2932428574,2.730817342,-0.2277234139,-0.4536194357
accelerated-technology--purchase-low-indexed--tax-plus30--index-adopted--gdp-on--electricity-vat-reduced--ets2-high-market,scenarios/accelerated-technology--purchase-low-indexed--tax-plus30--index-adopted--gdp-on--electricity-vat-reduced--ets2-high-market.json,accelerated_technology,False,low_indexed,plus30,adopted,on,vat_reduced,high_market,0.2098654377,0.065528038,0.4311687237,0.2091229003,0.0843149003,0.09722311,0.0332528193,0.6752022845,0.1498574715,0.0444643147,0.0400442993,0.0140797955,0.8565487782,0.0703081215,0.0190190055,-3.4884084344,-0.2842832241,3.1168724557,1.1705028449,-0.5146836421,-4.2346950049,-0.7162422696,5.5202284442,0.4048033176,-0.9740944873,-2.4789054743,-0.4494123557,3.6548778976,-0.1103462555,-0.6162138121
accelerated-technology--purchase-low-indexed--tax-plus30--index-adopted--gdp-on--electricity-vat-reduced--ets2-off,scenarios/accelerated-technology--purchase-low-indexed--tax-plus30--index-adopted--gdp-on--electricity-vat-reduced--ets2-off.json,accelerated_technology,False,low_indexed,plus30,adopted,on,vat_reduced,off,0.2098654377,0.065528038,0.4311687237,0.2091229003,0.0843149003,0.1222160516,0.0381605383,0.6486459894,0.1418762714,0.0491011494,0.0555486932,0.0173444323,0.8371312557,0.0676585448,0.0223170741,-3.4884084344,-0.2842832241,3.1168724557,1.1705028449,-0.5146836421,-1.7354008465,-0.2254703706,2.8645989362,-0.3933166972,-0.5104110219,-0.9284660827,-0.1229486771,1.7131256405,-0.3753039252,-0.2864069555
accelerated-technology--purchase-low-indexed--tax-plus30--index-cpi-indexed--gdp-off--electricity-adopted--ets2-adopted,scenarios/accelerated-technology--purchase-low-indexed--tax-plus30--index-cpi-indexed--gdp-off--electricity-adopted--ets2-adopted.json,accelerated_technology,False,low_indexed,plus30,cpi_indexed,off,adopted,adopted,0.2300190813,0.0673835994,0.4104857478,0.2040381042,0.0880734673,0.1170595365,0.0379569855,0.6487233201,0.1469349545,0.0493252034,0.0515750173,0.0169131662,0.8391036652,0.0703275053,0.0220806459,-1.4730440777,-0.0987270788,1.0485748595,0.6620232378,-0.1388269408,-2.251052351,-0.2458256498,2.8723320002,0.112551614,-0.4880056134,-1.3258336673,-0.1660752855,1.9103665984,-0.108407874,-0.3100497716
accelerated-technology--purchase-low-indexed--tax-plus30--index-cpi-indexed--gdp-off--electricity-adopted--ets2-high-market,scenarios/accelerated-technology--purchase-low-indexed--tax-plus30--index-cpi-indexed--gdp-off--electricity-adopted--ets2-high-market.json,accelerated_technology,False,low_indexed,plus30,cpi_indexed,off,adopted,high_market,0.2300190813,0.0673835994,0.4104857478,0.2040381042,0.0880734673,0.104871811,0.0355655752,0.6616256881,0.150893588,0.0470433376,0.0436952359,0.0152393995,0.8490212351,0.0716799824,0.0203641471,-1.4730440777,-0.0987270788,1.0485748595,0.6620232378,-0.1388269408,-3.4698249039,-0.4849666766,4.1625688047,0.5084149689,-0.7161921931,-2.1138118105,-0.3334519557,2.9021235869,0.0268398379,-0.4816996586
accelerated-technology--purchase-low-indexed--tax-plus30--index-cpi-indexed--gdp-off--electricity-adopted--ets2-off,scenarios/accelerated-technology--purchase-low-indexed--tax-plus30--index-cpi-indexed--gdp-off--electricity-adopted--ets2-off.json,accelerated_technology,False,low_indexed,plus30,cpi_indexed,off,adopted,off,0.2300190813,0.0673835994,0.4104857478,0.2040381042,0.0880734673,0.1316334977,0.0406966305,0.63375103,0.1421344453,0.0517843964,0.0606021841,0.018736148,0.828163292,0.0686575787,0.0238407972,-1.4730440777,-0.0987270788,1.0485748595,0.6620232378,-0.1388269408,-0.793656235,0.0281388506,1.3751029963,-0.3674992989,-0.242086313,-0.4231169903,0.0162228922,0.8163292789,-0.2754005373,-0.1340346434
accelerated-technology--purchase-low-indexed--tax-plus30--index-cpi-indexed--gdp-off--electricity-north-reduction--ets2-adopted,scenarios/accelerated-technology--purchase-low-indexed--tax-plus30--index-cpi-indexed--gdp-off--electricity-north-reduction--ets2-adopted.json,accelerated_technology,False,low_indexed,plus30,cpi_indexed,off,north_reduction,adopted,0.2284808794,0.0669329865,0.4126319292,0.2043180367,0.0876361683,0.1159870963,0.0376092428,0.6506755723,0.1467700454,0.0489580431,0.051014966,0.0167295067,0.8402485612,0.0701282273,0.0218787387,-1.6268642693,-0.143788376,1.2631930051,0.6900164842,-0.182556844,-2.3582963706,-0.2805999178,3.0675572236,0.09606071,-0.5247216452,-1.3818388004,-0.1844412342,2.0248561987,-0.1283356725,-0.3302404915
accelerated-technology--purchase-low-indexed--tax-plus30--index-cpi-indexed--gdp-off--electricity-north-reduction--ets2-high-market,scenarios/accelerated-technology--purchase-low-indexed--tax-plus30--index-cpi-indexed--gdp-off--electricity-north-reduction--ets2-high-market.json,accelerated_technology,False,low_indexed,plus30,cpi_indexed,off,north_reduction,high_market,0.2284808794,0.0669329865,0.4126319292,0.2043180367,0.0876361683,0.1038841952,0.0352306413,0.6635187444,0.150685314,0.046681105,0.0432096532,0.0150700449,0.8500890281,0.0714585192,0.0201727547,-1.6268642693,-0.143788376,1.2631930051,0.6900164842,-0.182556844,-3.5685864792,-0.5184600645,4.3518744293,0.4875875694,-0.752415455,-2.1623700819,-0.3503874152,3.0089028817,0.004693516,-0.5008389007
accelerated-technology--purchase-low-indexed--tax-plus30--index-cpi-indexed--gdp-off--electricity-north-reduction--ets2-off,scenarios/accelerated-technology--purchase-low-indexed--tax-plus30--index-cpi-indexed--gdp-off--electricity-north-reduction--ets2-off.json,accelerated_technology,False,low_indexed,plus30,cpi_indexed,off,north_reduction,off,0.2284808794,0.0669329865,0.4126319292,0.2043180367,0.0876361683,0.1304658529,0.0403356342,0.6357678523,0.1420166309,0.0514140298,0.0599602294,0.0185376773,0.8293914987,0.0684814461,0.0236291485,-1.6268642693,-0.143788376,1.2631930051,0.6900164842,-0.182556844,-0.9104207163,-0.0079607823,1.576785227,-0.3792807472,-0.2791229813,-0.4873124617,-0.0036241788,0.9391499498,-0.2930137979,-0.1551995113
accelerated-technology--purchase-low-indexed--tax-plus30--index-cpi-indexed--gdp-off--electricity-industrial--ets2-adopted,scenarios/accelerated-technology--purchase-low-indexed--tax-plus30--index-cpi-indexed--gdp-off--electricity-industrial--ets2-adopted.json,accelerated_technology,False,low_indexed,plus30,cpi_indexed,off,industrial,adopted,0.2240033087,0.0656212917,0.4189167811,0.2051035713,0.0863550472,0.112890025,0.036605006,0.6563455918,0.1462666335,0.0478927436,0.0494068045,0.016202137,0.8435529255,0.0695414865,0.0212966464,-2.074621339,-0.2749578549,1.8916781924,0.768569953,-0.3106689516,-2.6680035053,-0.3810235959,3.6345591759,0.0457195205,-0.6312515952,-1.5426549469,-0.2371782056,2.3552926293,-0.1870097532,-0.3884497236
accelerated-technology--purchase-low-indexed--tax-plus30--index-cpi-indexed--gdp-off--electricity-industrial--ets2-high-market,scenarios/accelerated-technology--purchase-low-indexed--tax-plus30--index-cpi-indexed--gdp-off--electricity-industrial--ets2-high-market.json,accelerated_technology,False,low_indexed,plus30,cpi_indexed,off,industrial,high_market,0.2240033087,0.0656212917,0.4189167811,0.2051035713,0.0863550472,0.10103438,0.0342641727,0.6690146565,0.1500557261,0.0456310647,0.0418163293,0.0145841013,0.8531703671,0.0708077971,0.0196214052,-2.074621339,-0.2749578549,1.8916781924,0.768569953,-0.3106689516,-3.8535680057,-0.6151069309,4.901465645,0.4246287751,-0.8574194835,-2.3017024707,-0.3989817732,3.317036785,-0.0603786966,-0.5559738445
accelerated-technology--purchase-low-indexed--tax-plus30--index-cpi-indexed--gdp-off--electricity-industrial--ets2-off,scenarios/accelerated-technology--purchase-low-indexed--tax-plus30--index-cpi-indexed--gdp-off--electricity-industrial--ets2-off.json,accelerated_technology,False,low_indexed,plus30,cpi_indexed,off,industrial,off,0.2240033087,0.0656212917,0.4189167811,0.2051035713,0.0863550472,0.1270907462,0.0392921652,0.641628259,0.1416505359,0.0503382937,0.0581154923,0.0179673469,0.8329371038,0.0679615855,0.0230184715,-2.074621339,-0.2749578549,1.8916781924,0.768569953,-0.3106689516,-1.2479313794,-0.1123076772,2.1628258904,-0.4158902472,-0.3866965866,-0.6717861698,-0.0606572173,1.2937104572,-0.3449998541,-0.2162672159
accelerated-technology--purchase-low-indexed--tax-plus30--index-cpi-indexed--gdp-off--electricity-vat-reduced--ets2-adopted,scenarios/accelerated-technology--purchase-low-indexed--tax-plus30--index-cpi-indexed--gdp-off--electricity-vat-reduced--ets2-adopted.json,accelerated_technology,False,low_indexed,plus30,cpi_indexed,off,vat_reduced,adopted,0.2201457539,0.0644912292,0.4243768855,0.2057445917,0.0852415397,0.1102511081,0.0357493275,0.6612155989,0.1458048549,0.0469791106,0.04804728,0.0157563036,0.8463666079,0.0690280073,0.0208018012,-2.4603768202,-0.3879641006,2.4376886334,0.8326719911,-0.4220197037,-2.931895197,-0.466591448,4.1215598849,-0.0004583426,-0.7226148973,-1.6786073995,-0.2817615436,2.6366608689,-0.2383576777,-0.4379342482
accelerated-technology--purchase-low-indexed--tax-plus30--index-cpi-indexed--gdp-off--electricity-vat-reduced--ets2-high-market,scenarios/accelerated-technology--purchase-low-indexed--tax-plus30--index-cpi-indexed--gdp-off--electricity-vat-reduced--ets2-high-market.json,accelerated_technology,False,low_indexed,plus30,cpi_indexed,off,vat_reduced,high_market,0.2201457539,0.0644912292,0.4243768855,0.2057445917,0.0852415397,0.0986088467,0.0334415924,0.6737325669,0.1494853376,0.0447316565,0.0406396013,0.014173699,0.8557935917,0.070239909,0.0191531989,-2.4603768202,-0.3879641006,2.4376886334,0.8326719911,-0.4220197037,-4.0961213375,-0.6973649627,5.3732566835,0.3675899286,-0.9473603119,-2.4193752647,-0.4400220075,3.5793592471,-0.117167498,-0.6027944769
accelerated-technology--purchase-low-indexed--tax-plus30--index-cpi-indexed--gdp-off--electricity-vat-reduced--ets2-off,scenarios/accelerated-technology--purchase-low-indexed--tax-plus30--index-cpi-indexed--gdp-off--electricity-vat-reduced--ets2-off.json,accelerated_technology,False,low_indexed,plus30,cpi_indexed,off,vat_reduced,off,0.2201457539,0.0644912292,0.4243768855,0.2057445917,0.0852415397,0.1242112646,0.0384019268,0.6466651423,0.1413073008,0.0494143655,0.0565543356,0.01748469,0.8359571019,0.0675051352,0.0224987373,-2.4603768202,-0.3879641006,2.4376886334,0.8326719911,-0.4220197037,-1.5358795443,-0.2013315219,2.6665142214,-0.4502137522,-0.4790894031,-0.8279018371,-0.1089229075,1.5957102649,-0.3906448858,-0.2682406345
accelerated-technology--purchase-low-indexed--tax-plus30--index-cpi-indexed--gdp-on--electricity-adopted--ets2-adopted,scenarios/accelerated-technology--purchase-low-indexed--tax-plus30--index-cpi-indexed--gdp-on--electricity-adopted--ets2-adopted.json,accelerated_technology,False,low_indexed,plus30,cpi_indexed,on,adopted,adopted,0.2285563623,0.0673760521,0.411495318,0.2046353246,0.0879369431,0.1127349695,0.0377205193,0.6529353651,0.1479797285,0.0486294176,0.0474456317,0.0165669761,0.8439392988,0.0707595856,0.0212885079,-1.619315983,-0.0994818135,1.1495318819,0.7217452809,-0.1524793663,-2.6835090492,-0.2694722725,3.2935365013,0.2170290185,-0.5575841981,-1.7387722342,-0.2006942925,2.3939299506,-0.0651998456,-0.3892635782
accelerated-technology--purchase-low-indexed--tax-plus30--index-cpi-indexed--gdp-on--electricity-adopted--ets2-high-market,scenarios/accelerated-technology--purchase-low-indexed--tax-plus30--index-cpi-indexed--gdp-on--electricity-adopted--ets2-high-market.json,accelerated_technology,False,low_indexed,plus30,cpi_indexed,on,adopted,high_market,0.2285563623,0.0673760521,0.411495318,0.2046353246,0.0879369431,0.1012384024,0.0353425409,0.665288578,0.1517328537,0.0463976249,0.0405095807,0.0149478356,0.8529250327,0.0719349638,0.0196825873,-1.619315983,-0.0994818135,1.1495318819,0.7217452809,-0.1524793663,-3.8331657595,-0.5072701091,4.5288577955,0.5923415408,-0.7807634677,-2.4323773324,-0.3626083485,3.2925033459,0.0523379756,-0.5498556406
accelerated-technology--purchase-low-indexed--tax-plus30--index-cpi-indexed--gdp-on--electricity-adopted--ets2-off,scenarios/accelerated-technology--purchase-low-indexed--tax-plus30--index-cpi-indexed--gdp-on--electricity-adopted--ets2-off.json,accelerated_technology,False,low_indexed,plus30,cpi_indexed,on,adopted,off,0.2285563623,0.0673760521,0.411495318,0.2046353246,0.0879369431,0.1264249703,0.0404477959,0.6386545776,0.1434353005,0.0510373557,0.0552862218,0.0183263151,0.8341506003,0.0693080055,0.0229288573,-1.619315983,-0.0994818135,1.1495318819,0.7217452809,-0.1524793663,-1.3145089737,0.0032553933,1.8654577569,-0.2374137862,-0.3167903902,-0.9547132196,-0.0247603976,1.4150601083,-0.2103578524,-0.2252286387
accelerated-technology--purchase-low-indexed--tax-plus30--index-cpi-indexed--gdp-on--electricity-north-reduction--ets2-adopted,scenarios/accelerated-technology--purchase-low-indexed--tax-plus30--index-cpi-indexed--gdp-on--electricity-north-reduction--ets2-adopted.json,accelerated_technology,False,low_indexed,plus30,cpi_indexed,on,north_reduction,adopted,0.2270235587,0.0669241974,0.4136414912,0.2049121201,0.0874986325,0.1116932464,0.0373719642,0.6548693333,0.1478018664,0.0482635897,0.0469249625,0.0163851699,0.8450476008,0.0705508762,0.0210913905,-1.7725963377,-0.144667277,1.3641492041,0.749424831,-0.1963104204,-2.7876813645,-0.3043277733,3.4869333202,0.19924281,-0.5941669924,-1.7908391485,-0.2188749194,2.5047601583,-0.0860707786,-0.4089753118
accelerated-technology--purchase-low-indexed--tax-plus30--index-cpi-indexed--gdp-on--electricity-north-reduction--ets2-high-market,scenarios/accelerated-technology--purchase-low-indexed--tax-plus30--index-cpi-indexed--gdp-on--electricity-north-reduction--ets2-high-market.json,accelerated_technology,False,low_indexed,plus30,cpi_indexed,on,north_reduction,high_market,0.2270235587,0.0669241974,0.4136414912,0.2049121201,0.0874986325,0.1002779548,0.0350072466,0.6671648997,0.1515127708,0.0460371281,0.0400554804,0.0147802748,0.8539628559,0.0717056961,0.0194956927,-1.7725963377,-0.144667277,1.3641492041,0.749424831,-0.1963104204,-3.9292105226,-0.5407995395,4.7164899636,0.5703332469,-0.8168131484,-2.4777873601,-0.3793644248,3.3962856675,0.0294112086,-0.5685450912
accelerated-technology--purchase-low-indexed--tax-plus30--index-cpi-indexed--gdp-on--electricity-north-reduction--ets2-off,scenarios/accelerated-technology--purchase-low-indexed--tax-plus30--index-cpi-indexed--gdp-on--electricity-north-reduction--ets2-off.json,accelerated_technology,False,low_indexed,plus30,cpi_indexed,on,north_reduction,off,0.2270235587,0.0669241974,0.4136414912,0.2049121201,0.0874986325,0.1252921054,0.0400853526,0.6406514854,0.1433033438,0.0506677129,0.054693055,0.0181296918,0.8353343785,0.0691206959,0.0227221787,-1.7725963377,-0.144667277,1.3641492041,0.749424831,-0.1963104204,-1.4277954668,-0.0329889415,2.0651485295,-0.2506094528,-0.3537546684,-1.0140298961,-0.0444227306,1.5334379293,-0.2290888081,-0.2458964944
accelerated-technology--purchase-low-indexed--tax-plus30--index-cpi-indexed--gdp-on--electricity-industrial--ets2-adopted,scenarios/accelerated-technology--purchase-low-indexed--tax-plus30--index-cpi-indexed--gdp-on--electricity-industrial--ets2-adopted.json,accelerated_technology,False,low_indexed,plus30,cpi_indexed,on,industrial,adopted,0.2225619843,0.0656089715,0.4199260604,0.2056883283,0.0862146555,0.1086856313,0.0363656323,0.660485504,0.1472607747,0.0472024577,0.0454303765,0.0158632931,0.8482460601,0.0699369611,0.0205233092,-2.2187537755,-0.2761898759,1.9926061254,0.8270456529,-0.3247081268,-3.0884428742,-0.4049609696,4.0485503924,0.1451336378,-0.7002801864,-1.9402977533,-0.271062593,2.8246060803,-0.1474622893,-0.4657834448
accelerated-technology--purchase-low-indexed--tax-plus30--index-cpi-indexed--gdp-on--electricity-industrial--ets2-high-market,scenarios/accelerated-technology--purchase-low-indexed--tax-plus30--index-cpi-indexed--gdp-on--electricity-industrial--ets2-high-market.json,accelerated_technology,False,low_indexed,plus30,cpi_indexed,on,industrial,high_market,0.2225619843,0.0656089715,0.4199260604,0.2056883283,0.0862146555,0.0975071417,0.0340399498,0.6726116315,0.1508488982,0.0449923787,0.0387528517,0.0142996113,0.8569575397,0.0710325364,0.0189574608,-2.2187537755,-0.2761898759,1.9926061254,0.8270456529,-0.3247081268,-4.2062918375,-0.6375292139,5.2611631445,0.5039459896,-0.9212880827,-2.6080502253,-0.42743078,3.6957540478,-0.0379047608,-0.6223682818
accelerated-technology--purchase-low-indexed--tax-plus30--index-cpi-indexed--gdp-on--electricity-industrial--ets2-off,scenarios/accelerated-technology--purchase-low-indexed--tax-plus30--index-cpi-indexed--gdp-on--electricity-industrial--ets2-off.json,accelerated_technology,False,low_indexed,plus30,cpi_indexed,on,industrial,off,0.2225619843,0.0656089715,0.4199260604,0.2056883283,0.0862146555,0.1220184671,0.0390380005,0.6464530812,0.1428960179,0.0495944333,0.0529891803,0.0175648902,0.8387512693,0.0685685657,0.0221260945,-2.2187537755,-0.2761898759,1.9926061254,0.8270456529,-0.3247081268,-1.7551592908,-0.1377241462,2.6453081094,-0.2913420486,-0.4610826238,-1.1844173692,-0.1009028882,1.8751270026,-0.2843018329,-0.3055049122
accelerated-technology--purchase-low-indexed--tax-plus30--index-cpi-indexed--gdp-on--electricity-vat-reduced--ets2-adopted,scenarios/accelerated-technology--purchase-low-indexed--tax-plus30--index-cpi-indexed--gdp-on--electricity-vat-reduced--ets2-adopted.json,accelerated_technology,False,low_indexed,plus30,cpi_indexed,on,vat_reduced,adopted,0.218718549,0.0644759665,0.4253856086,0.2063210814,0.0850987945,0.1061238213,0.0355084643,0.665308385,0.1467665731,0.0462927562,0.0441674423,0.0154223042,0.8509692374,0.0694004039,0.0200406122,-2.6030973042,-0.3894903737,2.5385609422,0.8903209582,-0.4362942225,-3.3446238698,-0.4906777638,4.5308384953,0.0957134741,-0.7912503358,-2.066591165,-0.3151614882,3.0969238135,-0.2011180097,-0.5140531506
accelerated-technology--purchase-low-indexed--tax-plus30--index-cpi-indexed--gdp-on--electricity-vat-reduced--ets2-high-market,scenarios/accelerated-technology--purchase-low-indexed--tax-plus30--index-cpi-indexed--gdp-on--electricity-vat-reduced--ets2-high-market.json,accelerated_technology,False,low_indexed,plus30,cpi_indexed,on,vat_reduced,high_market,0.218718549,0.0644759665,0.4253856086,0.2063210814,0.0850987945,0.0951495639,0.0332169144,0.6772866248,0.1502490879,0.0440978089,0.037653141,0.0138938234,0.8595068017,0.0704456518,0.018500582,-2.6030973042,-0.3894903737,2.5385609422,0.8903209582,-0.4362942225,-4.4420496142,-0.7198327534,5.7286624759,0.4439649602,-1.0107450685,-2.7180212979,-0.4680095637,3.9506802457,-0.0965932194,-0.6680561647
accelerated-technology--purchase-low-indexed--tax-plus30--index-cpi-indexed--gdp-on--electricity-vat-reduced--ets2-off,scenarios/accelerated-technology--purchase-low-indexed--tax-plus30--index-cpi-indexed--gdp-on--electricity-vat-reduced--ets2-off.json,accelerated_technology,False,low_indexed,plus30,cpi_indexed,on,vat_reduced,off,0.218718549,0.0644759665,0.4253856086,0.2063210814,0.0850987945,0.11922666,0.0381448032,0.6514383075,0.1425171946,0.0486730347,0.0515480098,0.01708717,0.8416611119,0.0680846315,0.0216190768,-2.6030973042,-0.3894903737,2.5385609422,0.8903209582,-0.4362942225,-2.0343400036,-0.2270438785,3.1438307441,-0.3292243776,-0.5532224844,-1.3285344213,-0.1486749085,2.166111268,-0.3326952512,-0.356206687
accelerated-technology--purchase-legacy-indexed--tax-adopted--index-adopted--gdp-off--electricity-adopted--ets2-adopted,scenarios/accelerated-technology--purchase-legacy-indexed--tax-adopted--index-adopted--gdp-off--electricity-adopted--ets2-adopted.json,accelerated_technology,False,legacy_indexed,adopted,adopted,off,adopted,adopted,0.2447495221,0.0683708702,0.3999999992,0.1974178718,0.0894617367,0.1265909085,0.0366568747,0.6472534026,0.1403343083,0.049164506,0.0574485755,0.0164582753,0.8366346614,0.0671455772,0.0223129106,0.0,0.0,0.0,0.0,0.0,-1.2979151549,-0.3758367306,2.725340248,-0.5475130052,-0.5040753573,-0.7384778509,-0.2115643722,1.6634662116,-0.4266006837,-0.2868233048
accelerated-technology--purchase-legacy-indexed--tax-adopted--index-adopted--gdp-off--electricity-adopted--ets2-high-market,scenarios/accelerated-technology--purchase-legacy-indexed--tax-adopted--index-adopted--gdp-off--electricity-adopted--ets2-high-market.json,accelerated_technology,False,legacy_indexed,adopted,adopted,off,adopted,high_market,0.2447495221,0.0683708702,0.3999999992,0.1974178718,0.0894617367,0.112286326,0.0343351347,0.6618576733,0.1447490671,0.046771799,0.0477891263,0.0147889121,0.8482133891,0.0687603271,0.0204482454,0.0,0.0,0.0,0.0,0.0,-2.728373405,-0.6080107301,4.1857673221,-0.1060371258,-0.7433460613,-1.7044227678,-0.3785007004,2.8213389881,-0.2651256935,-0.4732898264
accelerated-technology--purchase-legacy-indexed--tax-adopted--index-adopted--gdp-off--electricity-adopted--ets2-off,scenarios/accelerated-technology--purchase-legacy-indexed--tax-adopted--index-adopted--gdp-off--electricity-adopted--ets2-off.json,accelerated_technology,False,legacy_indexed,adopted,adopted,off,adopted,off,0.2447495221,0.0683708702,0.3999999992,0.1974178718,0.0894617367,0.1440002393,0.0393022484,0.6300374603,0.1349193492,0.0517407028,0.0688721769,0.0182797029,0.8234801677,0.065123274,0.0242446785,0.0,0.0,0.0,0.0,0.0,0.4430179272,-0.1112993544,1.0037460189,-1.0890089119,-0.2464556798,0.4038822935,-0.029421613,0.3480168447,-0.6288310059,-0.0936465194
accelerated-technology--purchase-legacy-indexed--tax-adopted--index-adopted--gdp-off--electricity-north-reduction--ets2-adopted,scenarios/accelerated-technology--purchase-legacy-indexed--tax-adopted--index-adopted--gdp-off--electricity-north-reduction--ets2-adopted.json,accelerated_technology,False,legacy_indexed,adopted,adopted,off,north_reduction,adopted,0.2431623681,0.0679274982,0.4021454272,0.1977290171,0.0890356894,0.1254468893,0.0363256015,0.6492284421,0.1401944006,0.0488046665,0.0568329335,0.0162819019,0.8378081329,0.0669649656,0.0221120661,-0.1587154017,-0.0443372066,0.2145428068,0.0311145294,-0.0426047279,-1.4123170741,-0.4089640449,2.9228442001,-0.5615037705,-0.5400593107,-0.8000420507,-0.2292017207,1.780813367,-0.4446618394,-0.3069077562
accelerated-technology--purchase-legacy-indexed--tax-adopted--index-adopted--gdp-off--electricity-north-reduction--ets2-high-market,scenarios/accelerated-technology--purchase-legacy-indexed--tax-adopted--index-adopted--gdp-off--electricity-north-reduction--ets2-high-market.json,accelerated_technology,False,legacy_indexed,adopted,adopted,off,north_reduction,high_market,0.2431623681,0.0679274982,0.4021454272,0.1977290171,0.0890356894,0.1112394895,0.034015031,0.663766342,0.1445630554,0.046416082,0.0472631562,0.0146261444,0.8492971543,0.0685552933,0.0202582519,-0.1587154017,-0.0443372066,0.2145428068,0.0311145294,-0.0426047279,-2.8330570484,-0.6400211014,4.3766341951,-0.1246382919,-0.7789177533,-1.757019782,-0.3947774704,2.9297155052,-0.285629076,-0.4922891767
accelerated-technology--purchase-legacy-indexed--tax-adopted--index-adopted--gdp-off--electricity-north-reduction--ets2-off,scenarios/accelerated-technology--purchase-legacy-indexed--tax-adopted--index-adopted--gdp-off--electricity-north-reduction--ets2-off.json,accelerated_technology,False,legacy_indexed,adopted,adopted,off,north_reduction,off,0.2431623681,0.0679274982,0.4021454272,0.1977290171,0.0890356894,0.1427462333,0.0389599903,0.63208517,0.1348295581,0.0513790484,0.068155386,0.0180894559,0.8247528331,0.0649683784,0.0240339465,-0.1587154017,-0.0443372066,0.2145428068,0.0311145294,-0.0426047279,0.3176173281,-0.145525169,1.2085169882,-1.0979880263,-0.2826211209,0.3322032032,-0.0484463126,0.4752833856,-0.644320558,-0.1147197182
accelerated-technology--purchase-legacy-indexed--tax-adopted--index-adopted--gdp-off--electricity-industrial--ets2-adopted,scenarios/accelerated-technology--purchase-legacy-indexed--tax-adopted--index-adopted--gdp-off--electricity-industrial--ets2-adopted.json,accelerated_technology,False,legacy_indexed,adopted,adopted,off,industrial,adopted,0.2385392116,0.0666360177,0.4084307994,0.198607556,0.0877864153,0.1221418498,0.0353685627,0.654964826,0.1397646074,0.0477601541,0.0550644761,0.0157752616,0.8411948939,0.0664325668,0.0215328015,-0.6210310432,-0.1734852534,0.8430800189,0.1189684226,-0.1675321448,-1.7428210225,-0.5046679304,3.4964825959,-0.6044830938,-0.6445105491,-0.976887787,-0.2798657415,2.1194894668,-0.4979017189,-0.3648342194
accelerated-technology--purchase-legacy-indexed--tax-adopted--index-adopted--gdp-off--electricity-industrial--ets2-high-market,scenarios/accelerated-technology--purchase-legacy-indexed--tax-adopted--index-adopted--gdp-off--electricity-industrial--ets2-high-market.json,accelerated_technology,False,legacy_indexed,adopted,adopted,off,industrial,high_market,0.2385392116,0.0666360177,0.4084307994,0.198607556,0.0877864153,0.1082179232,0.0330910904,0.6693073936,0.1439989982,0.0453845946,0.045753522,0.0141589702,0.8524243476,0.0679523919,0.0197107682,-0.6210310432,-0.1734852534,0.8430800189,0.1189684226,-0.1675321448,-3.1352136846,-0.7324151548,4.9307393486,-0.181044013,-0.8820664962,-1.9079831959,-0.4414948897,3.2424348392,-0.3459192124,-0.5470375413
accelerated-technology--purchase-legacy-indexed--tax-adopted--index-adopted--gdp-off--electricity-industrial--ets2-off,scenarios/accelerated-technology--purchase-legacy-indexed--tax-adopted--index-adopted--gdp-off--electricity-industrial--ets2-off.json,accelerated_technology,False,legacy_indexed,adopted,adopted,off,industrial,off,0.2385392116,0.0666360177,0.4084307994,0.198607556,0.0877864153,0.139119686,0.0379701901,0.6380360529,0.1345460607,0.0503280103,0.0660945685,0.0175424842,0.8284269876,0.0645103742,0.0234255854,-0.6210310432,-0.1734852534,0.8430800189,0.1189684226,-0.1675321448,-0.0450374041,-0.2445051877,1.8036052797,-1.126337763,-0.3877249248,0.1261214513,-0.1031434831,0.8426988348,-0.6901209797,-0.1755558233
accelerated-technology--purchase-legacy-indexed--tax-adopted--index-adopted--gdp-off--electricity-vat-reduced--ets2-adopted,scenarios/accelerated-technology--purchase-legacy-indexed--tax-adopted--index-adopted--gdp-off--electricity-vat-reduced--ets2-adopted.json,accelerated_technology,False,legacy_indexed,adopted,adopted,off,vat_reduced,adopted,0.2345525216,0.0655223343,0.4138946345,0.1993312634,0.0866992462,0.1193242446,0.0345526699,0.6598920235,0.1393672514,0.0468638106,0.0535686523,0.0153467274,0.8440786271,0.0659659114,0.0210400818,-1.0197000468,-0.2848535881,1.3894635353,0.1913391544,-0.2762490548,-2.0245815468,-0.5862572037,3.989202342,-0.644218697,-0.7341448945,-1.1264701719,-0.322719164,2.407862786,-0.5445672654,-0.4141061847
accelerated-technology--purchase-legacy-indexed--tax-adopted--index-adopted--gdp-off--electricity-vat-reduced--ets2-high-market,scenarios/accelerated-technology--purchase-legacy-indexed--tax-adopted--index-adopted--gdp-off--electricity-vat-reduced--ets2-high-market.json,accelerated_technology,False,legacy_indexed,adopted,adopted,off,vat_reduced,high_market,0.2345525216,0.0655223343,0.4138946345,0.1993312634,0.0866992462,0.1056451865,0.0323043939,0.6740638089,0.1434859294,0.0445006812,0.0444780678,0.0137642657,0.8550863164,0.0674256987,0.0192456513,-1.0197000468,-0.2848535881,1.3894635353,0.1913391544,-0.2762490548,-3.3924873529,-0.8110848056,5.4063808866,-0.2323508922,-0.9704578359,-2.0355286162,-0.4809653331,3.5086317156,-0.3985885317,-0.5935492347
accelerated-technology--purchase-legacy-indexed--tax-adopted--index-adopted--gdp-off--electricity-vat-reduced--ets2-off,scenarios/accelerated-technology--purchase-legacy-indexed--tax-adopted--index-adopted--gdp-off--electricity-vat-reduced--ets2-off.json,accelerated_technology,False,legacy_indexed,adopted,adopted,off,vat_reduced,off,0.2345525216,0.0655223343,0.4138946345,0.1993312634,0.0866992462,0.136023543,0.0371251541,0.6431515293,0.1342751995,0.049424574,0.0643493388,0.0170792742,0.8315566944,0.0641072583,0.0229074343,-1.0197000468,-0.2848535881,1.3894635353,0.1913391544,-0.2762490548,-0.3546516993,-0.3290087831,2.3151529199,-1.153423883,-0.4780685545,-0.0484015221,-0.1494644831,1.1556695139,-0.7304325728,-0.2273709359
accelerated-technology--purchase-legacy-indexed--tax-adopted--index-adopted--gdp-on--electricity-adopted--ets2-adopted,scenarios/accelerated-technology--purchase-legacy-indexed--tax-adopted--index-adopted--gdp-on--electricity-adopted--ets2-adopted.json,accelerated_technology,False,legacy_indexed,adopted,adopted,on,adopted,adopted,0.2433786893,0.0683927545,0.4009157449,0.1979604706,0.0893523408,0.1228217331,0.0365147641,0.6508055222,0.1412285416,0.0486294389,0.0539166862,0.0162421763,0.8405762262,0.067542885,0.0217220262,-0.1370832813,0.0021884236,0.0915745749,0.0542598786,-0.0109395958,-1.6748326885,-0.3900477847,3.0805522088,-0.4580896705,-0.5575820649,-1.0916667756,-0.2331742725,2.0576226965,-0.386869899,-0.3459117495
accelerated-technology--purchase-legacy-indexed--tax-adopted--index-adopted--gdp-on--electricity-adopted--ets2-high-market,scenarios/accelerated-technology--purchase-legacy-indexed--tax-adopted--index-adopted--gdp-on--electricity-adopted--ets2-high-market.json,accelerated_technology,False,legacy_indexed,adopted,adopted,on,adopted,high_market,0.2433786893,0.0683927545,0.4009157449,0.1979604706,0.0893523408,0.1091707317,0.0341933022,0.6649006164,0.1454605814,0.0462747683,0.0451470353,0.014602534,0.8513041848,0.0690012883,0.0199449576,-0.1370832813,0.0021884236,0.0915745749,0.0542598786,-0.0109395958,-3.0399328357,-0.6221939817,4.4900616365,-0.0348856914,-0.7930491276,-1.9686318681,-0.3971385087,3.1304185569,-0.2410295736,-0.5236186065
accelerated-technology--purchase-legacy-indexed--tax-adopted--index-adopted--gdp-on--electricity-adopted--ets2-off,scenarios/accelerated-technology--purchase-legacy-indexed--tax-adopted--index-adopted--gdp-on--electricity-adopted--ets2-off.json,accelerated_technology,False,legacy_indexed,adopted,adopted,on,adopted,off,0.2433786893,0.0683927545,0.4009157449,0.1979604706,0.0893523408,0.1393739298,0.0391659885,0.6342464045,0.1360449125,0.0511687646,0.0641684319,0.0180322107,0.828522233,0.0657187774,0.0235583469,-0.1370832813,0.0021884236,0.0915745749,0.0542598786,-0.0109395958,-0.0196130266,-0.1249253432,1.4246404449,-0.9764525802,-0.3036494949,-0.0664922092,-0.0541708355,0.8522233787,-0.5692806595,-0.1622796745
accelerated-technology--purchase-legacy-indexed--tax-adopted--index-adopted--gdp-on--electricity-north-reduction--ets2-adopted,scenarios/accelerated-technology--purchase-legacy-indexed--tax-adopted--index-adopted--gdp-on--electricity-north-reduction--ets2-adopted.json,accelerated_technology,False,legacy_indexed,adopted,adopted,on,north_reduction,adopted,0.2417962302,0.0679480617,0.4030614048,0.1982690315,0.0889252718,0.121703673,0.0361823661,0.6527653104,0.1410783489,0.0482703016,0.0533339461,0.0160666283,0.8417199648,0.067354957,0.0215245038,-0.2953291899,-0.0422808501,0.306140562,0.0851159703,-0.0536464923,-1.7866387031,-0.423287588,3.276531033,-0.4731089416,-0.5934958002,-1.1499407854,-0.2507290743,2.1719965577,-0.4056627074,-0.3656639906
accelerated-technology--purchase-legacy-indexed--tax-adopted--index-adopted--gdp-on--electricity-north-reduction--ets2-high-market,scenarios/accelerated-technology--purchase-legacy-indexed--tax-adopted--index-adopted--gdp-on--electricity-north-reduction--ets2-high-market.json,accelerated_technology,False,legacy_indexed,adopted,adopted,on,north_reduction,high_market,0.2417962302,0.0679480617,0.4030614048,0.1982690315,0.0889252718,0.1081466608,0.0338725535,0.6667954024,0.1452652188,0.0459201645,0.0446467233,0.0144407111,0.8523641741,0.0687902651,0.0197581265,-0.2953291899,-0.0422808501,0.306140562,0.0851159703,-0.0536464923,-3.1423399256,-0.6542688475,4.6795402335,-0.0544219575,-0.8285095028,-2.0186630718,-0.4133207972,3.2364174808,-0.2621318911,-0.5423017207
accelerated-technology--purchase-legacy-indexed--tax-adopted--index-adopted--gdp-on--electricity-north-reduction--ets2-off,scenarios/accelerated-technology--purchase-legacy-indexed--tax-adopted--index-adopted--gdp-on--electricity-north-reduction--ets2-off.json,accelerated_technology,False,legacy_indexed,adopted,adopted,on,north_reduction,off,0.2417962302,0.0679480617,0.4030614048,0.1982690315,0.0889252718,0.1381495539,0.0388219221,0.6362774505,0.135943885,0.0508071884,0.0634934875,0.0178425421,0.8297578774,0.0655551267,0.0233509663,-0.2953291899,-0.0422808501,0.306140562,0.0851159703,-0.0536464923,-0.1420506105,-0.159331986,1.6277450388,-0.9865553293,-0.3398071131,-0.1339866513,-0.0731377008,0.9757878158,-0.5856457316,-0.1830177322
accelerated-technology--purchase-legacy-indexed--tax-adopted--index-adopted--gdp-on--electricity-industrial--ets2-adopted,scenarios/accelerated-technology--purchase-legacy-indexed--tax-adopted--index-adopted--gdp-on--electricity-industrial--ets2-adopted.json,accelerated_technology,False,legacy_indexed,adopted,adopted,on,industrial,adopted,0.2371870117,0.066652808,0.4093472176,0.1991398646,0.087673098,0.1184743007,0.0352222773,0.6584567421,0.1406186037,0.0472280761,0.0516604384,0.0155624911,0.8450206405,0.0668014481,0.0209549819,-0.7562510335,-0.1718062189,0.9347218464,0.1721992778,-0.1788638718,-2.109575929,-0.5192964647,3.8456741993,-0.5190834599,-0.6977183457,-1.3172915566,-0.3011427946,2.5020641207,-0.4610135977,-0.4226161719
accelerated-technology--purchase-legacy-indexed--tax-adopted--index-adopted--gdp-on--electricity-industrial--ets2-high-market,scenarios/accelerated-technology--purchase-legacy-indexed--tax-adopted--index-adopted--gdp-on--electricity-industrial--ets2-high-market.json,accelerated_technology,False,legacy_indexed,adopted,adopted,on,industrial,high_market,0.2371870117,0.066652808,0.4093472176,0.1991398646,0.087673098,0.1051913391,0.0329469189,0.6722956369,0.144673989,0.0448921162,0.0432110422,0.0139763488,0.8554226054,0.068170123,0.0192198806,-0.7562510335,-0.1718062189,0.9347218464,0.1721992778,-0.1788638718,-3.437872096,-0.7468323089,5.2295636778,-0.1135449377,-0.9313143353,-2.1622311817,-0.4597570292,3.5422606197,-0.3241460995,-0.5961263093
accelerated-technology--purchase-legacy-indexed--tax-adopted--index-adopted--gdp-on--electricity-industrial--ets2-off,scenarios/accelerated-technology--purchase-legacy-indexed--tax-adopted--index-adopted--gdp-on--electricity-industrial--ets2-off.json,accelerated_technology,False,legacy_indexed,adopted,adopted,on,industrial,off,0.2371870117,0.066652808,0.4093472176,0.1991398646,0.087673098,0.134609554,0.0378271335,0.6421790571,0.1356275822,0.0497566732,0.0615535966,0.0172974061,0.8333247042,0.0650718056,0.0227524875,-0.7562510335,-0.1718062189,0.9347218464,0.1721992778,-0.1788638718,-0.4960506016,-0.2588108456,2.2179057003,-1.0181856117,-0.4448586414,-0.3279757364,-0.1276512981,1.3324704979,-0.6339778431,-0.2428656203
accelerated-technology--purchase-legacy-indexed--tax-adopted--index-adopted--gdp-on--electricity-vat-reduced--ets2-adopted,scenarios/accelerated-technology--purchase-legacy-indexed--tax-adopted--index-adopted--gdp-on--electricity-vat-reduced--ets2-adopted.json,accelerated_technology,False,legacy_indexed,adopted,adopted,on,vat_reduced,adopted,0.2332126558,0.0655359594,0.4148111491,0.1998567146,0.0865835212,0.1157219969,0.0344040205,0.6633445578,0.1401954348,0.0463339899,0.0502454387,0.0151362284,0.8478307641,0.0663168297,0.0204707392,-1.1536866325,-0.2834910809,1.481114989,0.2438842806,-0.2878215562,-2.3848063089,-0.6011221493,4.3344557771,-0.561400349,-0.7871269699,-1.4587915335,-0.3437690711,2.7830764813,-0.5094754291,-0.4710404476
accelerated-technology--purchase-legacy-indexed--tax-adopted--index-adopted--gdp-on--electricity-vat-reduced--ets2-high-market,scenarios/accelerated-technology--purchase-legacy-indexed--tax-adopted--index-adopted--gdp-on--electricity-vat-reduced--ets2-high-market.json,accelerated_technology,False,legacy_indexed,adopted,adopted,on,vat_reduced,high_market,0.2332126558,0.0655359594,0.4148111491,0.1998567146,0.0865835212,0.1026756373,0.0321589774,0.6770164126,0.1441375729,0.0440113998,0.041998431,0.0135841371,0.858025866,0.0676288074,0.0187627585,-1.1536866325,-0.2834910809,1.481114989,0.2438842806,-0.2878215562,-3.6894422748,-0.8256264601,5.7016412544,-0.1671865417,-1.0193859778,-2.2834922975,-0.4989781995,3.8025866766,-0.3782776677,-0.6418385119
accelerated-technology--purchase-legacy-indexed--tax-adopted--index-adopted--gdp-on--electricity-vat-reduced--ets2-off,scenarios/accelerated-technology--purchase-legacy-indexed--tax-adopted--index-adopted--gdp-on--electricity-vat-reduced--ets2-off.json,accelerated_technology,False,legacy_indexed,adopted,adopted,on,vat_reduced,off,0.2332126558,0.0655359594,0.4148111491,0.1998567146,0.0865835212,0.1315883152,0.0369781239,0.6472511741,0.1353283499,0.0488540368,0.0599114965,0.0168359534,0.8363624729,0.0646470805,0.0222429967,-1.1536866325,-0.2834910809,1.481114989,0.2438842806,-0.2878215562,-0.7981744811,-0.3437118054,2.7251174039,-1.0481088437,-0.5351222738,-0.4921857472,-0.1737965666,1.6362473646,-0.6764503524,-0.2938146984
accelerated-technology--purchase-legacy-indexed--tax-adopted--index-cpi-indexed--gdp-off--electricity-adopted--ets2-adopted,scenarios/accelerated-technology--purchase-legacy-indexed--tax-adopted--index-cpi-indexed--gdp-off--electricity-adopted--ets2-adopted.json,accelerated_technology,False,legacy_indexed,adopted,cpi_indexed,off,adopted,adopted,0.2529130719,0.067272342,0.3950311941,0.194808393,0.089974999,0.1243533493,0.036672996,0.6493030188,0.1408066443,0.0488639916,0.0546465954,0.0163326132,0.839728358,0.067438523,0.0218539104,0.8163549842,-0.1098528183,-0.4968805098,-0.260947882,0.0513262259,-1.5216710729,-0.3742245992,2.9303018699,-0.5002794051,-0.5341267927,-1.0186758595,-0.2241305852,1.972835873,-0.3973060988,-0.3327233295
accelerated-technology--purchase-legacy-indexed--tax-adopted--index-cpi-indexed--gdp-off--electricity-adopted--ets2-high-market,scenarios/accelerated-technology--purchase-legacy-indexed--tax-adopted--index-cpi-indexed--gdp-off--electricity-adopted--ets2-high-market.json,accelerated_technology,False,legacy_indexed,adopted,cpi_indexed,off,adopted,high_market,0.2529130719,0.067272342,0.3950311941,0.194808393,0.089974999,0.1104399376,0.0343357722,0.6636127718,0.1451193636,0.0464921548,0.0456961798,0.0146767904,0.8506369751,0.0689327831,0.0200572717,0.8163549842,-0.1098528183,-0.4968805098,-0.260947882,0.0513262259,-2.9130122403,-0.6079469745,4.3612771675,-0.0690074766,-0.7713104761,-1.913717418,-0.3897128654,3.063697581,-0.2478800976,-0.5123872
accelerated-technology--purchase-legacy-indexed--tax-adopted--index-cpi-indexed--gdp-off--electricity-adopted--ets2-off,scenarios/accelerated-technology--purchase-legacy-indexed--tax-adopted--index-cpi-indexed--gdp-off--electricity-adopted--ets2-off.json,accelerated_technology,False,legacy_indexed,adopted,cpi_indexed,off,adopted,off,0.2529130719,0.067272342,0.3950311941,0.194808393,0.089974999,0.1412482499,0.0393424809,0.6324674765,0.1355214288,0.051420364,0.0651343592,0.0181421524,0.827442245,0.0655695692,0.023711674,0.8163549842,-0.1098528183,-0.4968805098,-0.260947882,0.0513262259,0.1678189849,-0.1072761113,1.2467476384,-1.0288009508,-0.2784895612,0.030100525,-0.0431766617,0.7442245796,-0.5842014801,-0.1469469628
accelerated-technology--purchase-legacy-indexed--tax-adopted--index-cpi-indexed--gdp-off--electricity-north-reduction--ets2-adopted,scenarios/accelerated-technology--purchase-legacy-indexed--tax-adopted--index-cpi-indexed--gdp-off--electricity-north-reduction--ets2-adopted.json,accelerated_technology,False,legacy_indexed,adopted,cpi_indexed,off,north_reduction,adopted,0.2512957017,0.0668421378,0.3971744854,0.19513307,0.0895546051,0.1232249054,0.036340207,0.6512694023,0.1406609625,0.0485045229,0.0540570845,0.0161564219,0.8408785804,0.0672522765,0.0216556367,0.6546179597,-0.1528732456,-0.2825513763,-0.2284801799,0.009286842,-1.6345154679,-0.4075034941,3.1269402199,-0.5148475869,-0.5700736709,-1.0776269468,-0.2417497123,2.0878581141,-0.4159307554,-0.3525506996
accelerated-technology--purchase-legacy-indexed--tax-adopted--index-cpi-indexed--gdp-off--electricity-north-reduction--ets2-high-market,scenarios/accelerated-technology--purchase-legacy-indexed--tax-adopted--index-cpi-indexed--gdp-off--electricity-north-reduction--ets2-high-market.json,accelerated_technology,False,legacy_indexed,adopted,cpi_indexed,off,north_reduction,high_market,0.2512957017,0.0668421378,0.3971744854,0.19513307,0.0895546051,0.1094067236,0.034014546,0.6655135615,0.1449281187,0.0461370502,0.0451905587,0.014514394,0.8517021673,0.0687231501,0.0198697298,0.6546179597,-0.1528732456,-0.2825513763,-0.2284801799,0.009286842,-3.0163336471,-0.6400695958,4.5513561464,-0.0881319664,-0.8068209371,-1.9642795308,-0.4059525059,3.1702168085,-0.2688433883,-0.5311413836
accelerated-technology--purchase-legacy-indexed--tax-adopted--index-cpi-indexed--gdp-off--electricity-north-reduction--ets2-off,scenarios/accelerated-technology--purchase-legacy-indexed--tax-adopted--index-cpi-indexed--gdp-off--electricity-north-reduction--ets2-off.json,accelerated_technology,False,legacy_indexed,adopted,cpi_indexed,off,north_reduction,off,0.2512957017,0.0668421378,0.3971744854,0.19513307,0.0895546051,0.1400120808,0.0389981654,0.6345057306,0.1354253094,0.0510587138,0.0644508545,0.0179517729,0.8286859322,0.0654079134,0.0235035271,0.6546179597,-0.1528732456,-0.2825513763,-0.2284801799,0.009286842,0.0442020785,-0.1417076584,1.4505730567,-1.038412897,-0.3146545798,-0.0382499533,-0.0622146136,0.8685932906,-0.600367064,-0.1677616597
accelerated-technology--purchase-legacy-indexed--tax-adopted--index-cpi-indexed--gdp-off--electricity-industrial--ets2-adopted,scenarios/accelerated-technology--purchase-legacy-indexed--tax-adopted--index-cpi-indexed--gdp-off--electricity-industrial--ets2-adopted.json,accelerated_technology,False,legacy_indexed,adopted,cpi_indexed,off,industrial,adopted,0.2465831333,0.0655886418,0.40345488,0.1960519328,0.088321412,0.1199652471,0.0353789025,0.6569802643,0.1402143582,0.0474612279,0.0523640343,0.0156504081,0.8441980234,0.0667036215,0.0210839127,0.1833611246,-0.2782228401,0.3454880843,-0.1365939,-0.1140324688,-1.9604812976,-0.5036339452,3.6980264223,-0.5595080127,-0.6744031669,-1.24693197,-0.2923510981,2.4198024155,-0.4707962523,-0.4097230951
accelerated-technology--purchase-legacy-indexed--tax-adopted--index-cpi-indexed--gdp-off--electricity-industrial--ets2-high-market,scenarios/accelerated-technology--purchase-legacy-indexed--tax-adopted--index-cpi-indexed--gdp-off--electricity-industrial--ets2-high-market.json,accelerated_technology,False,legacy_indexed,adopted,cpi_indexed,off,industrial,high_market,0.2465831333,0.0655886418,0.40345488,0.1960519328,0.088321412,0.1064247818,0.0330874604,0.6710314408,0.1443488589,0.0451074581,0.0437395729,0.0140483635,0.8547756426,0.0681070125,0.0193294085,0.1833611246,-0.2782228401,0.3454880843,-0.1365939,-0.1140324688,-3.3145278221,-0.732778153,5.1031440686,-0.1460579434,-0.9097801502,-2.1093781067,-0.4525555566,3.4775643348,-0.330457151,-0.5851735205
accelerated-technology--purchase-legacy-indexed--tax-adopted--index-cpi-indexed--gdp-off--electricity-industrial--ets2-off,scenarios/accelerated-technology--purchase-legacy-indexed--tax-adopted--index-cpi-indexed--gdp-off--electricity-industrial--ets2-off.json,accelerated_technology,False,legacy_indexed,adopted,cpi_indexed,off,industrial,off,0.2465831333,0.0655886418,0.40345488,0.1960519328,0.088321412,0.1364376096,0.0380025526,0.6404286415,0.1351233403,0.0500078561,0.0624862224,0.0174045555,0.8322760685,0.0649303628,0.0229027907,0.1833611246,-0.2782228401,0.3454880843,-0.1365939,-0.1140324688,-0.3132450447,-0.2412689387,2.042864143,-1.0686098078,-0.4197403517,-0.2347131588,-0.1169363529,1.2276069262,-0.6481221184,-0.2278352962
accelerated-technology--purchase-legacy-indexed--tax-adopted--index-cpi-indexed--gdp-off--electricity-vat-reduced--ets2-adopted,scenarios/accelerated-technology--purchase-legacy-indexed--tax-adopted--index-cpi-indexed--gdp-off--electricity-vat-reduced--ets2-adopted.json,accelerated_technology,False,legacy_indexed,adopted,cpi_indexed,off,vat_reduced,adopted,0.2425176633,0.0645072675,0.4089159328,0.1968114957,0.0872476406,0.1171867844,0.0345595072,0.6618850922,0.1398025196,0.0465660966,0.0509323957,0.0152225242,0.8470241886,0.0662231363,0.0205977553,-0.2231858769,-0.3863602674,0.8915933625,-0.0606376101,-0.221409608,-2.2383275607,-0.5855734744,4.188509209,-0.6006918723,-0.7639163016,-1.3900958312,-0.3351394906,2.7024189331,-0.5188447772,-0.4583388341
accelerated-technology--purchase-legacy-indexed--tax-adopted--index-cpi-indexed--gdp-off--electricity-vat-reduced--ets2-high-market,scenarios/accelerated-technology--purchase-legacy-indexed--tax-adopted--index-cpi-indexed--gdp-off--electricity-vat-reduced--ets2-high-market.json,accelerated_technology,False,legacy_indexed,adopted,cpi_indexed,off,vat_reduced,high_market,0.2425176633,0.0645072675,0.4089159328,0.1968114957,0.0872476406,0.1038861438,0.032298198,0.6757676146,0.1438227331,0.0442253105,0.0425139534,0.0136547166,0.857391743,0.0675690962,0.0188704908,-0.2231858769,-0.3863602674,0.8915933625,-0.0606376101,-0.221409608,-3.5683916266,-0.8117043997,5.5767614509,-0.1986705191,-0.9979949055,-2.2319400614,-0.4919202503,3.7391743799,-0.3842487859,-0.6310652823
accelerated-technology--purchase-legacy-indexed--tax-adopted--index-cpi-indexed--gdp-off--electricity-vat-reduced--ets2-off,scenarios/accelerated-technology--purchase-legacy-indexed--tax-adopted--index-cpi-indexed--gdp-off--electricity-vat-reduced--ets2-off.json,accelerated_technology,False,legacy_indexed,adopted,cpi_indexed,off,vat_reduced,off,0.2425176633,0.0645072675,0.4089159328,0.1968114957,0.0872476406,0.1333865086,0.0371527164,0.6455194914,0.1348365094,0.0491047742,0.060823018,0.0169412961,0.835333796,0.0645105657,0.0223913243,-0.2231858769,-0.3863602674,0.8915933625,-0.0606376101,-0.221409608,-0.6183551411,-0.3262525625,2.5519491325,-1.0972928948,-0.5100485341,-0.4010336019,-0.1632622993,1.5333796709,-0.6901018293,-0.2789819404
accelerated-technology--purchase-legacy-indexed--tax-adopted--index-cpi-indexed--gdp-on--electricity-adopted--ets2-adopted,scenarios/accelerated-technology--purchase-legacy-indexed--tax-adopted--index-cpi-indexed--gdp-on--electricity-adopted--ets2-adopted.json,accelerated_technology,False,legacy_indexed,adopted,cpi_indexed,on,adopted,adopted,0.2516009723,0.0672898437,0.3959002891,0.1953313545,0.0898775404,0.1205156914,0.0365230653,0.6529408754,0.1417118267,0.0483085413,0.0509650189,0.0160854455,0.8439025434,0.0678362342,0.021210758,0.6851450169,-0.1081026516,-0.4099710073,-0.2086517289,0.0415803708,-1.9054368638,-0.3892176708,3.2940875314,-0.4097611647,-0.5896718322,-1.3868335075,-0.2488473522,2.3902544152,-0.3575349852,-0.3970385703
accelerated-technology--purchase-legacy-indexed--tax-adopted--index-cpi-indexed--gdp-on--electricity-adopted--ets2-high-market,scenarios/accelerated-technology--purchase-legacy-indexed--tax-adopted--index-cpi-indexed--gdp-on--electricity-adopted--ets2-high-market.json,accelerated_technology,False,legacy_indexed,adopted,cpi_indexed,on,adopted,high_market,0.2516009723,0.0672898437,0.3959002891,0.1953313545,0.0898775404,0.1072612618,0.0341874607,0.6667351741,0.1458394382,0.0459766653,0.0429174653,0.0144658469,0.8539386626,0.0691696295,0.0195083956,0.6851450169,-0.1081026516,-0.4099710073,-0.2086517289,0.0415803708,-3.2308798236,-0.6227781303,4.6735173988,0.0029999817,-0.8228594266,-2.1915888699,-0.410807214,3.3938663375,-0.2241954501,-0.5672748035
accelerated-technology--purchase-legacy-indexed--tax-adopted--index-cpi-indexed--gdp-on--electricity-adopted--ets2-off,scenarios/accelerated-technology--purchase-legacy-indexed--tax-adopted--index-cpi-indexed--gdp-on--electricity-adopted--ets2-off.json,accelerated_technology,False,legacy_indexed,adopted,cpi_indexed,on,adopted,off,0.2516009723,0.0672898437,0.3959002891,0.1953313545,0.0898775404,0.1365491281,0.0391964058,0.6367682317,0.1366606061,0.0508256282,0.0602798036,0.0178547963,0.8327299263,0.0661698162,0.0229656577,0.6851450169,-0.1081026516,-0.4099710073,-0.2086517289,0.0415803708,-0.3020931928,-0.1218836178,1.6768231672,-0.9148832221,-0.3379631345,-0.4553550415,-0.071912275,1.2729927003,-0.5241767841,-0.2215485997
accelerated-technology--purchase-legacy-indexed--tax-adopted--index-cpi-indexed--gdp-on--electricity-north-reduction--ets2-adopted,scenarios/accelerated-technology--purchase-legacy-indexed--tax-adopted--index-cpi-indexed--gdp-on--electricity-north-reduction--ets2-adopted.json,accelerated_technology,False,legacy_indexed,adopted,cpi_indexed,on,north_reduction,adopted,0.2499878732,0.0668584257,0.3980438943,0.1956536789,0.0894561278,0.1194139138,0.0361891644,0.6548915018,0.1415555372,0.0479498827,0.0504102016,0.0159103356,0.8450210868,0.0676421504,0.0210162256,0.523835116,-0.1512444484,-0.1956104854,-0.1764192887,-0.0005608935,-2.0156146184,-0.422607757,3.4891501753,-0.425390112,-0.625537688,-1.4423152359,-0.2663583497,2.5021087556,-0.3769433665,-0.4164918034
accelerated-technology--purchase-legacy-indexed--tax-adopted--index-cpi-indexed--gdp-on--electricity-north-reduction--ets2-high-market,scenarios/accelerated-technology--purchase-legacy-indexed--tax-adopted--index-cpi-indexed--gdp-on--electricity-north-reduction--ets2-high-market.json,accelerated_technology,False,legacy_indexed,adopted,cpi_indexed,on,north_reduction,high_market,0.2499878732,0.0668584257,0.3980438943,0.1956536789,0.0894561278,0.1062514452,0.0338656011,0.6686216246,0.1456385535,0.0456227755,0.042439079,0.0143046011,0.8549783615,0.0689535714,0.0193243871,0.523835116,-0.1512444484,-0.1956104854,-0.1764192887,-0.0005608935,-3.3318614797,-0.6549640876,4.8621624537,-0.0170884797,-0.8582484066,-2.2394275034,-0.4269317998,3.4978362215,-0.2458012649,-0.5856756534
accelerated-technology--purchase-legacy-indexed--tax-adopted--index-cpi-indexed--gdp-on--electricity-north-reduction--ets2-off,scenarios/accelerated-technology--purchase-legacy-indexed--tax-adopted--index-cpi-indexed--gdp-on--electricity-north-reduction--ets2-off.json,accelerated_technology,False,legacy_indexed,adopted,cpi_indexed,on,north_reduction,off,0.2499878732,0.0668584257,0.3980438943,0.1956536789,0.0894561278,0.1353433886,0.0388502985,0.638789253,0.1365528871,0.0504641728,0.0596401147,0.0176653213,0.8339344305,0.065998794,0.0227613395,0.523835116,-0.1512444484,-0.1956104854,-0.1764192887,-0.0005608935,-0.4226671454,-0.1564943519,1.8789252942,-0.9256551228,-0.3741086741,-0.5193239311,-0.0908597736,1.3934431212,-0.5412790052,-0.2419804113
accelerated-technology--purchase-legacy-indexed--tax-adopted--index-cpi-indexed--gdp-on--electricity-industrial--ets2-adopted,scenarios/accelerated-technology--purchase-legacy-indexed--tax-adopted--index-cpi-indexed--gdp-on--electricity-industrial--ets2-adopted.json,accelerated_technology,False,legacy_indexed,adopted,cpi_indexed,on,industrial,adopted,0.2452880044,0.0656014614,0.4043249808,0.196565516,0.0882200373,0.1162319642,0.0352248539,0.6605559374,0.1410780509,0.0469091936,0.0488172368,0.0154075682,0.8482488388,0.067070896,0.0204554602,0.0538482344,-0.2769408776,0.4324981609,-0.0852355769,-0.1241699408,-2.3338095791,-0.5190388124,4.0555937341,-0.4731387441,-0.7296065986,-1.6016117235,-0.3166350892,2.8248839601,-0.434068801,-0.4725683464
accelerated-technology--purchase-legacy-indexed--tax-adopted--index-cpi-indexed--gdp-on--electricity-industrial--ets2-high-market,scenarios/accelerated-technology--purchase-legacy-indexed--tax-adopted--index-cpi-indexed--gdp-on--electricity-industrial--ets2-high-market.json,accelerated_technology,False,legacy_indexed,adopted,cpi_indexed,on,industrial,high_market,0.2452880044,0.0656014614,0.4043249808,0.196565516,0.0882200373,0.1033375721,0.0329368602,0.6740973563,0.1450312896,0.0445969218,0.0410665684,0.0138419799,0.8579781248,0.0683189485,0.0187943784,0.0538482344,-0.2769408776,0.4324981609,-0.0852355769,-0.1241699408,-3.6232487939,-0.7478381801,5.4097356206,-0.077814871,-0.9608337756,-2.3766785567,-0.4731939151,3.7978125505,-0.3092635546,-0.6386765241
accelerated-technology--purchase-legacy-indexed--tax-adopted--index-cpi-indexed--gdp-on--electricity-industrial--ets2-off,scenarios/accelerated-technology--purchase-legacy-indexed--tax-adopted--index-cpi-indexed--gdp-on--electricity-industrial--ets2-off.json,accelerated_technology,False,legacy_indexed,adopted,cpi_indexed,on,industrial,off,0.2452880044,0.0656014614,0.4043249808,0.196565516,0.0882200373,0.1318577713,0.0378497526,0.6446612291,0.1362170642,0.0494141828,0.0578020459,0.0171208878,0.8374110195,0.0654941763,0.0221718704,0.0538482344,-0.2769408776,0.4324981609,-0.0852355769,-0.1241699408,-0.7712288781,-0.2565489426,2.4661229048,-0.9592374101,-0.4791076739,-0.7031308093,-0.1453031224,1.7411020293,-0.5917407739,-0.3009273237
accelerated-technology--purchase-legacy-indexed--tax-adopted--index-cpi-indexed--gdp-on--electricity-vat-reduced--ets2-adopted,scenarios/accelerated-technology--purchase-legacy-indexed--tax-adopted--index-cpi-indexed--gdp-on--electricity-vat-reduced--ets2-adopted.json,accelerated_technology,False,legacy_indexed,adopted,cpi_indexed,on,vat_reduced,adopted,0.2412337957,0.0645171768,0.4097863607,0.197318814,0.0871438528,0.1135205407,0.0344031393,0.6654201117,0.140639609,0.0460165993,0.0474707531,0.0149825945,0.8509966348,0.0665711964,0.0199788213,-0.351572643,-0.3853693437,0.9786361574,-0.0099057779,-0.2317883929,-2.6049519311,-0.6012102683,4.542011161,-0.5169829361,-0.8188660255,-1.736260094,-0.3591324545,3.0996635517,-0.4840387667,-0.5202322365
accelerated-technology--purchase-legacy-indexed--tax-adopted--index-cpi-indexed--gdp-on--electricity-vat-reduced--ets2-high-market,scenarios/accelerated-technology--purchase-legacy-indexed--tax-adopted--index-cpi-indexed--gdp-on--electricity-vat-reduced--ets2-high-market.json,accelerated_technology,False,legacy_indexed,adopted,cpi_indexed,on,vat_reduced,high_market,0.2412337957,0.0645171768,0.4097863607,0.197318814,0.0871438528,0.1008575216,0.0321463919,0.6787967425,0.144481111,0.0437182331,0.0399076087,0.0134513386,0.8605313106,0.0677653663,0.0183443758,-0.351572643,-0.3853693437,0.9786361574,-0.0099057779,-0.2317883929,-3.871253845,-0.826885012,5.8796742407,-0.1328327387,-1.0487026451,-2.4925745282,-0.5122580437,4.0531311385,-0.3646217768,-0.6836767898
accelerated-technology--purchase-legacy-indexed--tax-adopted--index-cpi-indexed--gdp-on--electricity-vat-reduced--ets2-off,scenarios/accelerated-technology--purchase-legacy-indexed--tax-adopted--index-cpi-indexed--gdp-on--electricity-vat-reduced--ets2-off.json,accelerated_technology,False,legacy_indexed,adopted,cpi_indexed,on,vat_reduced,off,0.2412337957,0.0645171768,0.4097863607,0.197318814,0.0871438528,0.1288835369,0.0369959991,0.6497072893,0.13590097,0.0485122047,0.0562467142,0.0166602007,0.8403715369,0.0650512964,0.0216702518,-0.351572643,-0.3853693437,0.9786361574,-0.0099057779,-0.2317883929,-1.0686523113,-0.3419242925,2.9707289202,-0.990846833,-0.5693054835,-0.8586639825,-0.191371838,2.0371537665,-0.6360287604,-0.3510891857
accelerated-technology--purchase-legacy-indexed--tax-plus30--index-adopted--gdp-off--electricity-adopted--ets2-adopted,scenarios/accelerated-technology--purchase-legacy-indexed--tax-plus30--index-adopted--gdp-off--electricity-adopted--ets2-adopted.json,accelerated_technology,False,legacy_indexed,plus30,adopted,off,adopted,adopted,0.2209646016,0.0685288671,0.4162253373,0.2069431966,0.0873379974,0.1137160626,0.036095196,0.6595543341,0.1433767807,0.0472576265,0.0515093811,0.0160768881,0.8433086124,0.0678046512,0.0213004672,-2.3784920463,0.0157996852,1.6225338169,0.9525324775,-0.2123739333,-2.5853997447,-0.432004593,3.9554334024,-0.2432657611,-0.6947633035,-1.3323972921,-0.2497030988,2.3308613148,-0.3606932795,-0.3880676443
accelerated-technology--purchase-legacy-indexed--tax-plus30--index-adopted--gdp-off--electricity-adopted--ets2-high-market,scenarios/accelerated-technology--purchase-legacy-indexed--tax-plus30--index-adopted--gdp-off--electricity-adopted--ets2-high-market.json,accelerated_technology,False,legacy_indexed,plus30,adopted,off,adopted,high_market,0.2209646016,0.0685288671,0.4162253373,0.2069431966,0.0873379974,0.101599505,0.0337885639,0.6724372288,0.1471712173,0.0450034851,0.0433295394,0.0144615952,0.8534660865,0.069157629,0.0195851499,-2.3784920463,0.0157996852,1.6225338169,0.9525324775,-0.2123739333,-3.7970555056,-0.6626678095,5.2437228691,0.1361778937,-0.9201774477,-2.1503814586,-0.4112323882,3.3466087233,-0.2253955039,-0.5595993727
accelerated-technology--purchase-legacy-indexed--tax-plus30--index-adopted--gdp-off--electricity-adopted--ets2-off,scenarios/accelerated-technology--purchase-legacy-indexed--tax-plus30--index-adopted--gdp-off--electricity-adopted--ets2-off.json,accelerated_technology,False,legacy_indexed,plus30,adopted,off,adopted,off,0.2209646016,0.0685288671,0.4162253373,0.2069431966,0.0873379974,0.1282741256,0.0387401673,0.6445452194,0.1387445795,0.0496959081,0.060995226,0.0178398607,0.8319822861,0.0661132075,0.0230694196,-2.3784920463,0.0157996852,1.6225338169,0.9525324775,-0.2123739333,-1.129593439,-0.1675074665,2.4545219333,-0.706485881,-0.4509351468,-0.3838127995,-0.0734058374,1.1982286889,-0.5298376493,-0.2111724027
accelerated-technology--purchase-legacy-indexed--tax-plus30--index-adopted--gdp-off--electricity-north-reduction--ets2-adopted,scenarios/accelerated-technology--purchase-legacy-indexed--tax-plus30--index-adopted--gdp-off--electricity-north-reduction--ets2-adopted.json,accelerated_technology,False,legacy_indexed,plus30,adopted,off,north_reduction,adopted,0.2194639515,0.0680634629,0.4183719401,0.2072054013,0.0868952442,0.112662268,0.0357607057,0.6614755287,0.1432006306,0.046900867,0.0509493317,0.0159020878,0.8444316022,0.0676115787,0.0211053996,-2.5285570573,-0.0307407341,1.8371940986,0.9787529479,-0.2566492551,-2.6907792074,-0.4654536263,4.1475528623,-0.2608807706,-0.730439258,-1.3884022321,-0.2671831215,2.4431602975,-0.3800005365,-0.4075744074
accelerated-technology--purchase-legacy-indexed--tax-plus30--index-adopted--gdp-off--electricity-north-reduction--ets2-high-market,scenarios/accelerated-technology--purchase-legacy-indexed--tax-plus30--index-adopted--gdp-off--electricity-north-reduction--ets2-high-market.json,accelerated_technology,False,legacy_indexed,plus30,adopted,off,north_reduction,high_market,0.2194639515,0.0680634629,0.4183719401,0.2072054013,0.0868952442,0.1006318859,0.0334667665,0.6742969081,0.1469522811,0.0446521584,0.0428470438,0.0143005582,0.8545093744,0.068942387,0.0194006366,-2.5285570573,-0.0307407341,1.8371940986,0.9787529479,-0.2566492551,-3.8938174086,-0.6948475503,5.4296908019,0.114284277,-0.95531012,-2.1986310229,-0.4273360827,3.450937515,-0.2469197024,-0.5780507071
accelerated-technology--purchase-legacy-indexed--tax-plus30--index-adopted--gdp-off--electricity-north-reduction--ets2-off,scenarios/accelerated-technology--purchase-legacy-indexed--tax-plus30--index-adopted--gdp-off--electricity-north-reduction--ets2-off.json,accelerated_technology,False,legacy_indexed,plus30,adopted,off,north_reduction,off,0.2194639515,0.0680634629,0.4183719401,0.2072054013,0.0868952442,0.1271230279,0.0383925234,0.6465339883,0.1386151249,0.0493353355,0.0603489318,0.0176508328,0.8331922732,0.0659434099,0.0228645522,-2.5285570573,-0.0307407341,1.8371940986,0.9787529479,-0.2566492551,-1.2447032137,-0.2022718581,2.6533988225,-0.7194313434,-0.4869924073,-0.4484422166,-0.0923086249,1.3192273967,-0.5468174135,-0.2316591416
accelerated-technology--purchase-legacy-indexed--tax-plus30--index-adopted--gdp-off--electricity-industrial--ets2-adopted,scenarios/accelerated-technology--purchase-legacy-indexed--tax-plus30--index-adopted--gdp-off--electricity-industrial--ets2-adopted.json,accelerated_technology,False,legacy_indexed,plus30,adopted,off,industrial,adopted,0.2150971858,0.0667091758,0.4246565803,0.2079383293,0.0855987289,0.1096200881,0.0347950719,0.6670533299,0.1426653585,0.0458661516,0.0493412826,0.0154001904,0.8476722241,0.0670432353,0.0205430676,-2.9652336299,-0.1661694434,2.4656581154,1.0520457451,-0.3863007871,-2.9949971904,-0.5620170096,4.7053329823,-0.3144079829,-0.8339107993,-1.5492071411,-0.3173728631,2.7672224863,-0.4368348777,-0.4638076045
accelerated-technology--purchase-legacy-indexed--tax-plus30--index-adopted--gdp-off--electricity-industrial--ets2-high-market,scenarios/accelerated-technology--purchase-legacy-indexed--tax-plus30--index-adopted--gdp-off--electricity-industrial--ets2-high-market.json,accelerated_technology,False,legacy_indexed,plus30,adopted,off,industrial,high_market,0.2150971858,0.0667091758,0.4246565803,0.2079383293,0.0855987289,0.0978407336,0.0325385235,0.6796940112,0.146292602,0.0436341297,0.0414626992,0.0138385217,0.8575195161,0.0683101075,0.0188691555,-2.9652336299,-0.1661694434,2.4656581154,1.0520457451,-0.3863007871,-4.1729326444,-0.7876718508,5.9694011097,0.0483163697,-1.0571129843,-2.3370654751,-0.4735397358,3.7519516867,-0.3101476559,-0.6311988198
accelerated-technology--purchase-legacy-indexed--tax-plus30--index-adopted--gdp-off--electricity-industrial--ets2-off,scenarios/accelerated-technology--purchase-legacy-indexed--tax-plus30--index-adopted--gdp-off--electricity-industrial--ets2-off.json,accelerated_technology,False,legacy_indexed,plus30,adopted,off,industrial,off,0.2150971858,0.0667091758,0.4246565803,0.2079383293,0.0855987289,0.1237968822,0.0373879916,0.6523107563,0.1382159119,0.0482884581,0.0584917973,0.0171076588,0.8366847499,0.0654423254,0.0222734686,-2.9652336299,-0.1661694434,2.4656581154,1.0520457451,-0.3863007871,-1.577317787,-0.3027250411,3.2310756227,-0.7593526463,-0.5916801483,-0.6341556734,-0.1466260267,1.6684750694,-0.5969258589,-0.2907675104
accelerated-technology--purchase-legacy-indexed--tax-plus30--index-adopted--gdp-off--electricity-vat-reduced--ets2-adopted,scenarios/accelerated-technology--purchase-legacy-indexed--tax-plus30--index-adopted--gdp-off--electricity-vat-reduced--ets2-adopted.json,accelerated_technology,False,legacy_indexed,plus30,adopted,off,vat_reduced,adopted,0.2113368843,0.0655429745,0.4301147635,0.208532835,0.0844725427,0.1070291752,0.033972677,0.6718417402,0.1421771778,0.0449792297,0.0479819761,0.0149759295,0.8504310204,0.0665460044,0.0200650696,-3.3412637815,-0.282789572,3.0114764329,1.1114963232,-0.4989194025,-3.2540884793,-0.6442564985,5.1841740161,-0.3632260503,-0.922602988,-1.68513779,-0.3597989568,3.0431021119,-0.4865579605,-0.5116074046
accelerated-technology--purchase-legacy-indexed--tax-plus30--index-adopted--gdp-off--electricity-vat-reduced--ets2-high-market,scenarios/accelerated-technology--purchase-legacy-indexed--tax-plus30--index-adopted--gdp-off--electricity-vat-reduced--ets2-high-market.json,accelerated_technology,False,legacy_indexed,plus30,adopted,off,vat_reduced,high_market,0.2113368843,0.0655429745,0.4301147635,0.208532835,0.0844725427,0.0954662613,0.0317488542,0.6843248392,0.1456974345,0.0427626108,0.0402936951,0.0134483568,0.8600815613,0.0677585055,0.0184178812,-3.3412637815,-0.282789572,3.0114764329,1.1114963232,-0.4989194025,-4.4103798731,-0.8666387794,6.4324839146,-0.0112003869,-1.1442648753,-2.4539658871,-0.5125562233,4.00815621,-0.3653078515,-0.6763262481
accelerated-technology--purchase-legacy-indexed--tax-plus30--index-adopted--gdp-off--electricity-vat-reduced--ets2-off,scenarios/accelerated-technology--purchase-legacy-indexed--tax-plus30--index-adopted--gdp-off--electricity-vat-reduced--ets2-off.json,accelerated_technology,False,legacy_indexed,plus30,adopted,off,vat_reduced,off,0.2113368843,0.0655429745,0.4301147635,0.208532835,0.0844725427,0.1209605076,0.0365313759,0.657273235,0.1378450776,0.0473898039,0.0569202314,0.0166480078,0.8396588679,0.065002452,0.0217704409,-3.3412637815,-0.282789572,3.0114764329,1.1114963232,-0.4989194025,-1.8609552418,-0.3883866069,3.7273234882,-0.7964360691,-0.6815455704,-0.791312261,-0.1925911261,1.9658868672,-0.6409131995,-0.3410702805
accelerated-technology--purchase-legacy-indexed--tax-plus30--index-adopted--gdp-on--electricity-adopted--ets2-adopted,scenarios/accelerated-technology--purchase-legacy-indexed--tax-plus30--index-adopted--gdp-on--electricity-adopted--ets2-adopted.json,accelerated_technology,False,legacy_indexed,plus30,adopted,on,adopted,adopted,0.2194546872,0.0685221694,0.4172810066,0.2075557806,0.0871863563,0.1096102485,0.035867954,0.6635838598,0.1443378658,0.0466000718,0.0476956974,0.015782006,0.8477225981,0.0682010776,0.020598621,-2.5294834894,0.0151299183,1.7281007386,1.0137908796,-0.2275380471,-2.9959811537,-0.4547287938,4.3583859755,-0.1471572502,-0.7605187778,-1.7137656583,-0.2791913112,2.7722598859,-0.3210506455,-0.4582522709
accelerated-technology--purchase-legacy-indexed--tax-plus30--index-adopted--gdp-on--electricity-adopted--ets2-high-market,scenarios/accelerated-technology--purchase-legacy-indexed--tax-plus30--index-adopted--gdp-on--electricity-adopted--ets2-high-market.json,accelerated_technology,False,legacy_indexed,plus30,adopted,on,adopted,high_market,0.2194546872,0.0685221694,0.4172810066,0.2075557806,0.0871863563,0.0981644874,0.0335747947,0.6759285201,0.1479369225,0.0443952754,0.0404216133,0.0142124612,0.8569921697,0.0693891752,0.0189845806,-2.5294834894,0.0151299183,1.7281007386,1.0137908796,-0.2275380471,-4.1405572654,-0.6840447269,5.5928519983,0.2127484125,-0.9809984184,-2.4411740662,-0.4361457854,3.6992170448,-0.2022408877,-0.6196563056
accelerated-technology--purchase-legacy-indexed--tax-plus30--index-adopted--gdp-on--electricity-adopted--ets2-off,scenarios/accelerated-technology--purchase-legacy-indexed--tax-plus30--index-adopted--gdp-on--electricity-adopted--ets2-off.json,accelerated_technology,False,legacy_indexed,plus30,adopted,on,adopted,off,0.2194546872,0.0685221694,0.4172810066,0.2075557806,0.0871863563,0.1233048402,0.0385004999,0.6492566749,0.1399506525,0.0489873325,0.0560227935,0.0174924646,0.8375121331,0.0667155165,0.0222570923,-2.5294834894,0.0151299183,1.7281007386,1.0137908796,-0.2275380471,-1.6265219787,-0.1914742126,2.9256674819,-0.5858785827,-0.5217927079,-0.8810560477,-0.108145446,1.7512133832,-0.4696067559,-0.2924051336
accelerated-technology--purchase-legacy-indexed--tax-plus30--index-adopted--gdp-on--electricity-north-reduction--ets2-adopted,scenarios/accelerated-technology--purchase-legacy-indexed--tax-plus30--index-adopted--gdp-on--electricity-north-reduction--ets2-adopted.json,accelerated_technology,False,legacy_indexed,plus30,adopted,on,north_reduction,adopted,0.2179598962,0.0680554383,0.4194274722,0.2078145708,0.0867426226,0.1085861668,0.035532842,0.6654867947,0.1441494699,0.0462447265,0.0471720508,0.0156087368,0.8488118433,0.0679995785,0.0204077906,-2.6789625913,-0.0315431898,1.9427473008,1.0396698972,-0.2719114168,-3.0983893186,-0.4882399974,4.5486794621,-0.16599684,-0.7960533062,-1.7661303197,-0.2965182283,2.8811844094,-0.3412005552,-0.4773353062
accelerated-technology--purchase-legacy-indexed--tax-plus30--index-adopted--gdp-on--electricity-north-reduction--ets2-high-market,scenarios/accelerated-technology--purchase-legacy-indexed--tax-plus30--index-adopted--gdp-on--electricity-north-reduction--ets2-high-market.json,accelerated_technology,False,legacy_indexed,plus30,adopted,on,north_reduction,high_market,0.2179598962,0.0680554383,0.4194274722,0.2078145708,0.0867426226,0.0972230193,0.0332527882,0.6777715941,0.1477068752,0.0440457231,0.0399679142,0.0140529381,0.8580080997,0.0691670091,0.0188040388,-2.6789625913,-0.0315431898,1.9427473008,1.0396698972,-0.2719114168,-4.2347040783,-0.716245373,5.7771594047,0.1897436899,-1.0159536434,-2.4865439748,-0.4520980944,3.8008100499,-0.2244574933,-0.6377104874
accelerated-technology--purchase-legacy-indexed--tax-plus30--index-adopted--gdp-on--electricity-north-reduction--ets2-off,scenarios/accelerated-technology--purchase-legacy-indexed--tax-plus30--index-adopted--gdp-on--electricity-north-reduction--ets2-off.json,accelerated_technology,False,legacy_indexed,plus30,adopted,on,north_reduction,off,0.2179598962,0.0680554383,0.4194274722,0.2078145708,0.0867426226,0.1221875737,0.0381516464,0.6512254029,0.1398077589,0.0486276181,0.0554221025,0.0173049058,0.8386807046,0.0665356676,0.0220566196,-2.6789625913,-0.0315431898,1.9427473008,1.0396698972,-0.2719114168,-1.7382486286,-0.2263595574,3.1225402818,-0.6001679475,-0.5577641483,-0.9411251531,-0.1269013244,1.8680705307,-0.4875916459,-0.3124524073
accelerated-technology--purchase-legacy-indexed--tax-plus30--index-adopted--gdp-on--electricity-industrial--ets2-adopted,scenarios/accelerated-technology--purchase-legacy-indexed--tax-plus30--index-adopted--gdp-on--electricity-industrial--ets2-adopted.json,accelerated_technology,False,legacy_indexed,plus30,adopted,on,industrial,adopted,0.2136104668,0.0666973797,0.4257114431,0.2085373621,0.0854433483,0.1056304718,0.0345656447,0.6710108916,0.1435785988,0.0452143931,0.0456689773,0.0151113855,0.8519548316,0.0674069526,0.019857853,-3.113905525,-0.1673490537,2.5711443928,1.1119490289,-0.4018388429,-3.3939588279,-0.5849597268,5.1010891497,-0.2230839489,-0.8990866462,-1.9164376701,-0.3462533539,3.1954832335,-0.4004631447,-0.5323290649
accelerated-technology--purchase-legacy-indexed--tax-plus30--index-adopted--gdp-on--electricity-industrial--ets2-high-market,scenarios/accelerated-technology--purchase-legacy-indexed--tax-plus30--index-adopted--gdp-on--electricity-industrial--ets2-high-market.json,accelerated_technology,False,legacy_indexed,plus30,adopted,on,industrial,high_market,0.2136104668,0.0666973797,0.4257114431,0.2085373621,0.0854433483,0.0945078702,0.032324137,0.6831199578,0.147014959,0.043033076,0.0386665189,0.0135953604,0.8609391606,0.0685148216,0.0182841385,-3.113905525,-0.1673490537,2.5711443928,1.1119490289,-0.4018388429,-4.5062189847,-0.8091104965,6.3119957743,0.1205520649,-1.117218358,-2.6166835061,-0.4978558682,4.0939161372,-0.2896762468,-0.6897005162
accelerated-technology--purchase-legacy-indexed--tax-plus30--index-adopted--gdp-on--electricity-industrial--ets2-off,scenarios/accelerated-technology--purchase-legacy-indexed--tax-plus30--index-adopted--gdp-on--electricity-industrial--ets2-off.json,accelerated_technology,False,legacy_indexed,plus30,adopted,on,industrial,off,0.2136104668,0.0666973797,0.4257114431,0.2085373621,0.0854433483,0.1189600738,0.0371438972,0.6569430754,0.1393693909,0.0475835626,0.0536966311,0.0167661475,0.842053222,0.0660055578,0.0214784417,-3.113905525,-0.1673490537,2.5711443928,1.1119490289,-0.4018388429,-2.0609986189,-0.3271344818,3.6943075373,-0.6440047399,-0.6621696966,-1.113672288,-0.1807771571,2.2053222709,-0.540602628,-0.3702701978
accelerated-technology--purchase-legacy-indexed--tax-plus30--index-adopted--gdp-on--electricity-vat-reduced--ets2-adopted,scenarios/accelerated-technology--purchase-legacy-indexed--tax-plus30--index-adopted--gdp-on--electricity-vat-reduced--ets2-adopted.json,accelerated_technology,False,legacy_indexed,plus30,adopted,on,vat_reduced,adopted,0.2098654377,0.065528038,0.4311687237,0.2091229003,0.0843149003,0.1031140483,0.033742191,0.6757523882,0.1430598135,0.044331559,0.0443989389,0.0146911431,0.8546302211,0.0668890956,0.0193906013,-3.4884084344,-0.2842832241,3.1168724557,1.1705028449,-0.5146836421,-3.6456011739,-0.6673050935,5.5752388113,-0.2749624821,-0.9873700618,-2.0434415084,-0.3882775917,3.4630221848,-0.4522488464,-0.5790542383
accelerated-technology--purchase-legacy-indexed--tax-plus30--index-adopted--gdp-on--electricity-vat-reduced--ets2-high-market,scenarios/accelerated-technology--purchase-legacy-indexed--tax-plus30--index-adopted--gdp-on--electricity-vat-reduced--ets2-high-market.json,accelerated_technology,False,legacy_indexed,plus30,adopted,on,vat_reduced,high_market,0.2098654377,0.065528038,0.4311687237,0.2091229003,0.0843149003,0.0921987256,0.0315343498,0.6877083255,0.1463921518,0.0421664474,0.0375679444,0.0132090955,0.8634337344,0.0679463628,0.0178428629,-3.4884084344,-0.2842832241,3.1168724557,1.1705028449,-0.5146836421,-4.7371334456,-0.888089217,6.7708325392,0.058271345,-1.2038812216,-2.7265409604,-0.5364823524,4.3433735114,-0.3465221252,-0.7338280735
accelerated-technology--purchase-legacy-indexed--tax-plus30--index-adopted--gdp-on--electricity-vat-reduced--ets2-off,scenarios/accelerated-technology--purchase-legacy-indexed--tax-plus30--index-adopted--gdp-on--electricity-vat-reduced--ets2-off.json,accelerated_technology,False,legacy_indexed,plus30,adopted,on,vat_reduced,off,0.2098654377,0.065528038,0.4311687237,0.2091229003,0.0843149003,0.1162088696,0.0362848657,0.6618537513,0.1389647912,0.0466877222,0.0522372114,0.0163104607,0.8449247081,0.0655409566,0.0209866632,-3.4884084344,-0.2842832241,3.1168724557,1.1705028449,-0.5146836421,-2.336119042,-0.4130376287,4.1853751243,-0.6844647155,-0.751753738,-1.2596142625,-0.2263458383,2.4924708843,-0.587062742,-0.4194480415
accelerated-technology--purchase-legacy-indexed--tax-plus30--index-cpi-indexed--gdp-off--electricity-adopted--ets2-adopted,scenarios/accelerated-technology--purchase-legacy-indexed--tax-plus30--index-cpi-indexed--gdp-off--electricity-adopted--ets2-adopted.json,accelerated_technology,False,legacy_indexed,plus30,cpi_indexed,off,adopted,adopted,0.2300190813,0.0673835994,0.4104857478,0.2040381042,0.0880734673,0.1112732208,0.0360807513,0.661881468,0.1438775277,0.0468870322,0.0484769351,0.0158972019,0.846778197,0.0680933921,0.020754274,-1.4730440777,-0.0987270788,1.0485748595,0.6620232378,-0.1388269408,-2.829683919,-0.433449065,4.1881467896,-0.1931910658,-0.7318227398,-1.6356418873,-0.2676717209,2.677819772,-0.3318191975,-0.4426869663
accelerated-technology--purchase-legacy-indexed--tax-plus30--index-cpi-indexed--gdp-off--electricity-adopted--ets2-high-market,scenarios/accelerated-technology--purchase-legacy-indexed--tax-plus30--index-cpi-indexed--gdp-off--electricity-adopted--ets2-high-market.json,accelerated_technology,False,legacy_indexed,plus30,cpi_indexed,off,adopted,high_market,0.2300190813,0.0673835994,0.4104857478,0.2040381042,0.0880734673,0.0995594874,0.0337639868,0.6744527867,0.1475634006,0.0446603386,0.04102109,0.0143067491,0.8562348685,0.06931943,0.0191178625,-1.4730440777,-0.0987270788,1.0485748595,0.6620232378,-0.1388269408,-4.0010572591,-0.6651255211,5.4452786609,0.1753962217,-0.9544921025,-2.381226402,-0.4267169927,3.6234869229,-0.2092154071,-0.6063281211
accelerated-technology--purchase-legacy-indexed--tax-plus30--index-cpi-indexed--gdp-off--electricity-adopted--ets2-off,scenarios/accelerated-technology--purchase-legacy-indexed--tax-plus30--index-cpi-indexed--gdp-off--electricity-adopted--ets2-off.json,accelerated_technology,False,legacy_indexed,plus30,cpi_indexed,off,adopted,off,0.2300190813,0.0673835994,0.4104857478,0.2040381042,0.0880734673,0.125311197,0.0387419887,0.6472675716,0.1393820287,0.049297214,0.0570343318,0.0176330886,0.8363342606,0.066561109,0.0224372101,-1.4730440777,-0.0987270788,1.0485748595,0.6620232378,-0.1388269408,-1.425886304,-0.167325328,2.7267571566,-0.6427409665,-0.4908045581,-0.7799022241,-0.0940830488,1.6334261304,-0.4850475037,-0.2743933539
accelerated-technology--purchase-legacy-indexed--tax-plus30--index-cpi-indexed--gdp-off--electricity-north-reduction--ets2-adopted,scenarios/accelerated-technology--purchase-legacy-indexed--tax-plus30--index-cpi-indexed--gdp-off--electricity-north-reduction--ets2-adopted.json,accelerated_technology,False,legacy_indexed,plus30,cpi_indexed,off,north_reduction,adopted,0.2284808794,0.0669329865,0.4126319292,0.2043180367,0.0876361683,0.1102372792,0.0357448434,0.6637923009,0.1436945257,0.0465310508,0.0479458579,0.0157230439,0.8478747702,0.0678938346,0.0205624933,-1.6268642693,-0.143788376,1.2631930051,0.6900164842,-0.182556844,-2.9332780841,-0.4670398542,4.379230085,-0.2114912668,-0.7674208799,-1.688749612,-0.285087513,2.7874770981,-0.3517749409,-0.4618650322
accelerated-technology--purchase-legacy-indexed--tax-plus30--index-cpi-indexed--gdp-off--electricity-north-reduction--ets2-high-market,scenarios/accelerated-technology--purchase-legacy-indexed--tax-plus30--index-cpi-indexed--gdp-off--electricity-north-reduction--ets2-high-market.json,accelerated_technology,False,legacy_indexed,plus30,cpi_indexed,off,north_reduction,high_market,0.2284808794,0.0669329865,0.4126319292,0.2043180367,0.0876361683,0.0986075395,0.033441149,0.6763030433,0.1473382661,0.0443100021,0.0405614772,0.014146452,0.8572567616,0.0690988756,0.0189364336,-1.6268642693,-0.143788376,1.2631930051,0.6900164842,-0.182556844,-4.0962520577,-0.6974092944,5.6303043251,0.152882778,-0.989525751,-2.4271876766,-0.4427467088,3.7256762381,-0.2312708473,-0.6244710054
accelerated-technology--purchase-legacy-indexed--tax-plus30--index-cpi-indexed--gdp-off--electricity-north-reduction--ets2-off,scenarios/accelerated-technology--purchase-legacy-indexed--tax-plus30--index-cpi-indexed--gdp-off--electricity-north-reduction--ets2-off.json,accelerated_technology,False,legacy_indexed,plus30,cpi_indexed,off,north_reduction,off,0.2284808794,0.0669329865,0.4126319292,0.2043180367,0.0876361683,0.1241804921,0.0383924129,0.6492449705,0.139245032,0.0489370925,0.0564243926,0.017444516,0.8375117905,0.0663835562,0.0222357447,-1.6268642693,-0.143788376,1.2631930051,0.6900164842,-0.182556844,-1.5389567958,-0.2022829041,2.9244970402,-0.6564406369,-0.5268167033,-0.8408961437,-0.1129403081,1.7511791297,-0.5028027832,-0.2945398946
accelerated-technology--purchase-legacy-indexed--tax-plus30--index-cpi-indexed--gdp-off--electricity-industrial--ets2-adopted,scenarios/accelerated-technology--purchase-legacy-indexed--tax-plus30--index-cpi-indexed--gdp-off--electricity-industrial--ets2-adopted.json,accelerated_technology,False,legacy_indexed,plus30,cpi_indexed,off,industrial,adopted,0.2240033087,0.0656212917,0.4189167811,0.2051035713,0.0863550472,0.1072470437,0.0347752486,0.6693396162,0.1431393402,0.0454987513,0.0464213534,0.0152231081,0.8510389544,0.0673068068,0.0200097772,-2.074621339,-0.2749578549,1.8916781924,0.768569953,-0.3106689516,-3.2323016356,-0.5639993412,4.9339616171,-0.2670098095,-0.8706508308,-1.8412000549,-0.3350810915,3.1038955125,-0.4104777205,-0.5171366457
accelerated-technology--purchase-legacy-indexed--tax-plus30--index-cpi-indexed--gdp-off--electricity-industrial--ets2-high-market,scenarios/accelerated-technology--purchase-legacy-indexed--tax-plus30--index-cpi-indexed--gdp-off--electricity-industrial--ets2-high-market.json,accelerated_technology,False,legacy_indexed,plus30,cpi_indexed,off,industrial,high_market,0.2240033087,0.0656212917,0.4189167811,0.2051035713,0.0863550472,0.0958619166,0.0325100155,0.6816724801,0.1466606092,0.0432949786,0.0392430449,0.013686628,0.8602050547,0.0684513249,0.0184139474,-2.074621339,-0.2749578549,1.8916781924,0.768569953,-0.3106689516,-4.3708143456,-0.7905226449,6.1672480001,0.0851170855,-1.091028095,-2.5590309051,-0.4887291046,4.0205055468,-0.2960259081,-0.676719629
accelerated-technology--purchase-legacy-indexed--tax-plus30--index-cpi-indexed--gdp-off--electricity-industrial--ets2-off,scenarios/accelerated-technology--purchase-legacy-indexed--tax-plus30--index-cpi-indexed--gdp-off--electricity-industrial--ets2-off.json,accelerated_technology,False,legacy_indexed,plus30,cpi_indexed,off,industrial,off,0.2240033087,0.0656212917,0.4189167811,0.2051035713,0.0863550472,0.1209137827,0.0373824568,0.6549881976,0.1388238502,0.0478917127,0.0546722169,0.0169028025,0.8409102473,0.0658600795,0.0216546538,-2.074621339,-0.2749578549,1.8916781924,0.768569953,-0.3106689516,-1.865627729,-0.3032785207,3.4988197476,-0.6985588133,-0.6313546847,-1.0161137086,-0.1671116598,2.0910248084,-0.5551504552,-0.3526489848
accelerated-technology--purchase-legacy-indexed--tax-plus30--index-cpi-indexed--gdp-off--electricity-vat-reduced--ets2-adopted,scenarios/accelerated-technology--purchase-legacy-indexed--tax-plus30--index-cpi-indexed--gdp-off--electricity-vat-reduced--ets2-adopted.json,accelerated_technology,False,legacy_indexed,plus30,cpi_indexed,off,vat_reduced,adopted,0.2201457539,0.0644912292,0.4243768855,0.2057445917,0.0852415397,0.1047008473,0.033949635,0.6741013826,0.1426340466,0.0446140885,0.0451330873,0.0148006428,0.8537324437,0.0667937085,0.0195401178,-2.4603768202,-0.3879641006,2.4376886334,0.8326719911,-0.4220197037,-3.4869212687,-0.6465606942,5.4101382488,-0.3175391742,-0.9591171118,-1.9700266664,-0.3773276288,3.3732444426,-0.4617875573,-0.5641025901
accelerated-technology--purchase-legacy-indexed--tax-plus30--index-cpi-indexed--gdp-off--electricity-vat-reduced--ets2-high-market,scenarios/accelerated-technology--purchase-legacy-indexed--tax-plus30--index-cpi-indexed--gdp-off--electricity-vat-reduced--ets2-high-market.json,accelerated_technology,False,legacy_indexed,plus30,cpi_indexed,off,vat_reduced,high_market,0.2201457539,0.0644912292,0.4243768855,0.2057445917,0.0852415397,0.0935265601,0.0317180172,0.6862791952,0.1460500345,0.042426193,0.0381300019,0.0132984368,0.8627143253,0.0678867962,0.0179704398,-2.4603768202,-0.3879641006,2.4376886334,0.8326719911,-0.4220197037,-4.6043499913,-0.8697224747,6.627919514,0.0240596126,-1.1779066606,-2.670335209,-0.527548228,4.271432604,-0.3524787827,-0.7210703843
accelerated-technology--purchase-legacy-indexed--tax-plus30--index-cpi-indexed--gdp-off--electricity-vat-reduced--ets2-off,scenarios/accelerated-technology--purchase-legacy-indexed--tax-plus30--index-cpi-indexed--gdp-off--electricity-vat-reduced--ets2-off.json,accelerated_technology,False,legacy_indexed,plus30,cpi_indexed,off,vat_reduced,off,0.2201457539,0.0644912292,0.4243768855,0.2057445917,0.0852415397,0.1181286956,0.0365214019,0.6599212584,0.1384340775,0.0469945666,0.0531900473,0.0164445657,0.8438039157,0.0654011324,0.0211603388,-2.4603768202,-0.3879641006,2.4376886334,0.8326719911,-0.4220197037,-2.1441364408,-0.3893840055,3.9921258283,-0.7375360851,-0.721069297,-1.1643306661,-0.2129353358,2.3803916487,-0.6010451614,-0.4020804854
accelerated-technology--purchase-legacy-indexed--tax-plus30--index-cpi-indexed--gdp-on--electricity-adopted--ets2-adopted,scenarios/accelerated-technology--purchase-legacy-indexed--tax-plus30--index-cpi-indexed--gdp-on--electricity-adopted--ets2-adopted.json,accelerated_technology,False,legacy_indexed,plus30,cpi_indexed,on,adopted,adopted,0.2285563623,0.0673760521,0.411495318,0.2046353246,0.0879369431,0.1071191825,0.0358415069,0.6659902232,0.1448420988,0.0462069887,0.0445709361,0.0155631954,0.851393359,0.0684738565,0.019998653,-1.619315983,-0.0994818135,1.1495318819,0.7217452809,-0.1524793663,-3.2450877514,-0.4573735097,4.5990223109,-0.0967339583,-0.7998270916,-2.0262417873,-0.3010723686,3.1393359714,-0.2937727516,-0.5182490639
accelerated-technology--purchase-legacy-indexed--tax-plus30--index-cpi-indexed--gdp-on--electricity-adopted--ets2-high-market,scenarios/accelerated-technology--purchase-legacy-indexed--tax-plus30--index-cpi-indexed--gdp-on--electricity-adopted--ets2-high-market.json,accelerated_technology,False,legacy_indexed,plus30,cpi_indexed,on,adopted,high_market,0.2285563623,0.0673760521,0.411495318,0.2046353246,0.0879369431,0.096076026,0.0335403443,0.6780204353,0.1483314898,0.0440317045,0.0380128233,0.0140265444,0.8599572878,0.0695338688,0.0184694756,-1.619315983,-0.0994818135,1.1495318819,0.7217452809,-0.1524793663,-4.3494034009,-0.687489764,5.8020435254,0.2522051501,-1.0173555105,-2.682053065,-0.4547374631,3.995728853,-0.18777152,-0.6711668048
accelerated-technology--purchase-legacy-indexed--tax-plus30--index-cpi-indexed--gdp-on--electricity-adopted--ets2-off,scenarios/accelerated-technology--purchase-legacy-indexed--tax-plus30--index-cpi-indexed--gdp-on--electricity-adopted--ets2-off.json,accelerated_technology,False,legacy_indexed,plus30,cpi_indexed,on,adopted,off,0.2285563623,0.0673760521,0.411495318,0.2046353246,0.0879369431,0.1202970818,0.0384872688,0.6520595667,0.1405925359,0.0485635467,0.0519970265,0.0172360104,0.8420548676,0.0671473663,0.0215647292,-1.619315983,-0.0994818135,1.1495318819,0.7217452809,-0.1524793663,-1.92729782,-0.1927973179,3.2059566628,-0.5216902395,-0.5641712852,-1.2836327484,-0.1337908708,2.2054868387,-0.4264217696,-0.3616414498
accelerated-technology--purchase-legacy-indexed--tax-plus30--index-cpi-indexed--gdp-on--electricity-north-reduction--ets2-adopted,scenarios/accelerated-technology--purchase-legacy-indexed--tax-plus30--index-cpi-indexed--gdp-on--electricity-north-reduction--ets2-adopted.json,accelerated_technology,False,legacy_indexed,plus30,cpi_indexed,on,north_reduction,adopted,0.2270235587,0.0669241974,0.4136414912,0.2049121201,0.0874986325,0.1061135915,0.0355050415,0.6678822687,0.1446465245,0.0458525739,0.0440776246,0.0153909418,0.852454437,0.0682654008,0.0198115959,-1.7725963377,-0.144667277,1.3641492041,0.749424831,-0.1963104204,-3.3456468564,-0.4910200496,4.7882268574,-0.1162913847,-0.8352685667,-2.0755729414,-0.3182977279,3.2454437707,-0.3146183239,-0.5369547774
accelerated-technology--purchase-legacy-indexed--tax-plus30--index-cpi-indexed--gdp-on--electricity-north-reduction--ets2-high-market,scenarios/accelerated-technology--purchase-legacy-indexed--tax-plus30--index-cpi-indexed--gdp-on--electricity-north-reduction--ets2-high-market.json,accelerated_technology,False,legacy_indexed,plus30,cpi_indexed,on,north_reduction,high_market,0.2270235587,0.0669241974,0.4136414912,0.2049121201,0.0874986325,0.0951508115,0.03321735,0.6798536059,0.1480949515,0.0436832812,0.0375833138,0.0138680575,0.8609501929,0.0693059892,0.0182924466,-1.7725963377,-0.144667277,1.3641492041,0.749424831,-0.1963104204,-4.441924858,-0.7197892008,5.9853605792,0.2285513203,-1.0521978407,-2.7250040214,-0.4705861542,4.0950193617,-0.2105594845,-0.6888697015
accelerated-technology--purchase-legacy-indexed--tax-plus30--index-cpi-indexed--gdp-on--electricity-north-reduction--ets2-off,scenarios/accelerated-technology--purchase-legacy-indexed--tax-plus30--index-cpi-indexed--gdp-on--electricity-north-reduction--ets2-off.json,accelerated_technology,False,legacy_indexed,plus30,cpi_indexed,on,north_reduction,off,0.2270235587,0.0669241974,0.4136414912,0.2049121201,0.0874986325,0.1192009116,0.0381365654,0.654016336,0.1404417327,0.0482044543,0.0514340193,0.0170493843,0.8431891638,0.0669592172,0.0213682154,-1.7725963377,-0.144667277,1.3641492041,0.749424831,-0.1963104204,-2.0369148435,-0.2278676603,3.4016335972,-0.5367705642,-0.6000805291,-1.3399334696,-0.1524534729,2.318916454,-0.4452366814,-0.3812928302
accelerated-technology--purchase-legacy-indexed--tax-plus30--index-cpi-indexed--gdp-on--electricity-industrial--ets2-adopted,scenarios/accelerated-technology--purchase-legacy-indexed--tax-plus30--index-cpi-indexed--gdp-on--electricity-industrial--ets2-adopted.json,accelerated_technology,False,legacy_indexed,plus30,cpi_indexed,on,industrial,adopted,0.2225619843,0.0656089715,0.4199260604,0.2056883283,0.0862146555,0.1032116714,0.0345340745,0.673374348,0.1440548036,0.0448251024,0.0426619835,0.0148966309,0.855515957,0.0676527493,0.0192726794,-2.2187537755,-0.2761898759,1.9926061254,0.8270456529,-0.3247081268,-3.6358388608,-0.5881167458,5.3374347926,-0.1754634719,-0.9380157141,-2.2171370515,-0.3677288168,3.5515957737,-0.375883475,-0.5908464304
accelerated-technology--purchase-legacy-indexed--tax-plus30--index-cpi-indexed--gdp-on--electricity-industrial--ets2-high-market,scenarios/accelerated-technology--purchase-legacy-indexed--tax-plus30--index-cpi-indexed--gdp-on--electricity-industrial--ets2-high-market.json,accelerated_technology,False,legacy_indexed,plus30,cpi_indexed,on,industrial,high_market,0.2225619843,0.0656089715,0.4199260604,0.2056883283,0.0862146555,0.0924828659,0.0322859645,0.6851729067,0.147384218,0.0426740448,0.0363515664,0.0134135488,0.8638147142,0.0686373916,0.017782779,-2.2187537755,-0.2761898759,1.9926061254,0.8270456529,-0.3247081268,-4.7087194085,-0.8129277439,6.5172906617,0.1574779672,-1.1531214764,-2.8481787572,-0.5160370246,4.3814714976,-0.277419247,-0.7398364689
accelerated-technology--purchase-legacy-indexed--tax-plus30--index-cpi-indexed--gdp-on--electricity-industrial--ets2-off,scenarios/accelerated-technology--purchase-legacy-indexed--tax-plus30--index-cpi-indexed--gdp-on--electricity-industrial--ets2-off.json,accelerated_technology,False,legacy_indexed,plus30,cpi_indexed,on,industrial,off,0.2225619843,0.0656089715,0.4199260604,0.2056883283,0.0862146555,0.1160348649,0.0371236357,0.6596987614,0.1399803411,0.0471623969,0.0498172794,0.0165134663,0.8464624504,0.0664051642,0.0208016396,-2.2187537755,-0.2761898759,1.9926061254,0.8270456529,-0.3247081268,-2.3535195107,-0.3291606322,3.9698761349,-0.5829097225,-0.7042862694,-1.5016074587,-0.2060452788,2.6462451193,-0.5006419803,-0.4379504015
accelerated-technology--purchase-legacy-indexed--tax-plus30--index-cpi-indexed--gdp-on--electricity-vat-reduced--ets2-adopted,scenarios/accelerated-technology--purchase-legacy-indexed--tax-plus30--index-cpi-indexed--gdp-on--electricity-vat-reduced--ets2-adopted.json,accelerated_technology,False,legacy_indexed,plus30,cpi_indexed,on,vat_reduced,adopted,0.218718549,0.0644759665,0.4253856086,0.2063210814,0.0850987945,0.1007415116,0.0337075722,0.6780878868,0.1435181151,0.0439449143,0.0414662416,0.014479104,0.8581217825,0.0671179072,0.0188149646,-2.6030973042,-0.3894903737,2.5385609422,0.8903209582,-0.4362942225,-3.8828548462,-0.6707669765,5.8087886714,-0.2291323235,-1.0260345253,-2.3367112379,-0.4094815056,3.8121783292,-0.4293676832,-0.6366179026
accelerated-technology--purchase-legacy-indexed--tax-plus30--index-cpi-indexed--gdp-on--electricity-vat-reduced--ets2-high-market,scenarios/accelerated-technology--purchase-legacy-indexed--tax-plus30--index-cpi-indexed--gdp-on--electricity-vat-reduced--ets2-high-market.json,accelerated_technology,False,legacy_indexed,plus30,cpi_indexed,on,vat_reduced,high_market,0.218718549,0.0644759665,0.4253856086,0.2063210814,0.0850987945,0.0902142538,0.0314939872,0.6897359622,0.1467452959,0.0418105009,0.035312092,0.0130299879,0.8662525358,0.0680550588,0.0173503255,-2.6030973042,-0.3894903737,2.5385609422,0.8903209582,-0.4362942225,-4.9355806253,-0.8921254756,6.9735962126,0.0935857603,-1.2394758721,-2.952126201,-0.5543931189,4.6252536592,-0.3356525263,-0.7830818131
accelerated-technology--purchase-legacy-indexed--tax-plus30--index-cpi-indexed--gdp-on--electricity-vat-reduced--ets2-off,scenarios/accelerated-technology--purchase-legacy-indexed--tax-plus30--index-cpi-indexed--gdp-on--electricity-vat-reduced--ets2-off.json,accelerated_technology,False,legacy_indexed,plus30,cpi_indexed,on,vat_reduced,off,0.218718549,0.0644759665,0.4253856086,0.2063210814,0.0850987945,0.1133366489,0.0362603814,0.6645785583,0.139555912,0.0462684994,0.0484503941,0.0160603702,0.8492490937,0.0659201957,0.0203199463,-2.6030973042,-0.3894903737,2.5385609422,0.8903209582,-0.4362942225,-2.6233411157,-0.4154860566,4.4578558238,-0.6253526345,-0.793676017,-1.6382959903,-0.2513548879,2.9249094476,-0.549138833,-0.4861197365
accelerated-technology--purchase-high-indexed--tax-adopted--index-adopted--gdp-off--electricity-adopted--ets2-adopted,scenarios/accelerated-technology--purchase-high-indexed--tax-adopted--index-adopted--gdp-off--electricity-adopted--ets2-adopted.json,accelerated_technology,False,high_indexed,adopted,adopted,off,adopted,adopted,0.2447495221,0.0683708702,0.3999999992,0.1974178718,0.0894617367,0.1203927182,0.0348620674,0.6605060123,0.1374819067,0.0467572955,0.054029455,0.0154787415,0.8444560608,0.0650508116,0.0209849311,0.0,0.0,0.0,0.0,0.0,-1.9177341874,-0.55531746,4.0506012227,-0.8327531669,-0.7447964084,-1.0803898956,-0.3095177597,2.4456061515,-0.6360772443,-0.419621252
accelerated-technology--purchase-high-indexed--tax-adopted--index-adopted--gdp-off--electricity-adopted--ets2-high-market,scenarios/accelerated-technology--purchase-high-indexed--tax-adopted--index-adopted--gdp-off--electricity-adopted--ets2-high-market.json,accelerated_technology,False,high_indexed,adopted,adopted,off,adopted,high_market,0.2447495221,0.0683708702,0.3999999992,0.1974178718,0.0894617367,0.1066345118,0.0326069118,0.6747385683,0.1416024186,0.0444175896,0.04488307,0.0138895985,0.855498999,0.0665235448,0.0192047878,0.0,0.0,0.0,0.0,0.0,-3.2935548279,-0.7808330226,5.473856823,-0.4207019759,-0.9787669966,-1.9950284003,-0.4684320608,3.549899973,-0.4888039243,-0.5976355876
accelerated-technology--purchase-high-indexed--tax-adopted--index-adopted--gdp-off--electricity-adopted--ets2-off,scenarios/accelerated-technology--purchase-high-indexed--tax-adopted--index-adopted--gdp-off--electricity-adopted--ets2-off.json,accelerated_technology,False,high_indexed,adopted,adopted,off,adopted,off,0.2447495221,0.0683708702,0.3999999992,0.1974178718,0.0894617367,0.1371784132,0.037440355,0.6436938737,0.1323978046,0.0492895535,0.0648694029,0.017217307,0.8318923491,0.0631853362,0.0228356048,0.0,0.0,0.0,0.0,0.0,-0.2391646822,-0.2974887005,2.3693873587,-1.3411633727,-0.4915706032,0.0036048885,-0.1356612061,1.1892349846,-0.8226247825,-0.2345538845
accelerated-technology--purchase-high-indexed--tax-adopted--index-adopted--gdp-off--electricity-north-reduction--ets2-adopted,scenarios/accelerated-technology--purchase-high-indexed--tax-adopted--index-adopted--gdp-off--electricity-north-reduction--ets2-adopted.json,accelerated_technology,False,high_indexed,adopted,adopted,off,north_reduction,adopted,0.2431623681,0.0679274982,0.4021454272,0.1977290171,0.0890356894,0.1192866669,0.0345417886,0.6624394227,0.137324068,0.0464080538,0.0534451579,0.0153113479,0.8455801078,0.0648694068,0.0207939797,-0.1587154017,-0.0443372066,0.2145428068,0.0311145294,-0.0426047279,-2.028339317,-0.5873453396,4.2439422643,-0.8485370326,-0.7797205751,-1.1388196114,-0.326257119,2.558010853,-0.6542177238,-0.4387163987
accelerated-technology--purchase-high-indexed--tax-adopted--index-adopted--gdp-off--electricity-north-reduction--ets2-high-market,scenarios/accelerated-technology--purchase-high-indexed--tax-adopted--index-adopted--gdp-off--electricity-north-reduction--ets2-high-market.json,accelerated_technology,False,high_indexed,adopted,adopted,off,north_reduction,high_market,0.2431623681,0.0679274982,0.4021454272,0.1977290171,0.0890356894,0.1056248637,0.0322981796,0.6766039515,0.1413996967,0.0440733085,0.0443849318,0.0137354437,0.8565360801,0.0663189765,0.019024568,-0.1587154017,-0.0443372066,0.2145428068,0.0311145294,-0.0426047279,-3.3945196325,-0.8117062401,5.6603951439,-0.4409741631,-1.0131951082,-2.0448422211,-0.4838475386,3.6536080838,-0.5092607575,-0.6156575665
accelerated-technology--purchase-high-indexed--tax-adopted--index-adopted--gdp-off--electricity-north-reduction--ets2-off,scenarios/accelerated-technology--purchase-high-indexed--tax-adopted--index-adopted--gdp-off--electricity-north-reduction--ets2-off.json,accelerated_technology,False,high_indexed,adopted,adopted,off,north_reduction,off,0.2431623681,0.0679274982,0.4021454272,0.1977290171,0.0890356894,0.1359626054,0.0371085223,0.6457024182,0.1322890558,0.0489373983,0.0641875412,0.0170363308,0.8331129391,0.0630284418,0.0226347472,-0.1587154017,-0.0443372066,0.2145428068,0.0311145294,-0.0426047279,-0.3607454676,-0.3306719664,2.5702418096,-1.3520382488,-0.5267861268,-0.0645812767,-0.1537588313,1.3112939854,-0.8383142276,-0.2546396498
accelerated-technology--purchase-high-indexed--tax-adopted--index-adopted--gdp-off--electricity-industrial--ets2-adopted,scenarios/accelerated-technology--purchase-high-indexed--tax-adopted--index-adopted--gdp-off--electricity-industrial--ets2-adopted.json,accelerated_technology,False,high_indexed,adopted,adopted,off,industrial,adopted,0.2385392116,0.0666360177,0.4084307994,0.198607556,0.0877864153,0.116092869,0.0336169619,0.6680524075,0.1368428923,0.0453948693,0.0517672567,0.0148306509,0.8488234586,0.0643352003,0.0202434335,-0.6210310432,-0.1734852534,0.8430800189,0.1189684226,-0.1675321448,-2.3477191069,-0.6798280074,4.8052407447,-0.8966546042,-0.8810390262,-1.306609727,-0.3743268213,2.8823459327,-0.7076383699,-0.4937710144
accelerated-technology--purchase-high-indexed--tax-adopted--index-adopted--gdp-off--electricity-industrial--ets2-high-market,scenarios/accelerated-technology--purchase-high-indexed--tax-adopted--index-adopted--gdp-off--electricity-industrial--ets2-high-market.json,accelerated_technology,False,high_indexed,adopted,adopted,off,industrial,high_market,0.2385392116,0.0666360177,0.4084307994,0.198607556,0.0877864153,0.1027120023,0.0314074791,0.6820170648,0.1407879406,0.0430755133,0.0429555919,0.0132931175,0.8595279447,0.0657179352,0.0185054107,-0.6210310432,-0.1734852534,0.8430800189,0.1189684226,-0.1675321448,-3.6858057745,-0.9007762923,6.2017064756,-0.5021497778,-1.112974631,-2.1877762118,-0.5280801577,3.9527945481,-0.5693648829,-0.6675732957
accelerated-technology--purchase-high-indexed--tax-adopted--index-adopted--gdp-off--electricity-industrial--ets2-off,scenarios/accelerated-technology--purchase-high-indexed--tax-adopted--index-adopted--gdp-off--electricity-industrial--ets2-off.json,accelerated_technology,False,high_indexed,adopted,adopted,off,industrial,off,0.2385392116,0.0666360177,0.4084307994,0.198607556,0.0877864153,0.1324483022,0.0361493571,0.6515367453,0.1319510282,0.0479145671,0.0622277943,0.0165161847,0.8366358125,0.0625651056,0.0220551029,-0.6210310432,-0.1734852534,0.8430800189,0.1189684226,-0.1675321448,-0.7121757796,-0.4265884836,3.1536745257,-1.3858410103,-0.6290692522,-0.2605559719,-0.2057734382,1.663581328,-0.8846478437,-0.3126040743
accelerated-technology--purchase-high-indexed--tax-adopted--index-adopted--gdp-off--electricity-vat-reduced--ets2-adopted,scenarios/accelerated-technology--purchase-high-indexed--tax-adopted--index-adopted--gdp-off--electricity-vat-reduced--ets2-adopted.json,accelerated_technology,False,high_indexed,adopted,adopted,off,vat_reduced,adopted,0.2345525216,0.0655223343,0.4138946345,0.1993312634,0.0866992462,0.1133719317,0.0328290613,0.672870666,0.1364022621,0.044526079,0.0503486314,0.014424233,0.8515841906,0.0638675861,0.0197753589,-1.0197000468,-0.2848535881,1.3894635353,0.1913391544,-0.2762490548,-2.6198128357,-0.7586180708,5.2870665921,-0.9407176253,-0.9679180603,-1.4484722568,-0.414968605,3.158419135,-0.754399797,-0.5405784763
accelerated-technology--purchase-high-indexed--tax-adopted--index-adopted--gdp-off--electricity-vat-reduced--ets2-high-market,scenarios/accelerated-technology--purchase-high-indexed--tax-adopted--index-adopted--gdp-off--electricity-vat-reduced--ets2-high-market.json,accelerated_technology,False,high_indexed,adopted,adopted,off,vat_reduced,high_market,0.2345525216,0.0655223343,0.4138946345,0.1993312634,0.0866992462,0.1002334312,0.0306495767,0.6866609683,0.140234924,0.0422210999,0.0417484557,0.0129195549,0.862073994,0.0651934468,0.0180645487,-1.0197000468,-0.2848535881,1.3894635353,0.1913391544,-0.2762490548,-3.9336628833,-0.9765665288,6.6660968188,-0.5574514351,-1.1984159716,-2.308489833,-0.5654364198,4.2073994797,-0.6218137268,-0.7116595002
accelerated-technology--purchase-high-indexed--tax-adopted--index-adopted--gdp-off--electricity-vat-reduced--ets2-off,scenarios/accelerated-technology--purchase-high-indexed--tax-adopted--index-adopted--gdp-off--electricity-vat-reduced--ets2-off.json,accelerated_technology,False,high_indexed,adopted,adopted,off,vat_reduced,off,0.2345525216,0.0655223343,0.4138946345,0.1993312634,0.0866992462,0.1294500866,0.0353310487,0.656548784,0.1316339925,0.0470360883,0.0605689128,0.0160758928,0.839635559,0.062157978,0.0215616573,-1.0197000468,-0.2848535881,1.3894635353,0.1913391544,-0.2762490548,-1.0119973475,-0.5084193319,3.6548783915,-1.4175445881,-0.7169171239,-0.4264441158,-0.2498026257,1.9635559771,-0.9253606018,-0.3619486338
accelerated-technology--purchase-high-indexed--tax-adopted--index-adopted--gdp-on--electricity-adopted--ets2-adopted,scenarios/accelerated-technology--purchase-high-indexed--tax-adopted--index-adopted--gdp-on--electricity-adopted--ets2-adopted.json,accelerated_technology,False,high_indexed,adopted,adopted,on,adopted,adopted,0.2433786893,0.0683927545,0.4009157449,0.1979604706,0.0893523408,0.1167686762,0.0347151971,0.6639720276,0.1383112781,0.046232821,0.0506853506,0.01526875,0.8482189251,0.0654067929,0.0204201814,-0.1370832813,0.0021884236,0.0915745749,0.0542598786,-0.0109395958,-2.2801383829,-0.5700044918,4.397202748,-0.7498160193,-0.797243854,-1.4148003372,-0.3305169071,2.8218925816,-0.6004791093,-0.476096228
accelerated-technology--purchase-high-indexed--tax-adopted--index-adopted--gdp-on--electricity-adopted--ets2-high-market,scenarios/accelerated-technology--purchase-high-indexed--tax-adopted--index-adopted--gdp-on--electricity-adopted--ets2-high-market.json,accelerated_technology,False,high_indexed,adopted,adopted,on,adopted,high_market,0.2433786893,0.0683927545,0.4009157449,0.1979604706,0.0893523408,0.10364534,0.0324626974,0.6777025272,0.1422567438,0.0439326917,0.0423862985,0.0137095904,0.8584462789,0.0667325068,0.0187253254,-0.1370832813,0.0021884236,0.0915745749,0.0542598786,-0.0109395958,-3.5924720068,-0.7952544581,5.7702527145,-0.3552694573,-1.0272567923,-2.2447055523,-0.4864328627,3.8446279627,-0.4679077184,-0.6455818293
accelerated-technology--purchase-high-indexed--tax-adopted--index-adopted--gdp-on--electricity-adopted--ets2-off,scenarios/accelerated-technology--purchase-high-indexed--tax-adopted--index-adopted--gdp-on--electricity-adopted--ets2-off.json,accelerated_technology,False,high_indexed,adopted,adopted,on,adopted,off,0.2433786893,0.0683927545,0.4009157449,0.1979604706,0.0893523408,0.1327190972,0.0372958892,0.6478095846,0.1334498728,0.0487255562,0.0604064214,0.0169750341,0.8367126435,0.0637287122,0.0221771888,-0.1370832813,0.0021884236,0.0915745749,0.0542598786,-0.0109395958,-0.6850962807,-0.3119352779,2.7809584514,-1.2359565549,-0.5479703378,-0.442693257,-0.159888497,1.6712644221,-0.7682871859,-0.3003954821
accelerated-technology--purchase-high-indexed--tax-adopted--index-adopted--gdp-on--electricity-north-reduction--ets2-adopted,scenarios/accelerated-technology--purchase-high-indexed--tax-adopted--index-adopted--gdp-on--electricity-north-reduction--ets2-adopted.json,accelerated_technology,False,high_indexed,adopted,adopted,on,north_reduction,adopted,0.2417962302,0.0679480617,0.4030614048,0.1982690315,0.0889252718,0.1156883343,0.0343940126,0.6658897342,0.1381434303,0.0458844885,0.0501326579,0.0151022536,0.8493140969,0.0652184631,0.0202325285,-0.2953291899,-0.0422808501,0.306140562,0.0851159703,-0.0536464923,-2.3881725719,-0.6021229356,4.5889734133,-0.7666007996,-0.8320771062,-1.4700696078,-0.3471665438,2.9314097619,-0.6193120909,-0.4948615194
accelerated-technology--purchase-high-indexed--tax-adopted--index-adopted--gdp-on--electricity-north-reduction--ets2-high-market,scenarios/accelerated-technology--purchase-high-indexed--tax-adopted--index-adopted--gdp-on--electricity-north-reduction--ets2-high-market.json,accelerated_technology,False,high_indexed,adopted,adopted,on,north_reduction,high_market,0.2417962302,0.0679480617,0.4030614048,0.1982690315,0.0889252718,0.1026581315,0.0321534944,0.6795537214,0.142044973,0.0435896796,0.0419127235,0.0135564155,0.8594603484,0.0665223006,0.0185482121,-0.2953291899,-0.0422808501,0.306140562,0.0851159703,-0.0536464923,-3.6911928487,-0.8261747563,5.9553721351,-0.3764465323,-1.0615579979,-2.2920630477,-0.5017503566,3.9460349106,-0.4889283466,-0.6632931598
accelerated-technology--purchase-high-indexed--tax-adopted--index-adopted--gdp-on--electricity-north-reduction--ets2-off,scenarios/accelerated-technology--purchase-high-indexed--tax-adopted--index-adopted--gdp-on--electricity-north-reduction--ets2-off.json,accelerated_technology,False,high_indexed,adopted,adopted,on,north_reduction,off,0.2417962302,0.0679480617,0.4030614048,0.1982690315,0.0889252718,0.1315328053,0.0369625249,0.6498008032,0.1333301163,0.0483737503,0.0597649079,0.01679476,0.8378971359,0.0635634877,0.0219797086,-0.2953291899,-0.0422808501,0.306140562,0.0851159703,-0.0536464923,-0.803725474,-0.3452717106,2.9800803173,-1.2479322046,-0.583150928,-0.5068446126,-0.1779159091,1.7897136661,-0.7848096368,-0.3201435076
accelerated-technology--purchase-high-indexed--tax-adopted--index-adopted--gdp-on--electricity-industrial--ets2-adopted,scenarios/accelerated-technology--purchase-high-indexed--tax-adopted--index-adopted--gdp-on--electricity-industrial--ets2-adopted.json,accelerated_technology,False,high_indexed,adopted,adopted,on,industrial,adopted,0.2371870117,0.066652808,0.4093472176,0.1991398646,0.087673098,0.1125694108,0.0334667601,0.6714565165,0.1376331359,0.0448741767,0.0485459182,0.0146242549,0.8524738981,0.0646642871,0.0196916416,-0.7562510335,-0.1718062189,0.9347218464,0.1721992778,-0.1788638718,-2.7000649228,-0.6948481833,5.14565164,-0.817630243,-0.9331082909,-1.6287435778,-0.394966414,3.2473898877,-0.6747296919,-0.5489502039
accelerated-technology--purchase-high-indexed--tax-adopted--index-adopted--gdp-on--electricity-industrial--ets2-high-market,scenarios/accelerated-technology--purchase-high-indexed--tax-adopted--index-adopted--gdp-on--electricity-industrial--ets2-high-market.json,accelerated_technology,False,high_indexed,adopted,adopted,on,industrial,high_market,0.2371870117,0.066652808,0.4093472176,0.1991398646,0.087673098,0.0998105137,0.0312615937,0.6849251835,0.1414069477,0.0425957614,0.0405541499,0.0131169931,0.8623856986,0.0659050394,0.0180381189,-0.7562510335,-0.1718062189,0.9347218464,0.1721992778,-0.1788638718,-3.9759546329,-0.9153648312,6.4925183403,-0.4402490595,-1.1609498167,-2.4279204069,-0.5456925931,4.2385699311,-0.5506544585,-0.7143024726
accelerated-technology--purchase-high-indexed--tax-adopted--index-adopted--gdp-on--electricity-industrial--ets2-off,scenarios/accelerated-technology--purchase-high-indexed--tax-adopted--index-adopted--gdp-on--electricity-industrial--ets2-off.json,accelerated_technology,False,high_indexed,adopted,adopted,on,industrial,off,0.2371870117,0.066652808,0.4093472176,0.1991398646,0.087673098,0.1281046342,0.0359991617,0.6555840044,0.1329599858,0.047352214,0.0579216956,0.016276792,0.841315433,0.063076077,0.0214100024,-0.7562510335,-0.1718062189,0.9347218464,0.1721992778,-0.1788638718,-1.146542588,-0.4416080282,3.5584004275,-1.2849452566,-0.6853045547,-0.6911658439,-0.2297127067,2.1315433753,-0.8335506987,-0.3771141259
accelerated-technology--purchase-high-indexed--tax-adopted--index-adopted--gdp-on--electricity-vat-reduced--ets2-adopted,scenarios/accelerated-technology--purchase-high-indexed--tax-adopted--index-adopted--gdp-on--electricity-vat-reduced--ets2-adopted.json,accelerated_technology,False,high_indexed,adopted,adopted,on,vat_reduced,adopted,0.2332126558,0.0655359594,0.4148111491,0.1998567146,0.0865835212,0.1099130135,0.0326770162,0.6762343962,0.1371674461,0.044008128,0.047204841,0.014220261,0.8551632501,0.0641796934,0.0192319545,-1.1536866325,-0.2834910809,1.481114989,0.2438842806,-0.2878215562,-2.9657046545,-0.7738225789,5.6234396126,-0.8641992219,-1.0197131573,-1.7628513028,-0.4353658055,3.5163250874,-0.7231890581,-0.594918921
accelerated-technology--purchase-high-indexed--tax-adopted--index-adopted--gdp-on--electricity-vat-reduced--ets2-high-market,scenarios/accelerated-technology--purchase-high-indexed--tax-adopted--index-adopted--gdp-on--electricity-vat-reduced--ets2-high-market.json,accelerated_technology,False,high_indexed,adopted,adopted,on,vat_reduced,high_market,0.2332126558,0.0655359594,0.4148111491,0.1998567146,0.0865835212,0.0973880532,0.0305028562,0.6895327969,0.1408313904,0.0417449033,0.0394071125,0.0127459908,0.8648750018,0.0653668054,0.0176050895,-1.1536866325,-0.2834910809,1.481114989,0.2438842806,-0.2878215562,-4.2182006831,-0.9912385774,6.9532796846,-0.4978047919,-1.2460356322,-2.5426241529,-0.5827928221,4.4875002566,-0.6044778634,-0.7576054183
accelerated-technology--purchase-high-indexed--tax-adopted--index-adopted--gdp-on--electricity-vat-reduced--ets2-off,scenarios/accelerated-technology--purchase-high-indexed--tax-adopted--index-adopted--gdp-on--electricity-vat-reduced--ets2-off.json,accelerated_technology,False,high_indexed,adopted,adopted,on,vat_reduced,off,0.2332126558,0.0655359594,0.4148111491,0.1998567146,0.0865835212,0.125180866,0.0351775427,0.6605511833,0.132615228,0.04647518,0.0563621255,0.0158385314,0.8442256848,0.0626484162,0.0209252421,-1.1536866325,-0.2834910809,1.481114989,0.2438842806,-0.2878215562,-1.4389194052,-0.5237699296,4.0551183198,-1.3194210291,-0.7730079559,-0.8471228516,-0.2735387679,2.4225685568,-0.8763167819,-0.4255901554
accelerated-technology--purchase-high-indexed--tax-adopted--index-cpi-indexed--gdp-off--electricity-adopted--ets2-adopted,scenarios/accelerated-technology--purchase-high-indexed--tax-adopted--index-cpi-indexed--gdp-off--electricity-adopted--ets2-adopted.json,accelerated_technology,False,high_indexed,adopted,cpi_indexed,off,adopted,adopted,0.2529130719,0.067272342,0.3950311941,0.194808393,0.089974999,0.1182420077,0.0348707027,0.6625065613,0.137918156,0.0464625723,0.0513765453,0.0153552703,0.8474098847,0.0653121264,0.0205461732,0.8163549842,-0.1098528183,-0.4968805098,-0.260947882,0.0513262259,-2.1328052301,-0.5544539265,4.250656122,-0.7891282342,-0.7742687312,-1.3456808667,-0.321864877,2.7409885463,-0.6099457613,-0.4634970413
accelerated-technology--purchase-high-indexed--tax-adopted--index-cpi-indexed--gdp-off--electricity-adopted--ets2-high-market,scenarios/accelerated-technology--purchase-high-indexed--tax-adopted--index-cpi-indexed--gdp-off--electricity-adopted--ets2-high-market.json,accelerated_technology,False,high_indexed,adopted,cpi_indexed,off,adopted,high_market,0.2529130719,0.067272342,0.3950311941,0.194808393,0.089974999,0.1048635876,0.0326020852,0.6764486455,0.1419410158,0.0441446659,0.04290532,0.0137804165,0.8578103483,0.0666716263,0.0188322889,0.8163549842,-0.1098528183,-0.4968805098,-0.260947882,0.0513262259,-3.4706472457,-0.7813156756,5.64486454,-0.3868422506,-1.0060593682,-2.1928033976,-0.4793502584,3.7810349089,-0.4739957756,-0.6348854774
accelerated-technology--purchase-high-indexed--tax-adopted--index-cpi-indexed--gdp-off--electricity-adopted--ets2-off,scenarios/accelerated-technology--purchase-high-indexed--tax-adopted--index-cpi-indexed--gdp-off--electricity-adopted--ets2-off.json,accelerated_technology,False,high_indexed,adopted,cpi_indexed,off,adopted,off,0.2529130719,0.067272342,0.3950311941,0.194808393,0.089974999,0.1345266583,0.0374702871,0.64607079,0.1329588455,0.048973419,0.061323005,0.0170805596,0.8356806787,0.0635915775,0.0223241792,0.8163549842,-0.1098528183,-0.4968805098,-0.260947882,0.0513262259,-0.5043401771,-0.2944954856,2.6070789958,-1.28505928,-0.5231840532,-0.3510348996,-0.1493359463,1.5680679471,-0.7820006511,-0.2856964501
accelerated-technology--purchase-high-indexed--tax-adopted--index-cpi-indexed--gdp-off--electricity-north-reduction--ets2-adopted,scenarios/accelerated-technology--purchase-high-indexed--tax-adopted--index-cpi-indexed--gdp-off--electricity-north-reduction--ets2-adopted.json,accelerated_technology,False,high_indexed,adopted,cpi_indexed,off,north_reduction,adopted,0.2512957017,0.0668421378,0.3971744854,0.19513307,0.0895546051,0.1171513661,0.034549062,0.6644310491,0.1377547027,0.0461138201,0.0508173467,0.0151881387,0.8485113484,0.0651253906,0.0203577756,0.6546179597,-0.1528732456,-0.2825513763,-0.2284801799,0.009286842,-2.2418693943,-0.5866179951,4.4431049064,-0.8054735678,-0.8091439492,-1.4016007289,-0.3385780405,2.8511349137,-0.6286193386,-0.4823368058
accelerated-technology--purchase-high-indexed--tax-adopted--index-cpi-indexed--gdp-off--electricity-north-reduction--ets2-high-market,scenarios/accelerated-technology--purchase-high-indexed--tax-adopted--index-cpi-indexed--gdp-off--electricity-north-reduction--ets2-high-market.json,accelerated_technology,False,high_indexed,adopted,cpi_indexed,off,north_reduction,high_market,0.2512957017,0.0668421378,0.3971744854,0.19513307,0.0895546051,0.1038673546,0.0322923564,0.678305968,0.1417332345,0.0438010864,0.0424266608,0.0136266797,0.8588294501,0.0664627313,0.0186544781,0.6546179597,-0.1528732456,-0.2825513763,-0.2284801799,0.009286842,-3.5702705401,-0.8122885539,5.8305967957,-0.4076203877,-1.0404173141,-2.2406693225,-0.4947239319,3.8829450867,-0.4948852751,-0.6526665572
accelerated-technology--purchase-high-indexed--tax-adopted--index-cpi-indexed--gdp-off--electricity-north-reduction--ets2-off,scenarios/accelerated-technology--purchase-high-indexed--tax-adopted--index-cpi-indexed--gdp-off--electricity-north-reduction--ets2-off.json,accelerated_technology,False,high_indexed,adopted,cpi_indexed,off,north_reduction,off,0.2512957017,0.0668421378,0.3971744854,0.19513307,0.0895546051,0.1333285976,0.0371365862,0.6480694908,0.1328439017,0.0486214237,0.0606732351,0.0168995764,0.8368730062,0.0634282534,0.0221259289,0.6546179597,-0.1528732456,-0.2825513763,-0.2284801799,0.009286842,-0.6241462401,-0.3278655822,2.8069490756,-1.296553666,-0.5583835873,-0.4160118884,-0.1674342656,1.6873006934,-0.7983330635,-0.3055214759
accelerated-technology--purchase-high-indexed--tax-adopted--index-cpi-indexed--gdp-off--electricity-industrial--ets2-adopted,scenarios/accelerated-technology--purchase-high-indexed--tax-adopted--index-cpi-indexed--gdp-off--electricity-industrial--ets2-adopted.json,accelerated_technology,False,high_indexed,adopted,cpi_indexed,off,industrial,adopted,0.2465831333,0.0655886418,0.40345488,0.1960519328,0.088321412,0.1140024291,0.0336204103,0.6700177743,0.1372571971,0.0451021892,0.0492118382,0.014708289,0.8516893502,0.0645758136,0.019814709,0.1833611246,-0.2782228401,0.3454880843,-0.1365939,-0.1140324688,-2.5567630906,-0.6794831678,5.0017774208,-0.8552241254,-0.9103070371,-1.562151584,-0.3865630063,3.1689350981,-0.6835770386,-0.5366434692
accelerated-technology--purchase-high-indexed--tax-adopted--index-cpi-indexed--gdp-off--electricity-industrial--ets2-high-market,scenarios/accelerated-technology--purchase-high-indexed--tax-adopted--index-cpi-indexed--gdp-off--electricity-industrial--ets2-high-market.json,accelerated_technology,False,high_indexed,adopted,cpi_indexed,off,industrial,high_market,0.2465831333,0.0655886418,0.40345488,0.1960519328,0.088321412,0.1009934844,0.0313988703,0.6836954128,0.1411067949,0.0428054376,0.0410534371,0.013185625,0.8617693425,0.0658492451,0.0181423503,0.1833611246,-0.2782228401,0.3454880843,-0.1365939,-0.1140324688,-3.8576575683,-0.9016371695,6.3695412714,-0.4702643399,-1.1399821937,-2.3779916907,-0.5388294047,4.1769343269,-0.5562338952,-0.7038793362
accelerated-technology--purchase-high-indexed--tax-adopted--index-cpi-indexed--gdp-off--electricity-industrial--ets2-off,scenarios/accelerated-technology--purchase-high-indexed--tax-adopted--index-cpi-indexed--gdp-off--electricity-industrial--ets2-off.json,accelerated_technology,False,high_indexed,adopted,cpi_indexed,off,industrial,off,0.2465831333,0.0655886418,0.40345488,0.1960519328,0.088321412,0.1298660613,0.0361721511,0.6538747601,0.1324878111,0.0475992164,0.0588061732,0.0163795356,0.840313995,0.0629463371,0.021553959,0.1833611246,-0.2782228401,0.3454880843,-0.1365939,-0.1140324688,-0.970399869,-0.4243090905,3.3874760067,-1.3321627287,-0.6606043185,-0.6027180785,-0.2194383416,2.0313995764,-0.8465246918,-0.3627184645
accelerated-technology--purchase-high-indexed--tax-adopted--index-cpi-indexed--gdp-off--electricity-vat-reduced--ets2-adopted,scenarios/accelerated-technology--purchase-high-indexed--tax-adopted--index-cpi-indexed--gdp-off--electricity-vat-reduced--ets2-adopted.json,accelerated_technology,False,high_indexed,adopted,cpi_indexed,off,vat_reduced,adopted,0.2425176633,0.0645072675,0.4089159328,0.1968114957,0.0872476406,0.1113201409,0.0328293778,0.6748130733,0.1368025188,0.0442348893,0.0478547915,0.0143026989,0.8543942462,0.0640951331,0.0193531302,-0.2231858769,-0.3863602674,0.8915933625,-0.0606376101,-0.221409608,-2.8249919113,-0.7585864209,5.4813073215,-0.9006919573,-0.9970370321,-1.6978562458,-0.4271220153,3.4394246929,-0.7316450895,-0.5828013423
accelerated-technology--purchase-high-indexed--tax-adopted--index-cpi-indexed--gdp-off--electricity-vat-reduced--ets2-high-market,scenarios/accelerated-technology--purchase-high-indexed--tax-adopted--index-cpi-indexed--gdp-off--electricity-vat-reduced--ets2-high-market.json,accelerated_technology,False,high_indexed,adopted,cpi_indexed,off,vat_reduced,high_market,0.2425176633,0.0645072675,0.4089159328,0.1968114957,0.0872476406,0.0985484306,0.0306387032,0.6883186861,0.1405411844,0.0419529957,0.0398939552,0.0128132203,0.8642710481,0.0653142131,0.0177075632,-0.2231858769,-0.3863602674,0.8915933625,-0.0606376101,-0.221409608,-4.1021629463,-0.9776538819,6.8318686054,-0.5268253902,-1.2252263871,-2.4939398752,-0.5760698744,4.4271048887,-0.6097370942,-0.7473580449
accelerated-technology--purchase-high-indexed--tax-adopted--index-cpi-indexed--gdp-off--electricity-vat-reduced--ets2-off,scenarios/accelerated-technology--purchase-high-indexed--tax-adopted--index-cpi-indexed--gdp-off--electricity-vat-reduced--ets2-off.json,accelerated_technology,False,high_indexed,adopted,cpi_indexed,off,vat_reduced,off,0.2425176633,0.0645072675,0.4089159328,0.1968114957,0.0872476406,0.1269125639,0.0353495008,0.65886129,0.1321551825,0.0467214628,0.0572262745,0.0159394797,0.8432436582,0.062523365,0.0210672227,-0.2231858769,-0.3863602674,0.8915933625,-0.0606376101,-0.221409608,-1.2657496138,-0.5065741217,3.8861289973,-1.3654255819,-0.7483796799,-0.760707953,-0.2634439389,2.3243658905,-0.8888219067,-0.4113920919
accelerated-technology--purchase-high-indexed--tax-adopted--index-cpi-indexed--gdp-on--electricity-adopted--ets2-adopted,scenarios/accelerated-technology--purchase-high-indexed--tax-adopted--index-cpi-indexed--gdp-on--electricity-adopted--ets2-adopted.json,accelerated_technology,False,high_indexed,adopted,cpi_indexed,on,adopted,adopted,0.2516009723,0.0672898437,0.3959002891,0.1953313545,0.0898775404,0.1145532899,0.0347161207,0.6660553399,0.1387567282,0.0459185212,0.0478925766,0.0151157293,0.8513934571,0.0656661763,0.0199320607,0.6851450169,-0.1081026516,-0.4099710073,-0.2086517289,0.0415803708,-2.50167701,-0.5699121308,4.6055339854,-0.7052710088,-0.8286738358,-1.6940777432,-0.3458189717,3.1393457891,-0.5745407757,-0.5249082985
accelerated-technology--purchase-high-indexed--tax-adopted--index-cpi-indexed--gdp-on--electricity-adopted--ets2-high-market,scenarios/accelerated-technology--purchase-high-indexed--tax-adopted--index-cpi-indexed--gdp-on--electricity-adopted--ets2-high-market.json,accelerated_technology,False,high_indexed,adopted,cpi_indexed,on,adopted,high_market,0.2516009723,0.0672898437,0.3959002891,0.1953313545,0.0898775404,0.1018147344,0.032451485,0.6794893696,0.1426023553,0.0436420557,0.0402805915,0.013577057,0.8609579611,0.0668746019,0.0183097886,0.6851450169,-0.1081026516,-0.4099710073,-0.2086517289,0.0415803708,-3.7755325649,-0.7963756981,5.9489369532,-0.320708307,-1.0563203833,-2.4552762467,-0.4996862101,4.0957961809,-0.453698215,-0.6871355091
accelerated-technology--purchase-high-indexed--tax-adopted--index-cpi-indexed--gdp-on--electricity-adopted--ets2-off,scenarios/accelerated-technology--purchase-high-indexed--tax-adopted--index-cpi-indexed--gdp-on--electricity-adopted--ets2-off.json,accelerated_technology,False,high_indexed,adopted,cpi_indexed,on,adopted,off,0.2516009723,0.0672898437,0.3959002891,0.1953313545,0.0898775404,0.1299988308,0.037316144,0.6502749762,0.1340225394,0.0483875096,0.0567199379,0.0168003689,0.840733408,0.0641368803,0.0216094048,0.6851450169,-0.1081026516,-0.4099710073,-0.2086517289,0.0415803708,-0.9571229224,-0.3099097989,3.0274976147,-1.1786898944,-0.581774999,-0.8113416067,-0.1773550143,2.0733408773,-0.7274703709,-0.3571738855
accelerated-technology--purchase-high-indexed--tax-adopted--index-cpi-indexed--gdp-on--electricity-north-reduction--ets2-adopted,scenarios/accelerated-technology--purchase-high-indexed--tax-adopted--index-cpi-indexed--gdp-on--electricity-north-reduction--ets2-adopted.json,accelerated_technology,False,high_indexed,adopted,cpi_indexed,on,north_reduction,adopted,0.2499878732,0.0668584257,0.3980438943,0.1956536789,0.0894561278,0.1134890391,0.0343935925,0.6679636206,0.1385829601,0.0455707877,0.0473666717,0.0149497446,0.8524641856,0.0654720329,0.0197473652,0.523835116,-0.1512444484,-0.1956104854,-0.1764192887,-0.0005608935,-2.6081020927,-0.6021649453,4.7963620559,-0.7226478271,-0.8634471909,-1.7466682253,-0.3624174416,3.2464186322,-0.5939551172,-0.5433778481
accelerated-technology--purchase-high-indexed--tax-adopted--index-cpi-indexed--gdp-on--electricity-north-reduction--ets2-high-market,scenarios/accelerated-technology--purchase-high-indexed--tax-adopted--index-cpi-indexed--gdp-on--electricity-north-reduction--ets2-high-market.json,accelerated_technology,False,high_indexed,adopted,cpi_indexed,on,north_reduction,high_market,0.2499878732,0.0668584257,0.3980438943,0.1956536789,0.0894561278,0.1008415501,0.0321413012,0.6813320488,0.1423852521,0.0432998477,0.0398279852,0.0134245006,0.8619524069,0.0666596665,0.0181354408,0.523835116,-0.1512444484,-0.1956104854,-0.1764192887,-0.0005608935,-3.8728509963,-0.8273940732,6.1332048737,-0.3424186206,-1.0905411836,-2.500536881,-0.5149418503,4.195240766,-0.4751917488,-0.7045702859
accelerated-technology--purchase-high-indexed--tax-adopted--index-cpi-indexed--gdp-on--electricity-north-reduction--ets2-off,scenarios/accelerated-technology--purchase-high-indexed--tax-adopted--index-cpi-indexed--gdp-on--electricity-north-reduction--ets2-off.json,accelerated_technology,False,high_indexed,adopted,cpi_indexed,on,north_reduction,off,0.2499878732,0.0668584257,0.3980438943,0.1956536789,0.0894561278,0.1288310553,0.0369809342,0.6522557852,0.1338962427,0.0480359825,0.0561123643,0.0166204064,0.8418875793,0.063964658,0.0214149919,0.523835116,-0.1512444484,-0.1956104854,-0.1764192887,-0.0005608935,-1.0739004699,-0.3434307756,3.2255785144,-1.1913195595,-0.6169277093,-0.8720989737,-0.1953512642,2.1887580082,-0.7446925989,-0.3766151713
accelerated-technology--purchase-high-indexed--tax-adopted--index-cpi-indexed--gdp-on--electricity-industrial--ets2-adopted,scenarios/accelerated-technology--purchase-high-indexed--tax-adopted--index-cpi-indexed--gdp-on--electricity-industrial--ets2-adopted.json,accelerated_technology,False,high_indexed,adopted,cpi_indexed,on,industrial,adopted,0.2452880044,0.0656014614,0.4043249808,0.196565516,0.0882200373,0.1104169417,0.0334625734,0.6735026778,0.1380554553,0.0445623519,0.0458571653,0.0144733182,0.8555532821,0.0649011071,0.0192151273,0.0538482344,-0.2769408776,0.4324981609,-0.0852355769,-0.1241699408,-2.9153118381,-0.6952668597,5.3502677707,-0.7753983046,-0.9642907684,-1.8976188702,-0.4100600881,3.5553282881,-0.651047695,-0.5966016348
accelerated-technology--purchase-high-indexed--tax-adopted--index-cpi-indexed--gdp-on--electricity-industrial--ets2-high-market,scenarios/accelerated-technology--purchase-high-indexed--tax-adopted--index-cpi-indexed--gdp-on--electricity-industrial--ets2-high-market.json,accelerated_technology,False,high_indexed,adopted,cpi_indexed,on,industrial,high_market,0.2452880044,0.0656014614,0.4043249808,0.196565516,0.0882200373,0.0980346798,0.0312466654,0.6866785195,0.1417317583,0.0423083769,0.038529799,0.0129869313,0.8648210476,0.0660288126,0.0176334096,0.0538482344,-0.2769408776,0.4324981609,-0.0852355769,-0.1241699408,-4.1535380193,-0.916857654,6.6678519387,-0.4077680022,-1.1896882633,-2.6303555033,-0.5586987754,4.4821048311,-0.5382771467,-0.7547734056
accelerated-technology--purchase-high-indexed--tax-adopted--index-cpi-indexed--gdp-on--electricity-industrial--ets2-off,scenarios/accelerated-technology--purchase-high-indexed--tax-adopted--index-cpi-indexed--gdp-on--electricity-industrial--ets2-off.json,accelerated_technology,False,high_indexed,adopted,cpi_indexed,on,industrial,off,0.2452880044,0.0656014614,0.4043249808,0.196565516,0.0882200373,0.1254568686,0.0360123745,0.6580082814,0.1335070543,0.0470154211,0.0543671243,0.0161034687,0.8452180717,0.0634570416,0.0208542936,0.0538482344,-0.2769408776,0.4324981609,-0.0852355769,-0.1241699408,-1.4113191386,-0.4402867515,3.800828134,-1.2302383999,-0.718983844,-1.0466229655,-0.2470450346,2.5218072484,-0.7954542427,-0.4326850056
accelerated-technology--purchase-high-indexed--tax-adopted--index-cpi-indexed--gdp-on--electricity-vat-reduced--ets2-adopted,scenarios/accelerated-technology--purchase-high-indexed--tax-adopted--index-cpi-indexed--gdp-on--electricity-vat-reduced--ets2-adopted.json,accelerated_technology,False,high_indexed,adopted,cpi_indexed,on,vat_reduced,adopted,0.2412337957,0.0645171768,0.4097863607,0.197318814,0.0871438528,0.1078008644,0.0326697541,0.6782563356,0.1375749702,0.0436980757,0.0445817468,0.0140707739,0.8581822529,0.0644022894,0.0187629371,-0.351572643,-0.3853693437,0.9786361574,-0.0099057779,-0.2317883929,-3.1769195641,-0.774548785,5.8256335507,-0.8234468151,-1.0507183865,-2.0251607242,-0.4503145134,3.818225362,-0.7009294635,-0.6418206608
accelerated-technology--purchase-high-indexed--tax-adopted--index-cpi-indexed--gdp-on--electricity-vat-reduced--ets2-high-market,scenarios/accelerated-technology--purchase-high-indexed--tax-adopted--index-cpi-indexed--gdp-on--electricity-vat-reduced--ets2-high-market.json,accelerated_technology,False,high_indexed,adopted,cpi_indexed,on,vat_reduced,high_market,0.2412337957,0.0645171768,0.4097863607,0.197318814,0.0871438528,0.0956472305,0.0304857119,0.691264363,0.1411429417,0.0414597529,0.0374340191,0.0126175856,0.8672619835,0.0654790738,0.017207338,-0.351572643,-0.3853693437,0.9786361574,-0.0099057779,-0.2317883929,-4.3922829573,-0.9929530032,7.1264362963,-0.4666496644,-1.2745506714,-2.7399334862,-0.5956333501,4.7261984239,-0.5932510251,-0.7973805626
accelerated-technology--purchase-high-indexed--tax-adopted--index-cpi-indexed--gdp-on--electricity-vat-reduced--ets2-off,scenarios/accelerated-technology--purchase-high-indexed--tax-adopted--index-cpi-indexed--gdp-on--electricity-vat-reduced--ets2-off.json,accelerated_technology,False,high_indexed,adopted,cpi_indexed,on,vat_reduced,off,0.2412337957,0.0645171768,0.4097863607,0.197318814,0.0871438528,0.1225797034,0.0351864846,0.6629485334,0.1331458584,0.0461394202,0.0528909837,0.0156662378,0.8480532249,0.0630121689,0.0203773847,-0.351572643,-0.3853693437,0.9786361574,-0.0099057779,-0.2317883929,-1.6990356662,-0.5228757356,4.2948533368,-1.2663579976,-0.8065839374,-1.194237033,-0.2907681218,2.8053225619,-0.8399415135,-0.4803758936
accelerated-technology--purchase-high-indexed--tax-plus30--index-adopted--gdp-off--electricity-adopted--ets2-adopted,scenarios/accelerated-technology--purchase-high-indexed--tax-plus30--index-adopted--gdp-off--electricity-adopted--ets2-adopted.json,accelerated_technology,False,high_indexed,plus30,adopted,off,adopted,adopted,0.2209646016,0.0685288671,0.4162253373,0.2069431966,0.0873379974,0.1080213676,0.0342876138,0.6725022312,0.1402977374,0.04489105,0.0484072849,0.0151086751,0.8508264771,0.065639893,0.0200176699,-2.3784920463,0.0157996852,1.6225338169,0.9525324775,-0.2123739333,-3.1548692438,-0.6127628144,5.2502231077,-0.5511700892,-0.9314209603,-1.6426069056,-0.3465243988,3.0826477836,-0.5771691009,-0.5163473783
accelerated-technology--purchase-high-indexed--tax-plus30--index-adopted--gdp-off--electricity-adopted--ets2-high-market,scenarios/accelerated-technology--purchase-high-indexed--tax-plus30--index-adopted--gdp-off--electricity-adopted--ets2-high-market.json,accelerated_technology,False,high_indexed,plus30,adopted,off,adopted,high_market,0.2209646016,0.0685288671,0.4162253373,0.2069431966,0.0873379974,0.096386914,0.0320550322,0.6850388268,0.1438246583,0.0426945687,0.0406695361,0.0135737969,0.8605072529,0.0668665978,0.0183828163,-2.3784920463,0.0157996852,1.6225338169,0.9525324775,-0.2123739333,-4.3183146039,-0.8360209803,6.5038826763,-0.198478007,-1.1510690851,-2.4163817885,-0.500012217,4.0507253675,-0.4544986238,-0.6798327381
accelerated-technology--purchase-high-indexed--tax-plus30--index-adopted--gdp-off--electricity-adopted--ets2-off,scenarios/accelerated-technology--purchase-high-indexed--tax-plus30--index-adopted--gdp-off--electricity-adopted--ets2-off.json,accelerated_technology,False,high_indexed,plus30,adopted,off,adopted,off,0.2209646016,0.0685288671,0.4162253373,0.2069431966,0.0873379974,0.1220309848,0.0368546715,0.6578709183,0.1359662323,0.0472771931,0.0573976537,0.0167876441,0.8400188614,0.0640870835,0.0217087573,-2.3784920463,0.0157996852,1.6225338169,0.9525324775,-0.2123739333,-1.7539075237,-0.3560570433,3.7870918211,-0.9843206058,-0.6928066484,-0.7435700288,-0.1786274961,2.0018862149,-0.7324500566,-0.3472386334
accelerated-technology--purchase-high-indexed--tax-plus30--index-adopted--gdp-off--electricity-north-reduction--ets2-adopted,scenarios/accelerated-technology--purchase-high-indexed--tax-plus30--index-adopted--gdp-off--electricity-north-reduction--ets2-adopted.json,accelerated_technology,False,high_indexed,plus30,adopted,off,north_reduction,adopted,0.2194639515,0.0680634629,0.4183719401,0.2072054013,0.0868952442,0.1070045475,0.0339648598,0.674380327,0.1401046859,0.0445455798,0.047876367,0.0149429672,0.8519015193,0.0654467007,0.0198324458,-2.5285570573,-0.0307407341,1.8371940986,0.9787529479,-0.2566492551,-3.2565512539,-0.6450382204,5.4380326971,-0.5704752471,-0.9659679757,-1.6956986954,-0.3630951815,3.1901520012,-0.5964883347,-0.5348697896
accelerated-technology--purchase-high-indexed--tax-plus30--index-adopted--gdp-off--electricity-north-reduction--ets2-high-market,scenarios/accelerated-technology--purchase-high-indexed--tax-plus30--index-adopted--gdp-off--electricity-north-reduction--ets2-high-market.json,accelerated_technology,False,high_indexed,plus30,adopted,off,north_reduction,high_market,0.2194639515,0.0680634629,0.4183719401,0.2072054013,0.0868952442,0.0954552578,0.0317451948,0.6868542307,0.1435901204,0.0423551963,0.0402130042,0.0134214256,0.8615051704,0.0666524253,0.0182079745,-2.5285570573,-0.0307407341,1.8371940986,0.9787529479,-0.2566492551,-4.4114802267,-0.8670047198,6.6854230609,-0.2219317911,-1.1850063233,-2.4620349803,-0.5152493505,4.1505171169,-0.4759158705,-0.6973169156
accelerated-technology--purchase-high-indexed--tax-plus30--index-adopted--gdp-off--electricity-north-reduction--ets2-off,scenarios/accelerated-technology--purchase-high-indexed--tax-plus30--index-adopted--gdp-off--electricity-north-reduction--ets2-off.json,accelerated_technology,False,high_indexed,plus30,adopted,off,north_reduction,off,0.2194639515,0.0680634629,0.4183719401,0.2072054013,0.0868952442,0.1209175111,0.0365183905,0.6598183675,0.1358187022,0.0469270287,0.0567837306,0.0166080841,0.8411783705,0.0639160194,0.0215137955,-2.5285570573,-0.0307407341,1.8371940986,0.9787529479,-0.2566492551,-1.8652548947,-0.3896851484,3.9818367462,-0.9990736148,-0.7278230883,-0.8049623384,-0.1965834956,2.1178371217,-0.749556467,-0.3667348207
accelerated-technology--purchase-high-indexed--tax-plus30--index-adopted--gdp-off--electricity-industrial--ets2-adopted,scenarios/accelerated-technology--purchase-high-indexed--tax-plus30--index-adopted--gdp-off--electricity-industrial--ets2-adopted.json,accelerated_technology,False,high_indexed,plus30,adopted,off,industrial,adopted,0.2150971858,0.0667091758,0.4246565803,0.2079383293,0.0855987289,0.104070494,0.0330335469,0.6798306833,0.1395211304,0.0435441454,0.0463524143,0.0144673176,0.8550030942,0.064878511,0.0192986629,-2.9652336299,-0.1661694434,2.4656581154,1.0520457451,-0.3863007871,-3.5499566028,-0.7381695102,5.9830683265,-0.6288307932,-1.0661114202,-1.8480939698,-0.4106601438,3.5003094942,-0.6533073074,-0.5882480732
accelerated-technology--purchase-high-indexed--tax-plus30--index-adopted--gdp-off--electricity-industrial--ets2-high-market,scenarios/accelerated-technology--purchase-high-indexed--tax-plus30--index-adopted--gdp-off--electricity-industrial--ets2-high-market.json,accelerated_technology,False,high_indexed,plus30,adopted,off,industrial,high_market,0.2150971858,0.0667091758,0.4246565803,0.2079383293,0.0855987289,0.0927690658,0.0308518581,0.6921207125,0.1428860507,0.041372313,0.0389035177,0.0129843735,0.8643838446,0.0660237602,0.017704504,-2.9652336299,-0.1661694434,2.4656581154,1.0520457451,-0.3863007871,-4.6800994209,-0.9563383913,7.212071239,-0.2923387684,-1.2832946584,-2.5929836279,-0.5589545538,4.4383845318,-0.5387823822,-0.7476639679
accelerated-technology--purchase-high-indexed--tax-plus30--index-adopted--gdp-off--electricity-industrial--ets2-off,scenarios/accelerated-technology--purchase-high-indexed--tax-plus30--index-adopted--gdp-off--electricity-industrial--ets2-off.json,accelerated_technology,False,high_indexed,plus30,adopted,off,industrial,off,0.2150971858,0.0667091758,0.4246565803,0.2079383293,0.0855987289,0.1177016576,0.0355471681,0.6654725781,0.1353676534,0.0459109427,0.0550201723,0.0160922792,0.8445243197,0.0634117426,0.0209514861,-2.9652336299,-0.1661694434,2.4656581154,1.0520457451,-0.3863007871,-2.1868402389,-0.4868073855,4.5472578058,-1.0441784931,-0.8294316883,-0.9813181687,-0.2481639824,2.4524320449,-0.7999841388,-0.422965755
accelerated-technology--purchase-high-indexed--tax-plus30--index-adopted--gdp-off--electricity-vat-reduced--ets2-adopted,scenarios/accelerated-technology--purchase-high-indexed--tax-plus30--index-adopted--gdp-off--electricity-vat-reduced--ets2-adopted.json,accelerated_technology,False,high_indexed,plus30,adopted,off,vat_reduced,adopted,0.2113368843,0.0655429745,0.4301147635,0.208532835,0.0844725427,0.1015733004,0.0322408999,0.6845069466,0.1389924659,0.0426863872,0.0450647228,0.0140654088,0.857642722,0.0643820118,0.0188451346,-3.3412637815,-0.282789572,3.0114764329,1.1114963232,-0.4989194025,-3.7996759605,-0.8174342066,6.4506946564,-0.6816972469,-1.1518872423,-1.9768631228,-0.450851022,3.7642722728,-0.7029572252,-0.6336009028
accelerated-technology--purchase-high-indexed--tax-plus30--index-adopted--gdp-off--electricity-vat-reduced--ets2-high-market,scenarios/accelerated-technology--purchase-high-indexed--tax-plus30--index-adopted--gdp-off--electricity-vat-reduced--ets2-high-market.json,accelerated_technology,False,high_indexed,plus30,adopted,off,vat_reduced,high_market,0.2113368843,0.0655429745,0.4301147635,0.208532835,0.0844725427,0.0904853245,0.0300923628,0.6966369536,0.1422538806,0.0405314785,0.0377981519,0.0126154485,0.8668333392,0.0654758694,0.0172771911,-3.3412637815,-0.282789572,3.0114764329,1.1114963232,-0.4989194025,-4.9084735576,-1.032287916,7.6636953533,-0.3555557695,-1.3673781102,-2.7035202095,-0.5958470599,4.6833339931,-0.593571467,-0.7903952567
accelerated-technology--purchase-high-indexed--tax-plus30--index-adopted--gdp-off--electricity-vat-reduced--ets2-off,scenarios/accelerated-technology--purchase-high-indexed--tax-plus30--index-adopted--gdp-off--electricity-vat-reduced--ets2-off.json,accelerated_technology,False,high_indexed,plus30,adopted,off,vat_reduced,off,0.2113368843,0.0655429745,0.4301147635,0.208532835,0.0844725427,0.1149611948,0.0347195188,0.6703267724,0.1349531157,0.0450393983,0.0535284443,0.0156559792,0.8473726926,0.0629697094,0.0204731745,-3.3412637815,-0.282789572,3.0114764329,1.1114963232,-0.4989194025,-2.4608865194,-0.5695723133,5.0326772306,-1.0856322664,-0.9165861315,-1.1304909696,-0.2917939869,2.7372693315,-0.8441874605,-0.4707969144
accelerated-technology--purchase-high-indexed--tax-plus30--index-adopted--gdp-on--electricity-adopted--ets2-adopted,scenarios/accelerated-technology--purchase-high-indexed--tax-plus30--index-adopted--gdp-on--electricity-adopted--ets2-adopted.json,accelerated_technology,False,high_indexed,plus30,adopted,on,adopted,adopted,0.2194546872,0.0685221694,0.4172810066,0.2075557806,0.0871863563,0.1040807964,0.0340585417,0.6764279765,0.1411834236,0.0442492618,0.0448004772,0.014824008,0.8550371892,0.0659900805,0.0193482452,-2.5294834894,0.0151299183,1.7281007386,1.0137908796,-0.2275380471,-3.5489263626,-0.6356700253,5.6427976388,-0.4626014767,-0.9955997742,-2.0032876804,-0.3749911112,3.5037189943,-0.5421503558,-0.5832898469
accelerated-technology--purchase-high-indexed--tax-plus30--index-adopted--gdp-on--electricity-adopted--ets2-high-market,scenarios/accelerated-technology--purchase-high-indexed--tax-plus30--index-adopted--gdp-on--electricity-adopted--ets2-high-market.json,accelerated_technology,False,high_indexed,plus30,adopted,on,adopted,high_market,0.2194546872,0.0685221694,0.4172810066,0.2075557806,0.0871863563,0.0930964691,0.0318414013,0.6884350855,0.1445237998,0.0421032442,0.0379241196,0.0133343287,0.8638677887,0.0670621656,0.0178115974,-2.5294834894,0.0151299183,1.7281007386,1.0137908796,-0.2275380471,-4.647359091,-0.8573840648,6.8435085427,-0.1285638503,-1.2102015367,-2.6909234436,-0.5239590379,4.3867789483,-0.4349418448,-0.7369546219
accelerated-technology--purchase-high-indexed--tax-plus30--index-adopted--gdp-on--electricity-adopted--ets2-off,scenarios/accelerated-technology--purchase-high-indexed--tax-plus30--index-adopted--gdp-on--electricity-adopted--ets2-off.json,accelerated_technology,False,high_indexed,plus30,adopted,on,adopted,off,0.2194546872,0.0685221694,0.4172810066,0.2075557806,0.0871863563,0.11725116,0.0366103087,0.6624693497,0.1370868937,0.0465822878,0.0526862711,0.0164506743,0.8453001208,0.0646313964,0.0209315374,-2.5294834894,0.0151299183,1.7281007386,1.0137908796,-0.2275380471,-2.2318900042,-0.380493326,4.2469349656,-0.8722544616,-0.7622971738,-1.2147082905,-0.2123244717,2.5300121524,-0.6780187679,-0.4249606223
accelerated-technology--purchase-high-indexed--tax-plus30--index-adopted--gdp-on--electricity-north-reduction--ets2-adopted,scenarios/accelerated-technology--purchase-high-indexed--tax-plus30--index-adopted--gdp-on--electricity-north-reduction--ets2-adopted.json,accelerated_technology,False,high_indexed,plus30,adopted,on,north_reduction,adopted,0.2179598962,0.0680554383,0.4194274722,0.2078145708,0.0867426226,0.103093286,0.033735397,0.6782873915,0.1409785096,0.0439054159,0.0443044565,0.0146598799,0.8560795292,0.0657889358,0.0191671987,-2.6789625913,-0.0315431898,1.9427473008,1.0396698972,-0.2719114168,-3.6476774,-0.6679845006,5.8287391433,-0.4830928766,-1.0299843661,-2.0528897517,-0.3914039163,3.6079529918,-0.5622648269,-0.6013944968
accelerated-technology--purchase-high-indexed--tax-plus30--index-adopted--gdp-on--electricity-north-reduction--ets2-high-market,scenarios/accelerated-technology--purchase-high-indexed--tax-plus30--index-adopted--gdp-on--electricity-north-reduction--ets2-high-market.json,accelerated_technology,False,high_indexed,plus30,adopted,on,north_reduction,high_market,0.2179598962,0.0680554383,0.4194274722,0.2078145708,0.0867426226,0.0921905034,0.0315315376,0.6902336038,0.144278553,0.0417658022,0.0374951113,0.013183487,0.86483927,0.0668414932,0.0176406385,-2.6789625913,-0.0315431898,1.9427473008,1.0396698972,-0.2719114168,-4.7379556655,-0.8883704375,7.0233603772,-0.1530885333,-1.2439457409,-2.7338242729,-0.5390432051,4.4839270777,-0.457009083,-0.7540505168
accelerated-technology--purchase-high-indexed--tax-plus30--index-adopted--gdp-on--electricity-north-reduction--ets2-off,scenarios/accelerated-technology--purchase-high-indexed--tax-plus30--index-adopted--gdp-on--electricity-north-reduction--ets2-off.json,accelerated_technology,False,high_indexed,plus30,adopted,on,north_reduction,off,0.2179598962,0.0680554383,0.4194274722,0.2078145708,0.0867426226,0.1161712224,0.0362731108,0.6643961373,0.1369262697,0.0462332598,0.0521162073,0.0162726786,0.8464193592,0.0644507995,0.0207409555,-2.6789625913,-0.0315431898,1.9427473008,1.0396698972,-0.2719114168,-2.3398837645,-0.4142131195,4.4396137259,-0.8883168596,-0.7971999823,-1.2717146722,-0.2301240503,2.6419359923,-0.6960784488,-0.444018821
accelerated-technology--purchase-high-indexed--tax-plus30--index-adopted--gdp-on--electricity-industrial--ets2-adopted,scenarios/accelerated-technology--purchase-high-indexed--tax-plus30--index-adopted--gdp-on--electricity-industrial--ets2-adopted.json,accelerated_technology,False,high_indexed,plus30,adopted,on,industrial,adopted,0.2136104668,0.0666973797,0.4257114431,0.2085373621,0.0854433483,0.1002444738,0.0328031751,0.6836828938,0.1403605033,0.0429089539,0.0428810917,0.0141889034,0.8590865418,0.0651978427,0.0186456204,-3.113905525,-0.1673490537,2.5711443928,1.1119490289,-0.4018388429,-3.9325586223,-0.7612066831,6.3682893684,-0.5448934988,-1.1296305643,-2.1952262301,-0.4385015639,3.908654253,-0.6213741355,-0.6535523235
accelerated-technology--purchase-high-indexed--tax-plus30--index-adopted--gdp-on--electricity-industrial--ets2-high-market,scenarios/accelerated-technology--purchase-high-indexed--tax-plus30--index-adopted--gdp-on--electricity-industrial--ets2-high-market.json,accelerated_technology,False,high_indexed,plus30,adopted,on,industrial,high_market,0.2136104668,0.0666973797,0.4257114431,0.2085373621,0.0854433483,0.0895789195,0.0306383083,0.6954505956,0.1435434419,0.0407887348,0.0362648741,0.0127509289,0.8676415676,0.0661941507,0.0171484788,-3.113905525,-0.1673490537,2.5711443928,1.1119490289,-0.4018388429,-4.9991140569,-0.9776933649,7.5450595507,-0.2265996464,-1.3416524825,-2.8568479931,-0.5822990206,4.7641568322,-0.521743332,-0.8032664865
accelerated-technology--purchase-high-indexed--tax-plus30--index-adopted--gdp-on--electricity-industrial--ets2-off,scenarios/accelerated-technology--purchase-high-indexed--tax-plus30--index-adopted--gdp-on--electricity-industrial--ets2-off.json,accelerated_technology,False,high_indexed,plus30,adopted,on,industrial,off,0.2136104668,0.0666973797,0.4257114431,0.2085373621,0.0854433483,0.113053068,0.0352995034,0.6699895343,0.1364371109,0.0452207834,0.0504792144,0.0157615466,0.8496487416,0.0639190098,0.0201914876,-3.113905525,-0.1673490537,2.5711443928,1.1119490289,-0.4018388429,-2.6516992067,-0.5115738586,4.9989534235,-0.9372327449,-0.8984476132,-1.435413959,-0.2812372455,2.9648742318,-0.749257424,-0.4989656034
accelerated-technology--purchase-high-indexed--tax-plus30--index-adopted--gdp-on--electricity-vat-reduced--ets2-adopted,scenarios/accelerated-technology--purchase-high-indexed--tax-plus30--index-adopted--gdp-on--electricity-vat-reduced--ets2-adopted.json,accelerated_technology,False,high_indexed,plus30,adopted,on,vat_reduced,adopted,0.2098654377,0.065528038,0.4311687237,0.2091229003,0.0843149003,0.0978206161,0.0320100119,0.6883113436,0.1398022611,0.0420557672,0.0416788835,0.0137911054,0.8616454512,0.0646819039,0.018202656,-3.4884084344,-0.2842832241,3.1168724557,1.1705028449,-0.5146836421,-4.1749443924,-0.8405230042,6.8311343542,-0.6007177203,-1.2149492374,-2.3154470447,-0.4782813704,4.1645451942,-0.6729680149,-0.6978487642
accelerated-technology--purchase-high-indexed--tax-plus30--index-adopted--gdp-on--electricity-vat-reduced--ets2-high-market,scenarios/accelerated-technology--purchase-high-indexed--tax-plus30--index-adopted--gdp-on--electricity-vat-reduced--ets2-high-market.json,accelerated_technology,False,high_indexed,plus30,adopted,on,vat_reduced,high_market,0.2098654377,0.065528038,0.4311687237,0.2091229003,0.0843149003,0.087359239,0.0298791202,0.699923807,0.1428846921,0.0399531417,0.0352267575,0.0123859214,0.8700259446,0.0656304582,0.0167309182,-3.4884084344,-0.2842832241,3.1168724557,1.1705028449,-0.5146836421,-5.2210821069,-1.0536121815,7.9923806933,-0.2924746212,-1.4252117837,-2.9606596454,-0.6187997676,5.0025945364,-0.5781125814,-0.8450225419
accelerated-technology--purchase-high-indexed--tax-plus30--index-adopted--gdp-on--electricity-vat-reduced--ets2-off,scenarios/accelerated-technology--purchase-high-indexed--tax-plus30--index-adopted--gdp-on--electricity-vat-reduced--ets2-off.json,accelerated_technology,False,high_indexed,plus30,adopted,on,vat_reduced,off,0.2098654377,0.065528038,0.4311687237,0.2091229003,0.0843149003,0.1103968558,0.0344701321,0.6747905519,0.1359897551,0.0443527052,0.0490952167,0.0153294094,0.8523974741,0.0634535548,0.019724345,-3.4884084344,-0.2842832241,3.1168724557,1.1705028449,-0.5146836421,-2.9173204268,-0.5945109901,5.4790551777,-0.9819683213,-0.9852554396,-1.5738137324,-0.3244509623,3.2397474804,-0.7958029203,-0.5456798654
accelerated-technology--purchase-high-indexed--tax-plus30--index-cpi-indexed--gdp-off--electricity-adopted--ets2-adopted,scenarios/accelerated-technology--purchase-high-indexed--tax-plus30--index-cpi-indexed--gdp-off--electricity-adopted--ets2-adopted.json,accelerated_technology,False,high_indexed,plus30,cpi_indexed,off,adopted,adopted,0.2300190813,0.0673835994,0.4104857478,0.2040381042,0.0880734673,0.1056775585,0.0342663372,0.6747702121,0.1407566959,0.0445291962,0.0455394138,0.0149338908,0.8541367564,0.0658932966,0.0194966425,-1.4730440777,-0.0987270788,1.0485748595,0.6620232378,-0.1388269408,-3.3892501513,-0.6148904749,5.4770212072,-0.505274247,-0.9676063339,-1.9293940189,-0.3640028301,3.4136757125,-0.5518287439,-0.5684501197
accelerated-technology--purchase-high-indexed--tax-plus30--index-cpi-indexed--gdp-off--electricity-adopted--ets2-high-market,scenarios/accelerated-technology--purchase-high-indexed--tax-plus30--index-cpi-indexed--gdp-off--electricity-adopted--ets2-high-market.json,accelerated_technology,False,high_indexed,plus30,cpi_indexed,off,adopted,high_market,0.2300190813,0.0673835994,0.4104857478,0.2040381042,0.0880734673,0.094433328,0.0320255328,0.6870002035,0.1441800869,0.0423608488,0.0384901667,0.0134240499,0.8631464137,0.0670010431,0.0179383267,-1.4730440777,-0.0987270788,1.0485748595,0.6620232378,-0.1388269408,-4.5136732079,-0.838970913,6.7000203435,-0.1629351478,-1.1844410748,-2.6343187302,-0.5149869156,4.3146414419,-0.4410540974,-0.7242816987
accelerated-technology--purchase-high-indexed--tax-plus30--index-cpi-indexed--gdp-off--electricity-adopted--ets2-off,scenarios/accelerated-technology--purchase-high-indexed--tax-plus30--index-cpi-indexed--gdp-off--electricity-adopted--ets2-off.json,accelerated_technology,False,high_indexed,plus30,cpi_indexed,off,adopted,off,0.2300190813,0.0673835994,0.4104857478,0.2040381042,0.0880734673,0.1191819404,0.0368470296,0.6605288815,0.1365561738,0.0468859748,0.0536447762,0.0165851525,0.8441758257,0.0644904808,0.0211037647,-1.4730440777,-0.0987270788,1.0485748595,0.6620232378,-0.1388269408,-2.0388119651,-0.3568212358,4.0528881376,-0.9253264551,-0.7319284816,-1.1188577753,-0.1988766542,2.4175826481,-0.6921103213,-0.4077378973
accelerated-technology--purchase-high-indexed--tax-plus30--index-cpi-indexed--gdp-off--electricity-north-reduction--ets2-adopted,scenarios/accelerated-technology--purchase-high-indexed--tax-plus30--index-cpi-indexed--gdp-off--electricity-north-reduction--ets2-adopted.json,accelerated_technology,False,high_indexed,plus30,cpi_indexed,off,north_reduction,adopted,0.2284808794,0.0669329865,0.4126319292,0.2043180367,0.0876361683,0.1046783325,0.0339423345,0.6766376955,0.1405570127,0.0441846247,0.0450362679,0.0147688924,0.8551861919,0.0656939874,0.0193146603,-1.6268642693,-0.143788376,1.2631930051,0.6900164842,-0.182556844,-3.4891727487,-0.6472907448,5.6637695461,-0.5252425631,-1.0020634895,-1.9797086127,-0.3805026615,3.5186192692,-0.5717596598,-0.5866483352
accelerated-technology--purchase-high-indexed--tax-plus30--index-cpi-indexed--gdp-off--electricity-north-reduction--ets2-high-market,scenarios/accelerated-technology--purchase-high-indexed--tax-plus30--index-cpi-indexed--gdp-off--electricity-north-reduction--ets2-high-market.json,accelerated_technology,False,high_indexed,plus30,cpi_indexed,off,north_reduction,high_market,0.2284808794,0.0669329865,0.4126319292,0.2043180367,0.0876361683,0.0935170538,0.0317147933,0.6888060158,0.143939581,0.042022556,0.0380555045,0.0132724546,0.8641236528,0.0667818869,0.0177665012,-1.6268642693,-0.143788376,1.2631930051,0.6900164842,-0.182556844,-4.605300619,-0.8700448646,6.8806015769,-0.1869857358,-1.2182703574,-2.6777849489,-0.5301464418,4.4123653512,-0.4629697158,-0.7414642447
accelerated-technology--purchase-high-indexed--tax-plus30--index-cpi-indexed--gdp-off--electricity-north-reduction--ets2-off,scenarios/accelerated-technology--purchase-high-indexed--tax-plus30--index-cpi-indexed--gdp-off--electricity-north-reduction--ets2-off.json,accelerated_technology,False,high_indexed,plus30,cpi_indexed,off,north_reduction,off,0.2284808794,0.0669329865,0.4126319292,0.2043180367,0.0876361683,0.11808866,0.0365090243,0.6624645935,0.1364013009,0.0465364212,0.0530658158,0.0164061575,0.8453037664,0.0643120646,0.0209121956,-1.6268642693,-0.143788376,1.2631930051,0.6900164842,-0.182556844,-2.1481399986,-0.3906217703,4.2464593459,-0.9408137402,-0.7668838368,-1.1767538171,-0.2167761544,2.5303767181,-0.7099519403,-0.4268948062
accelerated-technology--purchase-high-indexed--tax-plus30--index-cpi-indexed--gdp-off--electricity-industrial--ets2-adopted,scenarios/accelerated-technology--purchase-high-indexed--tax-plus30--index-cpi-indexed--gdp-off--electricity-industrial--ets2-adopted.json,accelerated_technology,False,high_indexed,plus30,cpi_indexed,off,industrial,adopted,0.2240033087,0.0656212917,0.4189167811,0.2051035713,0.0863550472,0.1017954297,0.0330075427,0.6820568792,0.1399542034,0.0431859451,0.0435923625,0.0142953878,0.8582137163,0.0651081837,0.0187903496,-2.074621339,-0.2749578549,1.8916781924,0.768569953,-0.3106689516,-3.7774630343,-0.7407699308,6.205687913,-0.585523496,-1.1019314519,-2.1240991478,-0.4278531278,3.8213717096,-0.6303400313,-0.6390794027
accelerated-technology--purchase-high-indexed--tax-plus30--index-cpi-indexed--gdp-off--electricity-industrial--ets2-high-market,scenarios/accelerated-technology--purchase-high-indexed--tax-plus30--index-cpi-indexed--gdp-off--electricity-industrial--ets2-high-market.json,accelerated_technology,False,high_indexed,plus30,cpi_indexed,off,industrial,high_market,0.2240033087,0.0656212917,0.4189167811,0.2051035713,0.0863550472,0.0908755187,0.0308189595,0.6940443771,0.1432182177,0.041042927,0.0368089856,0.0128377116,0.8669425806,0.0661389043,0.0172718179,-2.074621339,-0.2749578549,1.8916781924,0.768569953,-0.3106689516,-4.8694541299,-0.9596282471,7.4044376984,-0.2591220608,-1.3162332607,-2.8024368359,-0.5736207443,4.6942581384,-0.5272679774,-0.7909325807
accelerated-technology--purchase-high-indexed--tax-plus30--index-cpi-indexed--gdp-off--electricity-industrial--ets2-off,scenarios/accelerated-technology--purchase-high-indexed--tax-plus30--index-cpi-indexed--gdp-off--electricity-industrial--ets2-off.json,accelerated_technology,False,high_indexed,plus30,cpi_indexed,off,industrial,off,0.2240033087,0.0656212917,0.4189167811,0.2051035713,0.0863550472,0.1149316116,0.0355329715,0.6680842453,0.1359288862,0.0455222854,0.0514031467,0.0158921164,0.8485583302,0.0637865711,0.0203598356,-2.074621339,-0.2749578549,1.8916781924,0.768569953,-0.3106689516,-2.4638448463,-0.4882270437,4.808424519,-0.9880552098,-0.8682974193,-1.3430207267,-0.2681802658,2.8558330948,-0.7625012946,-0.4821308077
accelerated-technology--purchase-high-indexed--tax-plus30--index-cpi-indexed--gdp-off--electricity-vat-reduced--ets2-adopted,scenarios/accelerated-technology--purchase-high-indexed--tax-plus30--index-cpi-indexed--gdp-off--electricity-vat-reduced--ets2-adopted.json,accelerated_technology,False,high_indexed,plus30,cpi_indexed,off,vat_reduced,adopted,0.2201457539,0.0644912292,0.4243768855,0.2057445917,0.0852415397,0.0993422214,0.0322120809,0.6867059587,0.1394090152,0.0423307238,0.042372695,0.0138954182,0.8607901276,0.0645967378,0.0183450214,-2.4603768202,-0.3879641006,2.4376886334,0.8326719911,-0.4220197037,-4.0227838616,-0.8203161118,6.6705958652,-0.6400423173,-1.1874535745,-2.2460658962,-0.4678500874,4.0790128342,-0.6814846196,-0.6836122309
accelerated-technology--purchase-high-indexed--tax-plus30--index-cpi-indexed--gdp-off--electricity-vat-reduced--ets2-high-market,scenarios/accelerated-technology--purchase-high-indexed--tax-plus30--index-cpi-indexed--gdp-off--electricity-vat-reduced--ets2-high-market.json,accelerated_technology,False,high_indexed,plus30,cpi_indexed,off,vat_reduced,high_market,0.2201457539,0.0644912292,0.4243768855,0.2057445917,0.0852415397,0.0886301042,0.0300574636,0.6985361582,0.1425712467,0.0402050273,0.0357570501,0.0124708326,0.8693411312,0.0655789041,0.016852082,-2.4603768202,-0.3879641006,2.4376886334,0.8326719911,-0.4220197037,-5.0939955825,-1.035777842,7.8536158134,-0.3238191627,-1.4000232263,-2.9076303848,-0.610308646,4.9341131905,-0.5832679908,-0.8329061688
accelerated-technology--purchase-high-indexed--tax-plus30--index-cpi-indexed--gdp-off--electricity-vat-reduced--ets2-off,scenarios/accelerated-technology--purchase-high-indexed--tax-plus30--index-cpi-indexed--gdp-off--electricity-vat-reduced--ets2-off.json,accelerated_technology,False,high_indexed,plus30,cpi_indexed,off,vat_reduced,off,0.2201457539,0.0644912292,0.4243768855,0.2057445917,0.0852415397,0.1122418319,0.0347013825,0.6729082054,0.135495956,0.0446526241,0.0499972902,0.0154574731,0.8513285779,0.0633264792,0.0198901797,-2.4603768202,-0.3879641006,2.4376886334,0.8326719911,-0.4220197037,-2.7328228145,-0.5713859445,5.290820535,-1.0313482313,-0.9552635447,-1.4836063819,-0.311644601,3.1328578644,-0.8085104852,-0.5290963964
accelerated-technology--purchase-high-indexed--tax-plus30--index-cpi-indexed--gdp-on--electricity-adopted--ets2-adopted,scenarios/accelerated-technology--purchase-high-indexed--tax-plus30--index-cpi-indexed--gdp-on--electricity-adopted--ets2-adopted.json,accelerated_technology,False,high_indexed,plus30,cpi_indexed,on,adopted,adopted,0.2285563623,0.0673760521,0.411495318,0.2046353246,0.0879369431,0.101692128,0.0340256434,0.6787720298,0.1416442274,0.0438659715,0.041847537,0.014612244,0.8585377801,0.0662257552,0.0187766837,-1.619315983,-0.0994818135,1.1495318819,0.7217452809,-0.1524793663,-3.7877932041,-0.6389598583,5.8772029692,-0.4165210969,-1.0339288099,-2.2985817029,-0.3961675065,3.8537780843,-0.5185828829,-0.640445992
accelerated-technology--purchase-high-indexed--tax-plus30--index-cpi-indexed--gdp-on--electricity-adopted--ets2-high-market,scenarios/accelerated-technology--purchase-high-indexed--tax-plus30--index-cpi-indexed--gdp-on--electricity-adopted--ets2-high-market.json,accelerated_technology,False,high_indexed,plus30,cpi_indexed,on,adopted,high_market,0.2285563623,0.0673760521,0.411495318,0.2046353246,0.0879369431,0.0910975236,0.0318023386,0.6904699351,0.144880149,0.0417500536,0.0356514494,0.0131552091,0.8666931405,0.0671780576,0.0173221434,-1.619315983,-0.0994818135,1.1495318819,0.7217452809,-0.1524793663,-4.8472536395,-0.8612903376,7.046993501,-0.0929289291,-1.2455205948,-2.918190458,-0.541870997,4.6693141272,-0.4233526422,-0.78590003
accelerated-technology--purchase-high-indexed--tax-plus30--index-cpi-indexed--gdp-on--electricity-adopted--ets2-off,scenarios/accelerated-technology--purchase-high-indexed--tax-plus30--index-cpi-indexed--gdp-on--electricity-adopted--ets2-off.json,accelerated_technology,False,high_indexed,plus30,cpi_indexed,on,adopted,off,0.2285563623,0.0673760521,0.411495318,0.2046353246,0.0879369431,0.1143609798,0.0365881009,0.665204339,0.137679419,0.0461671613,0.0488753962,0.0162012502,0.8496365842,0.0650166742,0.0202700953,-1.619315983,-0.0994818135,1.1495318819,0.7217452809,-0.1524793663,-2.520908026,-0.3827141074,4.5204338892,-0.8130019313,-0.8038098245,-1.595795783,-0.2372668897,2.9636584972,-0.6394909852,-0.4911048393
accelerated-technology--purchase-high-indexed--tax-plus30--index-cpi-indexed--gdp-on--electricity-north-reduction--ets2-adopted,scenarios/accelerated-technology--purchase-high-indexed--tax-plus30--index-cpi-indexed--gdp-on--electricity-north-reduction--ets2-adopted.json,accelerated_technology,False,high_indexed,plus30,cpi_indexed,on,north_reduction,adopted,0.2270235587,0.0669241974,0.4136414912,0.2049121201,0.0874986325,0.1007228173,0.0337013172,0.6806203139,0.1414323765,0.0435231751,0.0413805565,0.0144491847,0.8595528531,0.0660180626,0.0185993431,-1.7725963377,-0.144667277,1.3641492041,0.749424831,-0.1963104204,-3.8847242776,-0.6713924782,6.0620313841,-0.4377061813,-1.068208447,-2.3452797465,-0.4124734413,3.9552853877,-0.539352146,-0.658180054
accelerated-technology--purchase-high-indexed--tax-plus30--index-cpi-indexed--gdp-on--electricity-north-reduction--ets2-high-market,scenarios/accelerated-technology--purchase-high-indexed--tax-plus30--index-cpi-indexed--gdp-on--electricity-north-reduction--ets2-high-market.json,accelerated_technology,False,high_indexed,plus30,cpi_indexed,on,north_reduction,high_market,0.2270235587,0.0669241974,0.4136414912,0.2049121201,0.0874986325,0.0902074948,0.0314916277,0.6922583885,0.1446286608,0.0414138282,0.035245535,0.0130054287,0.8676423907,0.0669520361,0.0171546094,-1.7725963377,-0.144667277,1.3641492041,0.749424831,-0.1963104204,-4.9362565192,-0.8923614316,7.2258388421,-0.118077756,-1.2791431354,-2.9587818968,-0.5568490379,4.7642391496,-0.4459547918,-0.8026534232
accelerated-technology--purchase-high-indexed--tax-plus30--index-cpi-indexed--gdp-on--electricity-north-reduction--ets2-off,scenarios/accelerated-technology--purchase-high-indexed--tax-plus30--index-cpi-indexed--gdp-on--electricity-north-reduction--ets2-off.json,accelerated_technology,False,high_indexed,plus30,cpi_indexed,on,north_reduction,off,0.2270235587,0.0669241974,0.4136414912,0.2049121201,0.0874986325,0.1133019005,0.0362492642,0.6671188134,0.1375111082,0.0458189137,0.0483415142,0.0160242786,0.8507225438,0.0648282263,0.020083437,-1.7725963377,-0.144667277,1.3641492041,0.749424831,-0.1963104204,-2.6268159499,-0.4165977783,4.7118813287,-0.8298330156,-0.8386345849,-1.6491839757,-0.2549640448,3.0722544586,-0.6583357736,-0.5097706646
accelerated-technology--purchase-high-indexed--tax-plus30--index-cpi-indexed--gdp-on--electricity-industrial--ets2-adopted,scenarios/accelerated-technology--purchase-high-indexed--tax-plus30--index-cpi-indexed--gdp-on--electricity-industrial--ets2-adopted.json,accelerated_technology,False,high_indexed,plus30,cpi_indexed,on,industrial,adopted,0.2225619843,0.0656089715,0.4199260604,0.2056883283,0.0862146555,0.0979268928,0.0327658158,0.6859831406,0.1407942418,0.0425299091,0.0400408556,0.0139813904,0.8624810457,0.0654081313,0.018088577,-2.2187537755,-0.2761898759,1.9926061254,0.8270456529,-0.3247081268,-4.1643167227,-0.7649426185,6.5983140494,-0.5015196581,-1.1675350501,-2.4792498352,-0.4592528641,4.2481046435,-0.6003452753,-0.7092566688
accelerated-technology--purchase-high-indexed--tax-plus30--index-cpi-indexed--gdp-on--electricity-industrial--ets2-high-market,scenarios/accelerated-technology--purchase-high-indexed--tax-plus30--index-cpi-indexed--gdp-on--electricity-industrial--ets2-high-market.json,accelerated_technology,False,high_indexed,plus30,cpi_indexed,on,industrial,high_market,0.2225619843,0.0656089715,0.4199260604,0.2056883283,0.0862146555,0.0876421612,0.0305960642,0.6974458859,0.1438754733,0.0404404154,0.0340817643,0.012576003,0.8703804754,0.06628934,0.0166724172,-2.2187537755,-0.2761898759,1.9926061254,0.8270456529,-0.3247081268,-5.1927898851,-0.9819177734,7.744588586,-0.193396507,-1.3764844205,-3.0751589667,-0.599791603,5.0380476201,-0.5122244063,-0.8508726441
accelerated-technology--purchase-high-indexed--tax-plus30--index-cpi-indexed--gdp-on--electricity-industrial--ets2-off,scenarios/accelerated-technology--purchase-high-indexed--tax-plus30--index-cpi-indexed--gdp-on--electricity-industrial--ets2-off.json,accelerated_technology,False,high_indexed,plus30,cpi_indexed,on,industrial,off,0.2225619843,0.0656089715,0.4199260604,0.2056883283,0.0862146555,0.1102444558,0.03527108,0.6726759835,0.1369995969,0.0448088838,0.0468088696,0.0155162365,0.8538556405,0.0642738015,0.0195454519,-2.2187537755,-0.2761898759,1.9926061254,0.8270456529,-0.3247081268,-2.9325604257,-0.5144161929,5.2675983407,-0.8809841429,-0.9396375792,-1.8024484391,-0.3057682553,3.3855641267,-0.7137782549,-0.5635691775
accelerated-technology--purchase-high-indexed--tax-plus30--index-cpi-indexed--gdp-on--electricity-vat-reduced--ets2-adopted,scenarios/accelerated-technology--purchase-high-indexed--tax-plus30--index-cpi-indexed--gdp-on--electricity-vat-reduced--ets2-adopted.json,accelerated_technology,False,high_indexed,plus30,cpi_indexed,on,vat_reduced,adopted,0.218718549,0.0644759665,0.4253856086,0.2063210814,0.0850987945,0.0955484867,0.0319700138,0.6905831192,0.140218739,0.0416796413,0.0389096989,0.0135864153,0.8649727039,0.0648762274,0.0176549545,-2.6030973042,-0.3894903737,2.5385609422,0.8903209582,-0.4362942225,-4.4021573303,-0.8445228166,7.0583119095,-0.5590699319,-1.2525618308,-2.5923655075,-0.4987503811,4.4972704633,-0.653535659,-0.7526189158
accelerated-technology--purchase-high-indexed--tax-plus30--index-cpi-indexed--gdp-on--electricity-vat-reduced--ets2-high-market,scenarios/accelerated-technology--purchase-high-indexed--tax-plus30--index-cpi-indexed--gdp-on--electricity-vat-reduced--ets2-high-market.json,accelerated_technology,False,high_indexed,plus30,cpi_indexed,on,vat_reduced,high_market,0.218718549,0.0644759665,0.4253856086,0.2063210814,0.0850987945,0.0854621546,0.0298350193,0.7018934592,0.1432012635,0.0396081034,0.0331000169,0.0122137431,0.8727101226,0.0657126781,0.0162634394,-2.6030973042,-0.3894903737,2.5385609422,0.8903209582,-0.4362942225,-5.4107905432,-1.0580222652,8.1893459117,-0.2608174813,-1.4597156219,-3.1733337089,-0.6360175989,5.2710123305,-0.5698905973,-0.8917704253
accelerated-technology--purchase-high-indexed--tax-plus30--index-cpi-indexed--gdp-on--electricity-vat-reduced--ets2-off,scenarios/accelerated-technology--purchase-high-indexed--tax-plus30--index-cpi-indexed--gdp-on--electricity-vat-reduced--ets2-off.json,accelerated_technology,False,high_indexed,plus30,cpi_indexed,on,vat_reduced,off,0.218718549,0.0644759665,0.4253856086,0.2063210814,0.0850987945,0.1076405307,0.0344379928,0.6774453407,0.136533017,0.0439431188,0.0455136181,0.0150868856,0.8565221182,0.0637891066,0.0190882715,-2.6030973042,-0.3894903737,2.5385609422,0.8903209582,-0.4362942225,-3.1929529366,-0.5977249183,5.7445340642,-0.9276421346,-1.0262140747,-1.931973591,-0.3487033423,3.6522118907,-0.7622477383,-0.6092872192
